# https://github.com/mikedh/trimesh
v -0.00523276 -0.31049348 0.72195389
v 0.00521952 -0.31043270 0.75361453
v -0.00523276 -0.31043270 0.75361453
v -0.01580657 -0.31006803 0.74308756
v -0.01580657 -0.31006803 0.14233292
v -0.00523276 -0.31043270 0.06856440
v 0.00521952 -0.31043270 0.06856440
v 0.01579333 -0.31012881 0.73248086
v 0.01579333 -0.31006803 0.75361453
v 0.00521952 -0.31018960 0.76414150
v -0.00523276 -0.31018960 0.76414150
v -0.01580657 -0.30982490 0.76414150
v -0.01580657 -0.31000725 0.75361453
v -0.02631961 -0.30933863 0.74308756
v -0.02631961 -0.30933863 0.28986989
v -0.02631961 -0.30927788 0.04751052
v -0.01580657 -0.31000725 0.04751052
v -0.00523276 -0.31037192 0.03690377
v 0.00521952 -0.31037192 0.03690377
v 0.01579333 -0.31006803 0.05803743
v 0.01579333 -0.31012881 0.28986989
v 0.02630638 -0.30939942 0.73248086
v 0.02630638 -0.30933863 0.75361453
v 0.01579333 -0.30982490 0.76414150
v 0.01579333 -0.30763676 0.77275447
v 0.00521952 -0.30781911 0.77299371
v -0.00523276 -0.30781911 0.77299371
v -0.01580657 -0.30763676 0.77275447
v -0.02631961 -0.30721131 0.77219621
v -0.03683266 -0.30666429 0.77123922
v -0.02631961 -0.30903475 0.76414150
v -0.02631961 -0.30927788 0.75361453
v -0.03683266 -0.30818381 0.74308756
v -0.03683266 -0.30824460 0.40574625
v -0.03683266 -0.30824460 0.39529903
v -0.03683266 -0.30812303 0.04751052
v -0.02631961 -0.30921710 0.02637680
v -0.03683266 -0.30818381 0.19504750
v -0.01580657 -0.30994646 0.02637680
v -0.00523276 -0.31031113 0.02637680
v 0.00521952 -0.31031113 0.02637680
v 0.01579333 -0.31000725 0.03690377
v 0.02630638 -0.30933863 0.04751052
v 0.02630638 -0.30939942 0.23723510
v 0.03688019 -0.30830538 0.73248086
v 0.03688019 -0.30824460 0.75361453
v 0.02630638 -0.30909553 0.76414150
v 0.02630638 -0.30727210 0.77227596
v 0.01579333 -0.30338209 0.77801796
v 0.00521952 -0.30362523 0.77825719
v -0.00523276 -0.30356444 0.77825719
v -0.01580657 -0.30338209 0.77801796
v -0.02631961 -0.30295664 0.77745969
v -0.04509725 -0.30611724 0.77028221
v -0.03683266 -0.30240959 0.77650271
v -0.03683266 -0.30787990 0.76414150
v -0.03683266 -0.30812303 0.75361453
v -0.04740648 -0.30666429 0.75361453
v -0.04740648 -0.30666429 0.10014531
v -0.04740648 -0.30660351 0.03690377
v -0.03683266 -0.30806225 0.02637680
v -0.02631961 -0.30873083 0.01584983
v -0.01580657 -0.30952098 0.01584983
v -0.00523276 -0.30988568 0.01584983
v 0.01579333 -0.30994646 0.02637680
v 0.00521952 -0.30988568 0.01584983
v 0.02630638 -0.30927788 0.02637680
v 0.03688019 -0.30824460 0.05803743
v 0.03688019 -0.30830538 0.26881597
v 0.04739324 -0.30678583 0.74308756
v 0.04739324 -0.30672505 0.75361453
v 0.05310553 -0.30575258 0.76119076
v 0.03688019 -0.30800146 0.76414150
v 0.04532709 -0.30611724 0.77036197
v 0.03688019 -0.30666429 0.77131898
v 0.03688019 -0.30247037 0.77658243
v 0.02630638 -0.30301742 0.77753945
v 0.03688019 -0.29718242 0.78112817
v 0.02630638 -0.29772947 0.78136744
v 0.01579333 -0.29815492 0.78152692
v 0.00521952 -0.29833727 0.78152692
v -0.00523276 -0.29833727 0.78152692
v -0.01580657 -0.29809414 0.78152692
v -0.02631961 -0.29772947 0.78136744
v -0.03683266 -0.29712164 0.78112817
v -0.04740648 -0.29645305 0.78080918
v -0.05791952 -0.29566290 0.78033067
v -0.06375335 -0.29517663 0.78001168
v -0.05214646 -0.30557023 0.76733147
v -0.06776410 -0.29797257 0.77538621
v -0.07900638 -0.29730399 0.77291395
v -0.08763558 -0.29608835 0.77115947
v -0.04813570 -0.30629959 0.76390223
v -0.05293646 -0.30569179 0.76031350
v -0.05311876 -0.30575258 0.75361453
v -0.05317953 -0.30575258 0.74308756
v -0.05324030 -0.30575258 0.72195389
v -0.05311876 -0.30575258 0.11075201
v -0.05324030 -0.30575258 0.69037301
v -0.05299722 -0.30569179 0.03690377
v -0.05287569 -0.30569179 0.02637680
v -0.04740648 -0.30654273 0.02637680
v -0.05275415 -0.30563101 0.02087407
v -0.04746724 -0.30617803 0.01672711
v -0.03683266 -0.30757598 0.01584983
v -0.04400341 -0.30593490 0.01010786
v -0.03683266 -0.30642116 0.00939015
v -0.02631961 -0.30696818 0.00859265
v -0.01580657 -0.30733288 0.00811411
v -0.00523276 -0.30751523 0.00787487
v 0.01579333 -0.30952098 0.01584983
v 0.00521952 -0.30751523 0.00787487
v 0.01579333 -0.30733288 0.00811411
v 0.03688019 -0.30812303 0.02637680
v 0.03688019 -0.30818381 0.03690377
v 0.02630638 -0.30879161 0.01584983
v 0.03688019 -0.30769755 0.01584983
v 0.04739324 -0.30672505 0.04751052
v 0.04739324 -0.30678583 0.24776204
v 0.05347014 -0.30581333 0.74308756
v 0.06848010 -0.30253116 0.76414150
v 0.05717706 -0.30484086 0.76446049
v 0.05237630 -0.30557023 0.76820873
v 0.04830477 -0.30636038 0.76446049
v 0.05340937 -0.30575258 0.75361453
v 0.05863551 -0.30478008 0.75361453
v 0.07899314 -0.29742555 0.77307346
v 0.06799395 -0.29809414 0.77538621
v 0.06410473 -0.29529820 0.78009143
v 0.05796705 -0.29578447 0.78041043
v 0.04739324 -0.29651383 0.78080918
v 0.04739324 -0.28982790 0.78328141
v 0.03688019 -0.28982790 0.78375992
v 0.02630638 -0.28982790 0.78407891
v 0.01579333 -0.28982790 0.78423842
v 0.00521952 -0.28982790 0.78439790
v -0.01580657 -0.28982790 0.78423842
v -0.02631961 -0.28982790 0.78407891
v -0.03683266 -0.28982790 0.78375992
v -0.04740648 -0.28982790 0.78328141
v -0.05791952 -0.28982790 0.78256366
v -0.06776410 -0.29037494 0.78160668
v -0.07900638 -0.28782214 0.78152692
v -0.08958019 -0.28624184 0.78088894
v -0.09705479 -0.28520856 0.78033067
v -0.07080256 -0.29426492 0.77937369
v -0.06849334 -0.30234881 0.76414150
v -0.05706875 -0.30478008 0.76390223
v -0.07900638 -0.29304931 0.77817744
v -0.11802011 -0.28545166 0.77092023
v -0.09462402 -0.29505510 0.76804922
v -0.10404322 -0.28399292 0.77961293
v -0.10039708 -0.28836916 0.77554569
v -0.11066705 -0.28684964 0.77291395
v -0.05840567 -0.30471929 0.75361453
v -0.05852721 -0.30471929 0.72195389
v -0.05840567 -0.30471929 0.11075201
v -0.05834490 -0.30471929 0.10014531
v -0.05852721 -0.30471929 0.71142692
v -0.05834490 -0.30465851 0.04751052
v -0.05816260 -0.30465851 0.02637680
v -0.05694721 -0.30447616 0.01672711
v -0.05105262 -0.30532709 0.01385613
v -0.06849334 -0.30240959 0.02637680
v -0.06849334 -0.30192336 0.01584983
v -0.08696712 -0.29590603 0.00939015
v -0.07900638 -0.29700007 0.00803439
v -0.06849334 -0.29827649 0.00675841
v -0.05791952 -0.29943134 0.00596091
v -0.03683266 -0.30070772 0.00412667
v -0.02631961 -0.30113321 0.00332916
v -0.01580657 -0.30149787 0.00285063
v -0.00523276 -0.30168022 0.00261139
v 0.02630638 -0.30696818 0.00859265
v 0.00521952 -0.30168022 0.00261139
v 0.01579333 -0.30149787 0.00285063
v 0.02630638 -0.30113321 0.00324938
v 0.05292322 -0.30569179 0.02047532
v 0.04739324 -0.30666429 0.02637680
v 0.03688019 -0.30642116 0.00939015
v 0.04411171 -0.30593490 0.01010786
v 0.05116092 -0.30538788 0.01345738
v 0.04751478 -0.30623881 0.01648788
v 0.05316630 -0.30575258 0.03690377
v 0.05328784 -0.30575258 0.05803743
v 0.05340937 -0.30581333 0.28986989
v 0.05347014 -0.30581333 0.36371814
v 0.05875705 -0.30478008 0.73248086
v 0.05869628 -0.30478008 0.74308756
v 0.06848010 -0.30271351 0.75361453
v 0.07899314 -0.29991757 0.76414150
v 0.09491463 -0.29511588 0.76948471
v 0.08956696 -0.29590603 0.77084047
v 0.07899314 -0.29317088 0.77833695
v 0.07115394 -0.29432570 0.77945345
v 0.09728462 -0.28526934 0.78041043
v 0.08956696 -0.28636337 0.78096869
v 0.07899314 -0.28788293 0.78152692
v 0.06799395 -0.29043573 0.78160668
v 0.05796705 -0.28982790 0.78264342
v 0.03688019 -0.20230310 0.80896086
v 0.02618484 -0.20406576 0.80896086
v 0.01579333 -0.20522061 0.80896086
v 0.00521952 -0.20570686 0.80896086
v -0.00523276 -0.20564607 0.80896086
v -0.01374042 -0.20522061 0.80896086
v -0.01580657 -0.20509904 0.80896086
v -0.02656269 -0.20406576 0.80896086
v -0.07900638 -0.27931277 0.78423842
v -0.03361190 -0.20285014 0.80896086
v -0.03683266 -0.20224232 0.80896086
v -0.04047880 -0.20151295 0.80896086
v -0.04898647 -0.19962873 0.80896086
v -0.08958019 -0.27931277 0.78336117
v -0.10039708 -0.27998138 0.78184592
v -0.12118010 -0.27517966 0.78056994
v -0.11066705 -0.27730701 0.78144717
v -0.07900638 -0.29973522 0.76414150
v -0.06849334 -0.30259194 0.75361453
v -0.11066705 -0.28259497 0.77817744
v -0.12671008 -0.27414638 0.78001168
v -0.13084238 -0.27657761 0.77482795
v -0.13941080 -0.27524045 0.77139870
v -0.13169314 -0.28040683 0.76414150
v -0.12452239 -0.28374979 0.76414150
v -0.11929626 -0.28599871 0.76414150
v -0.11066705 -0.28940244 0.76414150
v -0.09918170 -0.29359633 0.76438073
v -0.09511017 -0.29517663 0.76103125
v -0.09049173 -0.29645305 0.76438073
v -0.06849334 -0.30265272 0.73248086
v -0.06849334 -0.30259194 0.23723510
v -0.06849334 -0.30253116 0.06856440
v -0.06849334 -0.30265272 0.71142692
v -0.06849334 -0.30247037 0.03690377
v -0.07900638 -0.29979601 0.02637680
v -0.07900638 -0.29930977 0.01584983
v -0.09401633 -0.29481197 0.01385613
v -0.11747318 -0.28520856 0.00962939
v -0.11066705 -0.28654572 0.00803439
v -0.10009324 -0.28849073 0.00635966
v -0.07900638 -0.29104353 0.00269118
v -0.06849334 -0.29225916 0.00149492
v -0.05791952 -0.29347477 0.00069742
v -0.04941185 -0.29438648 0.00029867
v -0.04242341 -0.29511588 0.00005943
v -0.03683266 -0.29541977 -0.00010008
v -0.02631961 -0.29590603 -0.00033932
v -0.01580657 -0.29620992 -0.00049883
v -0.00523276 -0.29639227 -0.00049883
v 0.00521952 -0.29639227 -0.00057856
v 0.03688019 -0.30070772 0.00404688
v 0.01579333 -0.29620992 -0.00049883
v 0.02630638 -0.29584525 -0.00033932
v 0.03688019 -0.29541977 -0.00010008
v 0.04241018 -0.29511588 0.00005943
v 0.05705552 -0.30453694 0.01648788
v 0.06848010 -0.30204492 0.01584983
v 0.06848010 -0.30253116 0.02637680
v 0.05839244 -0.30465851 0.02637680
v 0.05845321 -0.30471929 0.03690377
v 0.05796705 -0.29943134 0.00596091
v 0.06848010 -0.29833727 0.00675841
v 0.07899314 -0.29706085 0.00795466
v 0.08707542 -0.29590603 0.00931036
v 0.05851397 -0.30471929 0.04751052
v 0.05863551 -0.30478008 0.19504750
v 0.05869628 -0.30478008 0.25828901
v 0.05875705 -0.30478008 0.69037301
v 0.07899314 -0.30009992 0.75361453
v 0.06848010 -0.30271351 0.27934292
v 0.08956696 -0.29693929 0.76414150
v 0.11818917 -0.28551244 0.77107971
v 0.11065382 -0.28703199 0.77307346
v 0.09521848 -0.29523742 0.76414150
v 0.10050538 -0.29341398 0.76414150
v 0.11065382 -0.28970636 0.76414150
v 0.10427307 -0.28411449 0.77969268
v 0.08956696 -0.29165133 0.77610396
v 0.12116686 -0.27530123 0.78064967
v 0.11065382 -0.27742855 0.78144717
v 0.10050538 -0.28004217 0.78192568
v 0.08956696 -0.27931277 0.78344092
v 0.07899314 -0.27931277 0.78431818
v 0.04739324 -0.20005420 0.80896086
v -0.05791952 -0.19725828 0.80896086
v -0.06879717 -0.19397609 0.80896086
v -0.11066705 -0.26873686 0.78415867
v -0.12118010 -0.26873686 0.78288269
v -0.13084238 -0.26873686 0.78128769
v -0.08958019 -0.29700007 0.75361453
v -0.07900638 -0.29997835 0.75361453
v -0.07900638 -0.30003914 0.74308756
v -0.14761462 -0.26350968 0.78001168
v -0.13375928 -0.27220138 0.77841667
v -0.14226696 -0.26478610 0.78056994
v -0.15964691 -0.26442140 0.77092023
v -0.14609541 -0.27323466 0.76414150
v -0.14080849 -0.27596981 0.76414150
v -0.15180770 -0.26581939 0.77450895
v -0.13169314 -0.28064997 0.75361453
v -0.12476547 -0.28381057 0.75361453
v -0.11953933 -0.28605949 0.75361453
v -0.11066705 -0.28964558 0.75361453
v -0.10051862 -0.29341398 0.75361453
v -0.09523171 -0.29523742 0.75361453
v -0.07900638 -0.29997835 0.25828901
v -0.07900638 -0.30003914 0.70089995
v -0.07900638 -0.29991757 0.12127898
v -0.07900638 -0.29985679 0.04751052
v -0.08958019 -0.29675697 0.02637680
v -0.09486710 -0.29511588 0.02087407
v -0.09012711 -0.29620992 0.01680684
v -0.09906016 -0.29329245 0.01680684
v -0.11066705 -0.28897696 0.01584983
v -0.11868857 -0.28575557 0.01584983
v -0.12397547 -0.28344590 0.01584983
v -0.13169314 -0.27979903 0.01584983
v -0.13886387 -0.27493653 0.00931036
v -0.13169314 -0.27669918 0.00747612
v -0.11066705 -0.28034605 0.00277090
v -0.10009324 -0.28235184 0.00109617
v -0.09280095 -0.28374979 0.00029867
v -0.08581251 -0.28490464 -0.00017987
v -0.07900638 -0.28575557 -0.00049883
v -0.06849334 -0.28697121 -0.00089758
v -0.04649494 -0.29043573 -0.00113682
v -0.03683266 -0.28982790 -0.00169508
v -0.02631961 -0.28982790 -0.00201411
v -0.01580657 -0.28982790 -0.00225335
v -0.00523276 -0.28982790 -0.00233307
v 0.00521952 -0.28982790 -0.00233307
v 0.01579333 -0.28982790 -0.00225335
v 0.04939862 -0.29444727 0.00029867
v 0.02630638 -0.28982790 -0.00201411
v 0.03688019 -0.28982790 -0.00169508
v 0.04648170 -0.29049651 -0.00113682
v 0.06848010 -0.28697121 -0.00089758
v 0.07899314 -0.29943134 0.01584983
v 0.07899314 -0.29991757 0.02637680
v 0.06848010 -0.30259194 0.04751052
v 0.05796705 -0.29347477 0.00069742
v 0.06848010 -0.29225916 0.00149492
v 0.07899314 -0.29104353 0.00269118
v 0.10008000 -0.28855151 0.00627987
v 0.11752072 -0.28526934 0.00954960
v 0.09412463 -0.29487275 0.01313836
v 0.11065382 -0.28660651 0.00795466
v 0.06848010 -0.30265272 0.12127898
v 0.08956696 -0.29712164 0.75361453
v 0.07899314 -0.30009992 0.25828901
v 0.11952610 -0.28612027 0.76414150
v 0.12481300 -0.28381057 0.76414150
v 0.13174068 -0.28064997 0.76414150
v 0.13957989 -0.27530123 0.77147846
v 0.13088991 -0.27669918 0.77482795
v 0.12681838 -0.27414638 0.78001168
v 0.11065382 -0.28271650 0.77833695
v 0.09552233 -0.29529820 0.75361453
v 0.10074846 -0.29347477 0.75361453
v 0.11065382 -0.28988868 0.75361453
v 0.14225372 -0.26484688 0.78064967
v 0.13088991 -0.26873686 0.78128769
v 0.12116686 -0.26873686 0.78288269
v 0.11065382 -0.26873686 0.78415867
v 0.07899314 -0.19026844 0.80896086
v 0.06866240 -0.19415844 0.80896086
v 0.05790628 -0.19737983 0.80896086
v -0.07511716 -0.19154484 0.80896086
v -0.08070791 -0.18923517 0.80896086
v -0.09085634 -0.18461580 0.80896086
v -0.14226696 -0.25822173 0.78280293
v -0.09717632 -0.18157675 0.80896086
v -0.13169314 -0.25822173 0.78431818
v -0.09529248 -0.29523742 0.74308756
v -0.08958019 -0.29700007 0.57441690
v -0.15180770 -0.25791783 0.78112817
v -0.16031536 -0.25421017 0.78056994
v -0.16730380 -0.25202206 0.77937369
v -0.15466383 -0.26126078 0.77793820
v -0.19069988 -0.24320880 0.77060120
v -0.17897146 -0.25281221 0.76693272
v -0.16584535 -0.26180782 0.76414150
v -0.16061920 -0.26502920 0.76414150
v -0.15278000 -0.26952701 0.76414150
v -0.16347536 -0.25828251 0.77514694
v -0.17198302 -0.25530424 0.77235572
v -0.15278000 -0.26977014 0.75361453
v -0.14627771 -0.27335623 0.75361453
v -0.14105158 -0.27609138 0.75361453
v -0.12482624 -0.28387136 0.74308756
v -0.13169314 -0.28064997 0.67984604
v -0.11953933 -0.28612027 0.74308756
v -0.11066705 -0.28964558 0.63765843
v -0.10051862 -0.29341398 0.67984604
v -0.08958019 -0.29693929 0.24776204
v -0.08958019 -0.29687853 0.12127898
v -0.08958019 -0.29681775 0.05803743
v -0.10015400 -0.29323166 0.02637680
v -0.11066705 -0.28934166 0.02637680
v -0.09498864 -0.29517663 0.07909137
v -0.10021477 -0.29329245 0.06856440
v -0.11917472 -0.28593792 0.02637680
v -0.12440086 -0.28368901 0.02637680
v -0.13169314 -0.28022448 0.02637680
v -0.14020082 -0.27566590 0.01584983
v -0.14542695 -0.27293078 0.01584983
v -0.15903921 -0.26405673 0.00970911
v -0.15278000 -0.26588014 0.00787487
v -0.14165927 -0.26843297 0.00508362
v -0.13169314 -0.27025641 0.00221264
v -0.12324624 -0.27232294 0.00077715
v -0.11619703 -0.27414638 -0.00002036
v -0.10009324 -0.27706388 -0.00097731
v -0.08939789 -0.27985982 -0.00121661
v -0.07900638 -0.27931277 -0.00217356
v -0.06849334 -0.27931277 -0.00281155
v -0.05791952 -0.28818681 -0.00113682
v -0.05791952 -0.27931277 -0.00329009
v -0.04740648 -0.27931277 -0.00368884
v -0.03683266 -0.27931277 -0.00392808
v -0.02631961 -0.27931277 -0.00408759
v -0.01580657 -0.27931277 -0.00416731
v -0.00523276 -0.27931277 -0.00424710
v 0.00521952 -0.27931277 -0.00424710
v 0.01579333 -0.27931277 -0.00416731
v 0.03688019 -0.27931277 -0.00384835
v 0.07899314 -0.28575557 -0.00049883
v 0.04739324 -0.27931277 -0.00360905
v 0.05796705 -0.27931277 -0.00329009
v 0.06848010 -0.27931277 -0.00281155
v 0.05796705 -0.28818681 -0.00113682
v 0.07899314 -0.27931277 -0.00217356
v 0.09017465 -0.29633148 0.01632836
v 0.09503617 -0.29517663 0.02015636
v 0.08956696 -0.29693929 0.02637680
v 0.07899314 -0.29997835 0.04751052
v 0.08586005 -0.28496542 -0.00017987
v 0.09284848 -0.28381057 0.00029867
v 0.10008000 -0.28241262 0.00101638
v 0.13174068 -0.27675996 0.00747612
v 0.13891143 -0.27499731 0.00931036
v 0.13174068 -0.27992060 0.01584983
v 0.12414454 -0.28350669 0.01584983
v 0.11885764 -0.28581636 0.01584983
v 0.11065382 -0.28915931 0.01584983
v 0.09916847 -0.29341398 0.01632836
v 0.11065382 -0.28040683 0.00269118
v 0.07899314 -0.30003914 0.13180595
v 0.09552233 -0.29535898 0.74308756
v 0.08956696 -0.29712164 0.25828901
v 0.11970840 -0.28618106 0.75361453
v 0.12499531 -0.28393214 0.75361453
v 0.14103834 -0.27609138 0.76414150
v 0.13174068 -0.28083232 0.75361453
v 0.14626448 -0.27335623 0.76414150
v 0.15975521 -0.26448218 0.77099995
v 0.15185523 -0.26594092 0.77458871
v 0.14772293 -0.26357047 0.78001168
v 0.13386761 -0.27226216 0.77849643
v 0.10080923 -0.29353555 0.74308756
v 0.11976917 -0.28618106 0.73248086
v 0.11065382 -0.28988868 0.51117538
v 0.15185523 -0.25797861 0.78120793
v 0.14225372 -0.25822173 0.78288269
v 0.13174068 -0.25822173 0.78431818
v 0.09758847 -0.18188065 0.80896086
v 0.08956696 -0.18564909 0.80896086
v -0.16359688 -0.24813207 0.78192568
v -0.15278000 -0.24764582 0.78399919
v -0.10203785 -0.17884160 0.80896086
v -0.09529248 -0.29523742 0.72195389
v -0.09523171 -0.29523742 0.53222930
v -0.17951838 -0.24266176 0.78009143
v -0.17386686 -0.24448520 0.78080918
v -0.18358990 -0.24503223 0.77434944
v -0.18650683 -0.23986584 0.77761920
v -0.19434603 -0.23658366 0.77450895
v -0.20200292 -0.23336225 0.77139870
v -0.20297523 -0.23421319 0.76414150
v -0.19665526 -0.23950114 0.76414150
v -0.19136834 -0.24369505 0.76414150
v -0.18340760 -0.24971237 0.76374275
v -0.17921453 -0.25299456 0.75991475
v -0.17483917 -0.25585128 0.76374275
v -0.17386686 -0.25670221 0.75361453
v -0.16602765 -0.26186860 0.75361453
v -0.16080152 -0.26515077 0.75361453
v -0.14633847 -0.27335623 0.74308756
v -0.15278000 -0.26977014 0.72195389
v -0.14105158 -0.27609138 0.70089995
v -0.12482624 -0.28387136 0.69037301
v -0.13169314 -0.28058918 0.51117538
v -0.11953933 -0.28612027 0.70089995
v -0.11066705 -0.28958479 0.42687992
v -0.10039708 -0.29335323 0.21610141
v -0.09511017 -0.29517663 0.14233292
v -0.11066705 -0.28940244 0.06856440
v -0.10027555 -0.29329245 0.08961834
v -0.11066705 -0.28952401 0.22662835
v -0.11923549 -0.28599871 0.16338686
v -0.12458316 -0.28374979 0.23723510
v -0.13169314 -0.28028527 0.04751052
v -0.13169314 -0.28046762 0.27934292
v -0.14062619 -0.27584825 0.02637680
v -0.14585232 -0.27317388 0.02637680
v -0.15278000 -0.26928391 0.02637680
v -0.15278000 -0.26879764 0.01584983
v -0.15995074 -0.26460375 0.01584983
v -0.16517688 -0.26132156 0.01584983
v -0.17319840 -0.25603361 0.01584983
v -0.17848530 -0.25244752 0.01584983
v -0.19027451 -0.24284411 0.01002814
v -0.17143609 -0.25481799 0.00843314
v -0.16286766 -0.25828251 0.00675841
v -0.15356999 -0.25816095 0.00213291
v -0.14451541 -0.26162548 0.00077715
v -0.13746620 -0.26369203 -0.00002036
v -0.13169314 -0.26502920 -0.00049883
v -0.12032933 -0.26879764 -0.00097731
v -0.11066705 -0.26873686 -0.00201411
v -0.10009324 -0.26873686 -0.00289134
v -0.08958019 -0.26873686 -0.00360905
v -0.07900638 -0.26873686 -0.00408759
v -0.06849334 -0.26873686 -0.00440655
v -0.04740648 -0.26873686 -0.00488509
v -0.02631961 -0.26873686 -0.00512433
v 0.01579333 -0.26873686 -0.00512433
v 0.03688019 -0.26873686 -0.00496481
v 0.05796705 -0.26873686 -0.00464585
v 0.06848010 -0.26873686 -0.00440655
v 0.07899314 -0.26873686 -0.00408759
v 0.08956696 -0.26873686 -0.00360905
v 0.10008000 -0.26873686 -0.00297106
v 0.08944542 -0.27985982 -0.00121661
v 0.11065382 -0.28958479 0.02637680
v 0.10044462 -0.29335323 0.02637680
v 0.09515771 -0.29523742 0.02637680
v 0.08956696 -0.29700007 0.05803743
v 0.10008000 -0.27712466 -0.00097731
v 0.11065382 -0.27517966 -0.00041911
v 0.11624457 -0.27414638 -0.00002036
v 0.15282753 -0.26594092 0.00787487
v 0.12329378 -0.27232294 0.00077715
v 0.13174068 -0.27025641 0.00221264
v 0.14170680 -0.26843297 0.00500389
v 0.15914751 -0.26411749 0.00970911
v 0.14559602 -0.27299153 0.01584983
v 0.14030912 -0.27572668 0.01584983
v 0.13174068 -0.28046762 0.02637680
v 0.12463070 -0.28374979 0.02637680
v 0.11934379 -0.28605949 0.02637680
v 0.08956696 -0.29706085 0.15285989
v 0.09552233 -0.29535898 0.37424511
v 0.09540078 -0.29529820 0.17399356
v 0.12505608 -0.28393214 0.73248086
v 0.14115988 -0.27615216 0.75361453
v 0.14644678 -0.27347779 0.75361453
v 0.14122064 -0.27615216 0.74308756
v 0.13174068 -0.28083232 0.61660451
v 0.15282753 -0.26970936 0.76414150
v 0.15282753 -0.26995249 0.75361453
v 0.16072752 -0.26508999 0.76414150
v 0.17920130 -0.25293377 0.76940498
v 0.17391439 -0.25469642 0.77163797
v 0.16741212 -0.25208284 0.77945345
v 0.15477214 -0.26132156 0.77801796
v 0.16036291 -0.25427096 0.78064967
v 0.10080923 -0.29353555 0.42687992
v 0.11976917 -0.28618106 0.61660451
v 0.11970840 -0.28618106 0.43740688
v 0.11065382 -0.28982790 0.30047662
v 0.11964764 -0.28618106 0.28986989
v 0.16370519 -0.24819285 0.78192568
v 0.15282753 -0.24764582 0.78407891
v 0.10068769 -0.18005721 0.80896086
v -0.17386686 -0.23713069 0.78312193
v -0.11097090 -0.17343207 0.80896086
v -0.11674396 -0.16984599 0.80896086
v -0.18358990 -0.23664444 0.78112817
v -0.19094297 -0.23281522 0.78041043
v -0.19793141 -0.22983695 0.77841667
v -0.21397444 -0.22430588 0.76414150
v -0.20826215 -0.22959383 0.76414150
v -0.20546676 -0.22655478 0.77514694
v -0.21281981 -0.22321181 0.77179746
v -0.20315755 -0.23439554 0.75361453
v -0.19683755 -0.23962271 0.75361453
v -0.19155066 -0.24387740 0.75361453
v -0.18456222 -0.24910457 0.75361453
v -0.17927530 -0.25299456 0.75361453
v -0.17927530 -0.25305534 0.74308756
v -0.17386686 -0.25670221 0.73248086
v -0.16602765 -0.26186860 0.72195389
v -0.16080152 -0.26515077 0.74308756
v -0.14633847 -0.27335623 0.71142692
v -0.14627771 -0.27335623 0.56388995
v -0.15278000 -0.26958779 0.36371814
v -0.14086927 -0.27603060 0.33205750
v -0.12470470 -0.28381057 0.43740688
v -0.11941779 -0.28605949 0.42687992
v -0.14068696 -0.27590903 0.06856440
v -0.14062619 -0.27590903 0.04751052
v -0.14591308 -0.27317388 0.04751052
v -0.16031536 -0.26484688 0.02637680
v -0.15278000 -0.26934469 0.07909137
v -0.16037613 -0.26490767 0.07909137
v -0.16560226 -0.26156470 0.02637680
v -0.17356302 -0.25627674 0.02637680
v -0.17884991 -0.25269066 0.02637680
v -0.18444067 -0.24807128 0.01584983
v -0.19082142 -0.24326958 0.01584983
v -0.19610834 -0.23907568 0.01584983
v -0.20248909 -0.23378772 0.01584983
v -0.20151677 -0.23299757 0.00923064
v -0.19422449 -0.23676601 0.00747612
v -0.18444067 -0.24497145 0.00803439
v -0.17410992 -0.24782817 0.00460514
v -0.16335382 -0.25062409 0.00117590
v -0.15758076 -0.25262987 0.00013916
v -0.15059232 -0.25463564 -0.00049883
v -0.14147697 -0.25816095 -0.00097731
v -0.13169314 -0.25822173 -0.00217356
v -0.12118010 -0.25822173 -0.00321030
v -0.11066705 -0.25822173 -0.00392808
v -0.10009324 -0.25822173 -0.00440655
v -0.08958019 -0.25822173 -0.00480530
v -0.07900638 -0.25822173 -0.00504454
v -0.06849334 -0.25822173 -0.00520405
v -0.04740648 -0.25822173 -0.00544329
v -0.00523276 -0.25822173 -0.00560280
v 0.02630638 -0.25822173 -0.00552308
v 0.03688019 -0.25822173 -0.00544329
v 0.05796705 -0.25822173 -0.00528384
v 0.06848010 -0.25822173 -0.00520405
v 0.07899314 -0.25822173 -0.00504454
v 0.08956696 -0.25822173 -0.00480530
v 0.10008000 -0.25822173 -0.00448634
v 0.11065382 -0.25822173 -0.00392808
v 0.12116686 -0.25822173 -0.00321030
v 0.11065382 -0.26873686 -0.00201411
v 0.11065382 -0.28964558 0.04751052
v 0.10050538 -0.29341398 0.03690377
v 0.09521848 -0.29523742 0.03690377
v 0.09534001 -0.29529820 0.14233292
v 0.12031609 -0.26879764 -0.00097731
v 0.13745296 -0.26369203 -0.00002036
v 0.13174068 -0.26496842 -0.00049883
v 0.14444140 -0.26162548 0.00077715
v 0.15367831 -0.25816095 0.00213291
v 0.16291520 -0.25834329 0.00667862
v 0.17154439 -0.25493956 0.00835341
v 0.19032204 -0.24290490 0.00994835
v 0.17342824 -0.25615518 0.01584983
v 0.16540673 -0.26144313 0.01584983
v 0.16011983 -0.26472532 0.01584983
v 0.15282753 -0.26891921 0.01584983
v 0.15282753 -0.26952701 0.02637680
v 0.14608217 -0.27323466 0.02637680
v 0.14079527 -0.27596981 0.02637680
v 0.14085604 -0.27603060 0.03690377
v 0.13174068 -0.28052840 0.03690377
v 0.12469147 -0.28381057 0.03690377
v 0.11940456 -0.28605949 0.03690377
v 0.10068769 -0.29347477 0.19504750
v 0.12505608 -0.28393214 0.67984604
v 0.14644678 -0.27347779 0.69037301
v 0.14122064 -0.27615216 0.71142692
v 0.12499531 -0.28393214 0.54275627
v 0.12493456 -0.28393214 0.44793385
v 0.13174068 -0.28077153 0.44793385
v 0.14109911 -0.27615216 0.41627321
v 0.14115988 -0.27615216 0.55336298
v 0.16090982 -0.26521155 0.75361453
v 0.15282753 -0.26995249 0.72195389
v 0.16601442 -0.26186860 0.76414150
v 0.19086897 -0.24333036 0.77076072
v 0.18290821 -0.24649098 0.77363170
v 0.17391439 -0.25670221 0.76414150
v 0.17932286 -0.25305534 0.76414150
v 0.19153742 -0.24387740 0.76414150
v 0.17391439 -0.24989472 0.77690146
v 0.17956592 -0.24272255 0.78009143
v 0.17391439 -0.24460676 0.78088894
v 0.11065382 -0.28976714 0.18452053
v 0.11065382 -0.28970636 0.10014531
v 0.11946532 -0.28612027 0.11075201
v 0.12475224 -0.28381057 0.05803743
v 0.12487377 -0.28387136 0.20557444
v 0.17391439 -0.23713069 0.78312193
v 0.12128840 -0.16698928 0.80896086
v 0.11095766 -0.17391832 0.80896086
v -0.18444067 -0.22661555 0.78375992
v -0.12804699 -0.16170133 0.80896086
v -0.19464987 -0.22643321 0.78152692
v -0.20194216 -0.22284712 0.78064967
v -0.20899137 -0.21956494 0.77881543
v -0.21920057 -0.21926104 0.76414150
v -0.21409596 -0.22442743 0.75361453
v -0.20844445 -0.22971538 0.75361453
v -0.21622288 -0.21622198 0.77530646
v -0.22327209 -0.21281823 0.77179746
v -0.19683755 -0.23968349 0.74308756
v -0.20315755 -0.23439554 0.72195389
v -0.19155066 -0.24387740 0.72195389
v -0.18456222 -0.24910457 0.71142692
v -0.17927530 -0.25305534 0.73248086
v -0.17380608 -0.25645908 0.26881597
v -0.16584535 -0.26174703 0.30047662
v -0.16061920 -0.26502920 0.37424511
v -0.14615617 -0.27329544 0.32153053
v -0.14621694 -0.27335623 0.50064841
v -0.16055843 -0.26502920 0.32153053
v -0.15278000 -0.26952701 0.27934292
v -0.14609541 -0.27329544 0.27934292
v -0.14597387 -0.27317388 0.07909137
v -0.16049767 -0.26496842 0.21610141
v -0.16566303 -0.26162548 0.10014531
v -0.17356302 -0.25633751 0.04751052
v -0.17362379 -0.25633751 0.06856440
v -0.17884991 -0.25275144 0.05803743
v -0.18444067 -0.24855753 0.02637680
v -0.19112527 -0.24351270 0.02637680
v -0.19641216 -0.23931881 0.02637680
v -0.20273215 -0.23403085 0.02637680
v -0.20801906 -0.22935070 0.02637680
v -0.20771522 -0.22904680 0.01584983
v -0.21233367 -0.22278634 0.00899140
v -0.20522369 -0.22643321 0.00675841
v -0.21336674 -0.22381963 0.01584983
v -0.19586525 -0.22710180 0.00157465
v -0.18480529 -0.23706991 0.00237215
v -0.17684455 -0.24059521 0.00069742
v -0.16979534 -0.24314801 -0.00025959
v -0.16335382 -0.24533613 -0.00081786
v -0.15356999 -0.24849675 -0.00153557
v -0.14226696 -0.24764582 -0.00313057
v -0.13169314 -0.24764582 -0.00400780
v -0.12118010 -0.24764582 -0.00456606
v -0.11066705 -0.24764582 -0.00496481
v -0.10009324 -0.24764582 -0.00520405
v -0.08958019 -0.24764582 -0.00536357
v -0.11066705 -0.23713069 -0.00544329
v -0.08958019 -0.23713069 -0.00560280
v -0.05791952 -0.24764582 -0.00560280
v -0.03683266 -0.24764582 -0.00568259
v 0.02630638 -0.24764582 -0.00568259
v 0.05796705 -0.24764582 -0.00560280
v 0.08956696 -0.24764582 -0.00536357
v 0.10008000 -0.24764582 -0.00520405
v 0.11065382 -0.24764582 -0.00496481
v 0.12116686 -0.24764582 -0.00456606
v 0.13174068 -0.24764582 -0.00400780
v 0.14225372 -0.24764582 -0.00313057
v 0.13174068 -0.25822173 -0.00217356
v 0.11946532 -0.28605949 0.04751052
v 0.10062693 -0.29347477 0.16338686
v 0.14146373 -0.25816095 -0.00097731
v 0.15781060 -0.25275144 0.00005943
v 0.16334059 -0.25080644 0.00109617
v 0.17421825 -0.24788893 0.00452542
v 0.18442744 -0.24509301 0.00795466
v 0.17865438 -0.25256909 0.01584983
v 0.19427203 -0.23676601 0.00739640
v 0.20162507 -0.23299757 0.00923064
v 0.20259739 -0.23384850 0.01584983
v 0.19621664 -0.23913646 0.01584983
v 0.19099050 -0.24339115 0.01584983
v 0.18442744 -0.24831442 0.01584983
v 0.17907977 -0.25287299 0.02637680
v 0.17379286 -0.25645908 0.02637680
v 0.16583212 -0.26168625 0.02637680
v 0.16054520 -0.26496842 0.02637680
v 0.16054520 -0.26502920 0.03690377
v 0.16060597 -0.26502920 0.04751052
v 0.15282753 -0.26958779 0.05803743
v 0.14614294 -0.27329544 0.03690377
v 0.14097757 -0.27609138 0.16338686
v 0.13174068 -0.28064997 0.17399356
v 0.14638601 -0.27341701 0.43740688
v 0.15282753 -0.26983092 0.37424511
v 0.13174068 -0.28071075 0.27934292
v 0.14103834 -0.27609138 0.20557444
v 0.16619672 -0.26199017 0.73248086
v 0.16619672 -0.26192938 0.75361453
v 0.16090982 -0.26521155 0.60599780
v 0.17391439 -0.25688454 0.75361453
v 0.19682433 -0.23962271 0.76414150
v 0.20314431 -0.23433475 0.76414150
v 0.20211124 -0.23342304 0.77147846
v 0.19439356 -0.23664444 0.77466847
v 0.18661513 -0.23986584 0.77777869
v 0.17944438 -0.25311612 0.75361453
v 0.18467053 -0.24922612 0.75361453
v 0.19165896 -0.24393816 0.75361453
v 0.19694586 -0.23974428 0.75361453
v 0.19797894 -0.22989773 0.77849643
v 0.19099050 -0.23287600 0.78041043
v 0.18363744 -0.23670522 0.78112817
v 0.18442744 -0.22661555 0.78375992
v 0.12949222 -0.16109351 0.80896086
v -0.19495371 -0.21603963 0.78407891
v -0.13072084 -0.15963476 0.80896086
v -0.20546676 -0.21603963 0.78168644
v -0.21257674 -0.21257511 0.78064967
v -0.21956518 -0.20898903 0.77881543
v -0.22436594 -0.21397308 0.76414150
v -0.21932211 -0.21938260 0.75361453
v -0.21938288 -0.21938260 0.74308756
v -0.21409596 -0.22442743 0.70089995
v -0.20844445 -0.22971538 0.73248086
v -0.22655362 -0.20552451 0.77514694
v -0.23342053 -0.20199920 0.77147846
v -0.22965283 -0.20832044 0.76414150
v -0.19671603 -0.23956193 0.43740688
v -0.19142911 -0.24375583 0.38477206
v -0.20303599 -0.23427397 0.41627321
v -0.18444067 -0.24898300 0.37424511
v -0.17909300 -0.25293377 0.37424511
v -0.17903223 -0.25287299 0.22662835
v -0.17897146 -0.25281221 0.15285989
v -0.18444067 -0.24880065 0.18452053
v -0.19124681 -0.24363426 0.16338686
v -0.19130757 -0.24363426 0.19504750
v -0.19659448 -0.23944037 0.20557444
v -0.20279292 -0.23409164 0.10014531
v -0.21367058 -0.22406274 0.03690377
v -0.21360982 -0.22406274 0.02637680
v -0.20814059 -0.22947226 0.18452053
v -0.21391365 -0.22430588 0.32153053
v -0.21379212 -0.22418431 0.17399356
v -0.22278594 -0.21233200 0.00899140
v -0.21591905 -0.21591808 0.00659890
v -0.20649984 -0.21695135 0.00125568
v -0.21889672 -0.21889635 0.02637680
v -0.21859288 -0.21859244 0.01584983
v -0.19993679 -0.22102369 0.00013916
v -0.18863373 -0.23099180 0.00029867
v -0.18158452 -0.23354460 -0.00049883
v -0.17356302 -0.23706991 -0.00105709
v -0.16335382 -0.23713069 -0.00265210
v -0.15278000 -0.23713069 -0.00376856
v -0.14226696 -0.23713069 -0.00448634
v -0.13169314 -0.23713069 -0.00496481
v -0.12118010 -0.23713069 -0.00528384
v -0.13169314 -0.22661555 -0.00544329
v -0.11066705 -0.22661555 -0.00560280
v -0.10009324 -0.22661555 -0.00568259
v -0.06849334 -0.23713069 -0.00568259
v -0.24764047 0.00526440 -0.00576232
v 0.07899314 -0.23713069 -0.00568259
v 0.12116686 -0.22661555 -0.00560280
v 0.11065382 -0.23713069 -0.00544329
v 0.12116686 -0.23713069 -0.00528384
v 0.13174068 -0.23713069 -0.00496481
v 0.14225372 -0.23713069 -0.00448634
v 0.15282753 -0.23713069 -0.00376856
v 0.16334059 -0.23713069 -0.00265210
v 0.15367831 -0.24861832 -0.00153557
v 0.15076139 -0.25463564 -0.00049883
v 0.17689209 -0.24071678 0.00069742
v 0.16334059 -0.24551848 -0.00081786
v 0.16984288 -0.24320880 -0.00025959
v 0.18491359 -0.23713069 0.00229242
v 0.20527123 -0.22649399 0.00667862
v 0.19591278 -0.22716258 0.00149492
v 0.21244197 -0.22290791 0.00883189
v 0.20788429 -0.22922915 0.01584983
v 0.20290122 -0.23415240 0.02637680
v 0.19658124 -0.23944037 0.02637680
v 0.19129435 -0.24369505 0.02637680
v 0.18442744 -0.24886144 0.02637680
v 0.18442744 -0.24892222 0.03690377
v 0.18454898 -0.24910457 0.19504750
v 0.17926206 -0.25299456 0.18452053
v 0.17391439 -0.25664143 0.18452053
v 0.16583212 -0.26174703 0.03690377
v 0.16601442 -0.26186860 0.19504750
v 0.16072752 -0.26508999 0.17399356
v 0.15282753 -0.26970936 0.18452053
v 0.14626448 -0.27335623 0.17399356
v 0.16084905 -0.26515077 0.34258447
v 0.16619672 -0.26199017 0.72195389
v 0.16613596 -0.26192938 0.36371814
v 0.17391439 -0.25688454 0.70089995
v 0.20843122 -0.22971538 0.76414150
v 0.20326585 -0.23445632 0.75361453
v 0.21292812 -0.22333337 0.77187721
v 0.20557507 -0.22661555 0.77522670
v 0.19171974 -0.24399895 0.74308756
v 0.17944438 -0.25311612 0.70089995
v 0.18473128 -0.24922612 0.72195389
v 0.19700663 -0.23974428 0.73248086
v 0.20332661 -0.23451710 0.73248086
v 0.20903891 -0.21968650 0.77889518
v 0.20205046 -0.22284712 0.78064967
v 0.19469742 -0.22649399 0.78152692
v 0.19494049 -0.21603963 0.78407891
v 0.14085604 -0.15136853 0.80896086
v -0.20552753 -0.20552451 0.78415867
v -0.13928926 -0.15209790 0.80896086
v -0.14159850 -0.15003135 0.80896086
v -0.21604058 -0.20546372 0.78168644
v -0.22284671 -0.20193842 0.78064967
v -0.23293437 -0.19105861 0.78049018
v -0.22989592 -0.19804843 0.77849643
v -0.22448748 -0.21409465 0.75361453
v -0.21938288 -0.21938260 0.72195389
v -0.20826215 -0.22959383 0.37424511
v -0.24326511 -0.19081547 0.77076072
v -0.23427128 -0.20303249 0.76414150
v -0.23670204 -0.19446234 0.77458871
v -0.23439282 -0.20321482 0.75361453
v -0.22977438 -0.20844199 0.75361453
v -0.19130757 -0.24369505 0.23723510
v -0.18444067 -0.24886144 0.22662835
v -0.18444067 -0.24892222 0.28986989
v -0.20820138 -0.22953305 0.26881597
v -0.20297523 -0.23421319 0.32153053
v -0.20285369 -0.23415240 0.18452053
v -0.21895749 -0.21895714 0.07909137
v -0.21920057 -0.21920025 0.31100358
v -0.23293437 -0.20151295 0.00931036
v -0.22643209 -0.20522061 0.00675841
v -0.22375825 -0.21336527 0.01584983
v -0.21689134 -0.20649701 0.00125568
v -0.21063213 -0.21063011 0.00005943
v -0.22406209 -0.21366918 0.03690377
v -0.22406209 -0.21360840 0.02637680
v -0.20364369 -0.21403387 -0.00073807
v -0.19294833 -0.22394118 -0.00065834
v -0.18480529 -0.22710180 -0.00137606
v -0.17386686 -0.22661555 -0.00313057
v -0.16335382 -0.22661555 -0.00416731
v -0.15278000 -0.22661555 -0.00480530
v -0.14226696 -0.22661555 -0.00520405
v -0.15278000 -0.21603963 -0.00536357
v -0.16335382 -0.20552451 -0.00544329
v -0.15278000 -0.20552451 -0.00560280
v -0.14226696 -0.20552451 -0.00568259
v 0.22660115 -0.10013006 -0.00568259
v 0.20551429 -0.14225137 -0.00568259
v 0.14225372 -0.20552451 -0.00568259
v 0.10008000 -0.22661555 -0.00568259
v -0.19495371 -0.15282728 -0.00568259
v -0.22661439 -0.11064518 -0.00568259
v -0.23712743 -0.07903901 -0.00568259
v -0.24764047 -0.03685691 -0.00568259
v -0.25821428 -0.01576587 -0.00560280
v -0.25821428 0.01577953 -0.00560280
v -0.24764047 0.03687057 -0.00568259
v -0.22661439 0.11065885 -0.00560280
v -0.21604058 0.13174989 -0.00560280
v -0.16335382 0.18444712 -0.00560280
v -0.13169314 0.21605330 -0.00560280
v -0.02631961 0.24765948 -0.00568259
v 0.02630638 0.24765948 -0.00568259
v 0.10008000 0.22656843 -0.00568259
v 0.24768801 0.02629466 -0.00568259
v 0.24768801 -0.00525074 -0.00568259
v 0.15282753 -0.20552451 -0.00560280
v 0.13174068 -0.22661555 -0.00544329
v 0.14225372 -0.22661555 -0.00520405
v 0.15282753 -0.22661555 -0.00480530
v 0.16334059 -0.22661555 -0.00416731
v 0.17391439 -0.22661555 -0.00321030
v 0.17361055 -0.23713069 -0.00113682
v 0.18874204 -0.23105257 0.00029867
v 0.18169283 -0.23366617 -0.00049883
v 0.20551429 -0.21865322 0.00141513
v 0.20010585 -0.22114526 0.00005943
v 0.21517657 -0.21518870 0.00532292
v 0.22289424 -0.21245355 0.00883189
v 0.21888349 -0.21883557 0.01584983
v 0.21359658 -0.22394118 0.01584983
v 0.20818814 -0.22953305 0.02637680
v 0.20830968 -0.22965461 0.10014531
v 0.20302276 -0.23427397 0.11075201
v 0.19135511 -0.24369505 0.03690377
v 0.20314431 -0.23433475 0.18452053
v 0.19676357 -0.23962271 0.18452053
v 0.19165896 -0.24393816 0.31100358
v 0.18467053 -0.24922612 0.36371814
v 0.17938361 -0.25311612 0.35311143
v 0.17391439 -0.25682376 0.37424511
v 0.16078829 -0.26515077 0.28986989
v 0.21408274 -0.22442743 0.76414150
v 0.20855275 -0.22983695 0.75361453
v 0.22338039 -0.21293980 0.77187721
v 0.21633118 -0.21628277 0.77538621
v 0.21936965 -0.21938260 0.76414150
v 0.19171974 -0.24399895 0.67984604
v 0.19700663 -0.23974428 0.66923931
v 0.20861352 -0.22989773 0.72195389
v 0.20332661 -0.23451710 0.41627321
v 0.21973426 -0.20911059 0.77889518
v 0.21268505 -0.21263590 0.78072942
v 0.20551429 -0.21610042 0.78168644
v 0.20551429 -0.20552451 0.78423842
v 0.15136908 -0.14085341 0.80896086
v -0.21604058 -0.19494860 0.78407891
v -0.15004539 -0.14158277 0.80896086
v -0.22643209 -0.19470546 0.78152692
v -0.22661439 -0.18443345 0.78383967
v -0.24277894 -0.17969253 0.78017119
v -0.23670204 -0.18370408 0.78120793
v -0.23998358 -0.18668235 0.77777869
v -0.22977438 -0.20850278 0.74308756
v -0.22448748 -0.21409465 0.67984604
v -0.25292739 -0.17914550 0.76940498
v -0.24387280 -0.19154484 0.76414150
v -0.23955819 -0.19677203 0.76414150
v -0.24654663 -0.18291393 0.77363170
v -0.23967974 -0.19695436 0.75361453
v -0.23445359 -0.20321482 0.74308756
v -0.22430517 -0.21391230 0.28986989
v -0.24290050 -0.19026844 0.00994835
v -0.23670204 -0.19428000 0.00747612
v -0.22904515 -0.20765184 0.01584983
v -0.23372437 -0.20242467 0.01584983
v -0.22716131 -0.19579953 0.00157465
v -0.22096286 -0.19987187 0.00013916
v -0.21397444 -0.20364029 -0.00073807
v -0.22940977 -0.20807731 0.11075201
v -0.22934899 -0.20795574 0.04751052
v -0.22928822 -0.20795574 0.02637680
v -0.20649984 -0.20649701 -0.00161536
v -0.19586525 -0.21695135 -0.00161536
v -0.18444067 -0.21603963 -0.00344960
v -0.17386686 -0.21603963 -0.00440655
v -0.17386686 -0.20552451 -0.00512433
v -0.18444067 -0.20552451 -0.00456606
v -0.18444067 -0.18443345 -0.00544329
v -0.19495371 -0.16334241 -0.00560280
v 0.24768801 -0.06846310 -0.00560280
v 0.23711421 -0.10013006 -0.00560280
v 0.22660115 -0.12116032 -0.00560280
v 0.20551429 -0.15282728 -0.00560280
v -0.22661439 -0.12116032 -0.00560280
v -0.23712743 -0.10013006 -0.00560280
v -0.25821428 -0.03685691 -0.00552308
v -0.26872731 -0.01576587 -0.00512433
v -0.26872731 0.01577953 -0.00512433
v -0.25821428 0.03687057 -0.00552308
v -0.24764047 0.05796162 -0.00560280
v -0.23712743 0.08956780 -0.00560280
v -0.22661439 0.13174989 -0.00544329
v -0.21604058 0.14226502 -0.00552308
v -0.16335382 0.19496226 -0.00552308
v -0.11066705 0.22656843 -0.00560280
v -0.15278000 0.20547739 -0.00552308
v -0.14226696 0.21605330 -0.00544329
v -0.12118010 0.22656843 -0.00552308
v -0.10009324 0.23714435 -0.00552308
v -0.05791952 0.24765948 -0.00560280
v -0.02631961 0.25823539 -0.00552308
v 0.02630638 0.25823539 -0.00552308
v 0.05796705 0.24765948 -0.00560280
v 0.08956696 0.23714435 -0.00560280
v 0.13174068 0.21605330 -0.00560280
v 0.16334059 0.19496226 -0.00560280
v 0.17391439 0.18444712 -0.00560280
v 0.18442744 0.17387121 -0.00560280
v 0.22660115 0.11065885 -0.00560280
v 0.24768801 0.06847675 -0.00552308
v 0.25820106 0.02629466 -0.00552308
v 0.25820106 -0.02634178 -0.00552308
v 0.16334059 -0.20552451 -0.00544329
v 0.15282753 -0.21603963 -0.00536357
v 0.16334059 -0.21603963 -0.00504454
v 0.17391439 -0.21603963 -0.00448634
v 0.18442744 -0.21603963 -0.00352932
v 0.18491359 -0.22716258 -0.00145585
v 0.19305664 -0.22400196 -0.00065834
v 0.21864042 -0.20552451 0.00141513
v 0.21086199 -0.21087325 -0.00002036
v 0.19591278 -0.21701214 -0.00161536
v 0.20551429 -0.21336527 -0.00057856
v 0.22647962 -0.20528137 0.00667862
v 0.23304267 -0.20163452 0.00923064
v 0.22398809 -0.21360840 0.01584983
v 0.22429194 -0.21385152 0.02637680
v 0.21912657 -0.21913947 0.02637680
v 0.21390042 -0.22424509 0.02637680
v 0.21390042 -0.22430588 0.04751052
v 0.21396120 -0.22436664 0.08961834
v 0.21414351 -0.22448821 0.21610141
v 0.20843122 -0.22977617 0.20557444
v 0.19688509 -0.23968349 0.26881597
v 0.20320508 -0.23439554 0.25828901
v 0.19694586 -0.23974428 0.37424511
v 0.21420427 -0.22454899 0.75361453
v 0.21426504 -0.22460978 0.73248086
v 0.21420427 -0.22460978 0.74308756
v 0.22447424 -0.21409465 0.76414150
v 0.22976115 -0.20850278 0.76414150
v 0.23352883 -0.20212077 0.77163797
v 0.22666192 -0.20564607 0.77530646
v 0.21949118 -0.21950415 0.75361453
v 0.20861352 -0.22989773 0.71142692
v 0.20855275 -0.22983695 0.38477206
v 0.20849198 -0.22983695 0.31100358
v 0.23000424 -0.19817000 0.77865594
v 0.22295503 -0.20205999 0.78064967
v 0.21614888 -0.20552451 0.78168644
v 0.21602736 -0.19494860 0.78407891
v 0.16121366 -0.12966968 0.80896086
v 0.22660115 -0.18443345 0.78383967
v -0.15211154 -0.13933387 0.80896086
v -0.23712743 -0.17385754 0.78328141
v -0.15976844 -0.13076374 0.80896086
v -0.16177382 -0.12821093 0.80896086
v -0.25219815 -0.16759708 0.77953317
v -0.24478434 -0.17385754 0.78088894
v -0.25438584 -0.16060726 0.78064967
v -0.22977438 -0.20850278 0.72195389
v -0.25475045 -0.17385754 0.77171770
v -0.26459505 -0.15987789 0.77107971
v -0.26520276 -0.16091116 0.76414150
v -0.26192119 -0.16613835 0.76414150
v -0.25675583 -0.17385754 0.76414150
v -0.25304892 -0.17932785 0.76414150
v -0.24909892 -0.18461580 0.76414150
v -0.25317047 -0.17951020 0.75361453
v -0.24399433 -0.19166641 0.75361453
v -0.23967974 -0.19695436 0.69037301
v -0.23445359 -0.20321482 0.72195389
v -0.22959208 -0.20825966 0.30047662
v -0.26410891 -0.15914851 0.00970911
v -0.25487199 -0.17148709 0.00835341
v -0.24502741 -0.18443345 0.00795466
v -0.23901128 -0.19610343 0.01584983
v -0.24332587 -0.19087626 0.01584983
v -0.24812664 -0.18443345 0.01584983
v -0.25250200 -0.17853769 0.01584983
v -0.23712743 -0.18485892 0.00229242
v -0.23396744 -0.20266779 0.02637680
v -0.23925435 -0.19640733 0.02637680
v -0.23105053 -0.18868814 0.00029867
v -0.22400132 -0.19282126 -0.00065834
v -0.21689134 -0.19579953 -0.00153557
v -0.23408898 -0.20278935 0.11075201
v -0.21604058 -0.18443345 -0.00344960
v -0.20552753 -0.19494860 -0.00352932
v -0.19495371 -0.20552451 -0.00360905
v -0.19495371 -0.18443345 -0.00512433
v -0.19495371 -0.19494860 -0.00456606
v -0.19495371 -0.17385754 -0.00544329
v -0.21604058 -0.14225137 -0.00552308
v 0.25820106 -0.05794796 -0.00536357
v 0.24768801 -0.07903901 -0.00552308
v 0.24768801 -0.10013006 -0.00520405
v 0.23711421 -0.12116032 -0.00528384
v 0.22660115 -0.13173623 -0.00544329
v 0.20551429 -0.16334241 -0.00544329
v -0.22661439 -0.13173623 -0.00544329
v -0.24764047 -0.08955414 -0.00544329
v -0.24764047 -0.07903901 -0.00552308
v -0.25821428 -0.05794796 -0.00536357
v -0.26872731 -0.02634178 -0.00504454
v -0.27930115 -0.01576587 -0.00416731
v -0.27930115 0.01577953 -0.00416731
v -0.26872731 0.03687057 -0.00496481
v -0.25821428 0.05796162 -0.00536357
v -0.24764047 0.07899189 -0.00552308
v -0.23712743 0.11065885 -0.00544329
v -0.20552753 0.16335608 -0.00536357
v -0.23712743 0.12117398 -0.00528384
v -0.22661439 0.14226502 -0.00520405
v -0.18444067 0.18444712 -0.00536357
v -0.16335382 0.20547739 -0.00536357
v -0.15278000 0.21605330 -0.00528384
v -0.13169314 0.22656843 -0.00536357
v -0.11066705 0.23714435 -0.00536357
v -0.06849334 0.24765948 -0.00552308
v -0.07900638 0.24765948 -0.00544329
v -0.04740648 0.25823539 -0.00536357
v -0.01580657 0.26875052 -0.00512433
v 0.07899314 0.24765948 -0.00552308
v 0.00521952 0.26875052 -0.00512433
v 0.02630638 0.26875052 -0.00504454
v 0.03688019 0.25823539 -0.00544329
v 0.11065382 0.23714435 -0.00544329
v 0.14225372 0.21605330 -0.00552308
v 0.17391439 0.19496226 -0.00544329
v 0.18442744 0.18444712 -0.00544329
v 0.19494049 0.17387121 -0.00544329
v 0.20551429 0.15278017 -0.00552308
v 0.22660115 0.12117398 -0.00552308
v 0.23711421 0.11065885 -0.00544329
v 0.23711421 0.10008294 -0.00552308
v 0.24768801 0.08956780 -0.00536357
v 0.25820106 0.03687057 -0.00544329
v 0.26877486 0.01577953 -0.00512433
v 0.26877486 -0.01576587 -0.00512433
v 0.19494049 -0.18443345 -0.00520405
v 0.17391439 -0.20552451 -0.00512433
v 0.18442744 -0.20552451 -0.00456606
v 0.20551429 -0.20552451 -0.00209383
v 0.19494049 -0.20552451 -0.00360905
v 0.22714808 -0.19592110 0.00149492
v 0.22113195 -0.20005420 0.00005943
v 0.21335351 -0.20552451 -0.00057856
v 0.23674959 -0.19428000 0.00739640
v 0.24288727 -0.19032922 0.00994835
v 0.23389346 -0.20260702 0.01584983
v 0.22921422 -0.20789498 0.01584983
v 0.22951808 -0.20819888 0.02637680
v 0.22429194 -0.21391230 0.03690377
v 0.21918734 -0.21913947 0.03690377
v 0.21918734 -0.21920025 0.04751052
v 0.21936965 -0.21938260 0.19504750
v 0.21943041 -0.21944339 0.25828901
v 0.21420427 -0.22460978 0.40574625
v 0.21955194 -0.21956494 0.71142692
v 0.21426504 -0.22460978 0.61660451
v 0.22459578 -0.21421620 0.75361453
v 0.23444036 -0.20321482 0.76414150
v 0.22988269 -0.20862434 0.75361453
v 0.23674959 -0.19452313 0.77474819
v 0.24337341 -0.19093704 0.77084047
v 0.22465654 -0.21427698 0.73248086
v 0.22465654 -0.21421620 0.74308756
v 0.23997035 -0.18668235 0.77785844
v 0.24276572 -0.17969253 0.78017119
v 0.23298190 -0.19111938 0.78049018
v 0.22654039 -0.19476625 0.78152692
v 0.16747287 -0.12134266 0.80896086
v 0.23674959 -0.18370408 0.78120793
v 0.23711421 -0.17385754 0.78320168
v -0.24764047 -0.15282728 0.78415867
v -0.24830894 -0.16382866 0.78200543
v -0.16997764 -0.11696642 0.80896086
v -0.26362271 -0.14784323 0.78001168
v -0.26143506 -0.15483305 0.77809768
v -0.25803199 -0.15191557 0.78120793
v -0.27535115 -0.13963777 0.77147846
v -0.27340659 -0.14638448 0.76414150
v -0.26988197 -0.15282728 0.76414150
v -0.26605347 -0.15191557 0.77466847
v -0.26526351 -0.16103273 0.75361453
v -0.26204274 -0.16632068 0.75361453
v -0.25699891 -0.17385754 0.75361453
v -0.25317047 -0.17951020 0.73248086
v -0.24928125 -0.18473737 0.74308756
v -0.24399433 -0.19166641 0.70089995
v -0.24393357 -0.19160563 0.53222930
v -0.23967974 -0.19689358 0.61660451
v -0.23955819 -0.19683281 0.40574625
v -0.23427128 -0.20303249 0.37424511
v -0.23427128 -0.20297170 0.32153053
v -0.23421052 -0.20297170 0.27934292
v -0.23414975 -0.20291092 0.20557444
v -0.23414975 -0.20285014 0.17399356
v -0.27498657 -0.13884762 0.00931036
v -0.26593196 -0.15282728 0.00787487
v -0.25833584 -0.16291695 0.00667862
v -0.25608738 -0.17324974 0.01584983
v -0.26137427 -0.16528741 0.01584983
v -0.26465581 -0.15999946 0.01584983
v -0.26884887 -0.15282728 0.01584983
v -0.27292037 -0.14547276 0.01584983
v -0.25080046 -0.16334241 0.00109617
v -0.24788355 -0.17422222 0.00452542
v -0.24350819 -0.19111938 0.02637680
v -0.24861279 -0.18443345 0.02637680
v -0.25274507 -0.17890238 0.02637680
v -0.24071281 -0.17695738 0.00069742
v -0.24356896 -0.19111938 0.03690377
v -0.23931512 -0.19652890 0.08961834
v -0.24362973 -0.19124094 0.07909137
v -0.24326511 -0.16990677 -0.00025959
v -0.23366360 -0.18169831 -0.00049883
v -0.22716131 -0.18485892 -0.00137606
v -0.23943665 -0.19665046 0.19504750
v -0.22661439 -0.17385754 -0.00313057
v -0.22661439 -0.16334241 -0.00416731
v -0.21604058 -0.17385754 -0.00440655
v -0.20552753 -0.18443345 -0.00448634
v -0.20552753 -0.17385754 -0.00504454
v -0.20552753 -0.16334241 -0.00536357
v 0.26877486 -0.02634178 -0.00504454
v 0.26877486 -0.03685691 -0.00496481
v 0.25820106 -0.07903901 -0.00504454
v 0.24768801 -0.11064518 -0.00496481
v 0.23711421 -0.13173623 -0.00496481
v 0.22660115 -0.14225137 -0.00520405
v 0.21602736 -0.15282728 -0.00536357
v 0.20551429 -0.17385754 -0.00512433
v -0.23712743 -0.12116032 -0.00528384
v -0.22661439 -0.14225137 -0.00520405
v -0.24764047 -0.10013006 -0.00520405
v -0.25821428 -0.07903901 -0.00504454
v -0.26872731 -0.03685691 -0.00496481
v -0.27930115 -0.02634178 -0.00400780
v -0.28981417 -0.01576587 -0.00217356
v -0.28981417 0.00526440 -0.00233307
v -0.27930115 0.03687057 -0.00384835
v -0.26872731 0.05796162 -0.00464585
v -0.24764047 0.08956780 -0.00536357
v -0.25821428 0.07899189 -0.00504454
v -0.20552753 0.17387121 -0.00504454
v -0.24764047 0.10008294 -0.00520405
v -0.24764047 0.11065885 -0.00496481
v -0.23712743 0.13174989 -0.00496481
v -0.22661439 0.15278017 -0.00472558
v -0.21604058 0.16335608 -0.00496481
v -0.18444067 0.19496226 -0.00504454
v -0.17386686 0.20547739 -0.00504454
v -0.16335382 0.21605330 -0.00496481
v -0.14226696 0.22656843 -0.00512433
v -0.12118010 0.23714435 -0.00520405
v -0.08958019 0.24765948 -0.00528384
v -0.05791952 0.25823539 -0.00528384
v -0.03683266 0.26875052 -0.00496481
v -0.01580657 0.27926565 -0.00408759
v -0.00523276 0.27926565 -0.00416731
v 0.08956696 0.24765948 -0.00536357
v 0.05796705 0.25823539 -0.00528384
v 0.06848010 0.25823539 -0.00520405
v 0.00521952 0.27926565 -0.00416731
v 0.03688019 0.26875052 -0.00496481
v 0.10008000 0.24765948 -0.00520405
v 0.11065382 0.24765948 -0.00496481
v 0.13174068 0.23714435 -0.00496481
v 0.15282753 0.21605330 -0.00528384
v 0.17391439 0.20547739 -0.00512433
v 0.19494049 0.18444712 -0.00512433
v 0.20551429 0.16335608 -0.00536357
v 0.22660115 0.13174989 -0.00536357
v 0.23711421 0.12117398 -0.00528384
v 0.25820106 0.05796162 -0.00528384
v 0.24768801 0.10008294 -0.00520405
v 0.25820106 0.06847675 -0.00520405
v 0.26877486 0.03687057 -0.00496481
v 0.27928795 0.01577953 -0.00416731
v 0.27928795 -0.01576587 -0.00416731
v 0.20551429 -0.18443345 -0.00456606
v 0.19494049 -0.19494860 -0.00464585
v 0.20551429 -0.19494860 -0.00368884
v 0.21602736 -0.18443345 -0.00352932
v 0.21699964 -0.19592110 -0.00161536
v 0.23103730 -0.18874892 0.00029867
v 0.23717498 -0.18491970 0.00229242
v 0.22404885 -0.19300359 -0.00065834
v 0.23371113 -0.18169831 -0.00049883
v 0.24507495 -0.18443345 0.00795466
v 0.25491953 -0.17154786 0.00835341
v 0.26415640 -0.15914851 0.00962939
v 0.25254955 -0.17865925 0.01584983
v 0.24829571 -0.18443345 0.01584983
v 0.24337341 -0.19093704 0.01584983
v 0.23918035 -0.19622500 0.01584983
v 0.23419729 -0.20291092 0.02637680
v 0.23419729 -0.20297170 0.03690377
v 0.22957885 -0.20825966 0.05803743
v 0.22963961 -0.20832044 0.10014531
v 0.22976115 -0.20844199 0.19504750
v 0.22447424 -0.21409465 0.18452053
v 0.22453502 -0.21415542 0.23723510
v 0.22459578 -0.21421620 0.40574625
v 0.21949118 -0.21950415 0.45846081
v 0.22465654 -0.21427698 0.61660451
v 0.23972728 -0.19689358 0.76414150
v 0.23456191 -0.20333639 0.75361453
v 0.22988269 -0.20862434 0.59547083
v 0.24392033 -0.19166641 0.76414150
v 0.25297493 -0.17920628 0.76948471
v 0.25479799 -0.17385754 0.77179746
v 0.24659417 -0.18297472 0.77363170
v 0.24999724 -0.17385754 0.77706094
v 0.25218493 -0.16759708 0.77953317
v 0.25437262 -0.16054648 0.78064967
v 0.24477111 -0.17385754 0.78088894
v 0.17397516 -0.11173925 0.80896086
v 0.24829571 -0.16376788 0.78200543
v 0.24768801 -0.15282728 0.78407891
v -0.25821428 -0.14225137 0.78296241
v -0.18146299 -0.09897521 0.80896086
v -0.27419655 -0.12687374 0.78009143
v -0.27231274 -0.13392435 0.77857619
v -0.26495969 -0.14225137 0.78064967
v -0.28556034 -0.11830361 0.77107971
v -0.28075963 -0.13173623 0.76414150
v -0.27614117 -0.14115731 0.76414150
v -0.27674888 -0.13094608 0.77490771
v -0.27352809 -0.14656683 0.75361453
v -0.27000347 -0.15282728 0.75361453
v -0.26526351 -0.16103273 0.72195389
v -0.25699891 -0.17385754 0.73248086
v -0.26520276 -0.16085039 0.33205750
v -0.26186044 -0.16607757 0.30047662
v -0.25675583 -0.17385754 0.37424511
v -0.24915970 -0.18461580 0.40574625
v -0.24928125 -0.18473737 0.72195389
v -0.25304892 -0.17932785 0.35311143
v -0.24387280 -0.19154484 0.38477206
v -0.24387280 -0.19148407 0.33205750
v -0.23955819 -0.19677203 0.35311143
v -0.23949742 -0.19677203 0.30047662
v -0.27565502 -0.14018481 0.01584983
v -0.27978728 -0.13173623 0.01584983
v -0.28519577 -0.11739189 0.00962939
v -0.27668806 -0.13173623 0.00755591
v -0.26842349 -0.14170434 0.00500389
v -0.26167812 -0.14456104 0.00077715
v -0.25821428 -0.15367822 0.00213291
v -0.25633046 -0.17361442 0.02637680
v -0.26161736 -0.16565210 0.02637680
v -0.26489888 -0.16042493 0.02637680
v -0.26927427 -0.15282728 0.02637680
v -0.27316345 -0.14589823 0.02637680
v -0.25274507 -0.15781132 0.00005943
v -0.25280585 -0.17896316 0.05803743
v -0.24879510 -0.18443345 0.08961834
v -0.24381203 -0.19148407 0.28986989
v -0.24909892 -0.18449424 0.27934292
v -0.24551357 -0.16334241 -0.00081786
v -0.23712743 -0.17361442 -0.00113682
v -0.23712743 -0.16334241 -0.00265210
v -0.23712743 -0.15282728 -0.00376856
v -0.23712743 -0.14225137 -0.00456606
v -0.22661439 -0.15282728 -0.00480530
v -0.21604058 -0.16334241 -0.00496481
v 0.27928795 -0.02634178 -0.00400780
v 0.26877486 -0.05794796 -0.00464585
v 0.25820106 -0.08955414 -0.00480530
v 0.25820106 -0.10013006 -0.00448634
v 0.24768801 -0.12116032 -0.00456606
v 0.23711421 -0.14225137 -0.00448634
v 0.22660115 -0.15282728 -0.00480530
v -0.23712743 -0.13173623 -0.00496481
v -0.24764047 -0.11064518 -0.00496481
v -0.25821428 -0.08955414 -0.00480530
v -0.26872731 -0.05794796 -0.00464585
v -0.27930115 -0.03685691 -0.00384835
v -0.28981417 -0.02634178 -0.00201411
v -0.29613418 -0.01576587 -0.00041911
v -0.29625568 -0.00525074 -0.00049883
v -0.29631651 0.00526440 -0.00049883
v -0.29613418 0.01577953 -0.00041911
v -0.28981417 0.02629466 -0.00201411
v -0.27930115 0.04738571 -0.00360905
v -0.26872731 0.07899189 -0.00400780
v -0.25821428 0.08956780 -0.00480530
v -0.20552753 0.18444712 -0.00448634
v -0.24764047 0.12117398 -0.00456606
v -0.23712743 0.14226502 -0.00448634
v -0.22661439 0.16335608 -0.00408759
v -0.21604058 0.17387121 -0.00432683
v -0.18444067 0.20547739 -0.00448634
v -0.15278000 0.22656843 -0.00472558
v -0.13169314 0.23714435 -0.00488509
v -0.17386686 0.21605330 -0.00432683
v -0.16335382 0.22656843 -0.00408759
v -0.11066705 0.24765948 -0.00488509
v -0.10009324 0.24765948 -0.00512433
v -0.06849334 0.25823539 -0.00512433
v -0.04740648 0.26875052 -0.00480530
v -0.02631961 0.27926565 -0.00400780
v -0.00523276 0.28984156 -0.00225335
v 0.05796705 0.26875052 -0.00464585
v 0.07899314 0.25823539 -0.00504454
v 0.00521952 0.28984156 -0.00225335
v 0.01579333 0.27926565 -0.00408759
v 0.02630638 0.27926565 -0.00400780
v 0.08956696 0.25823539 -0.00480530
v 0.10008000 0.25823539 -0.00440655
v 0.11065382 0.25823539 -0.00392808
v 0.12116686 0.24765948 -0.00448634
v 0.14225372 0.23714435 -0.00448634
v 0.15282753 0.22656843 -0.00480530
v 0.16334059 0.21605330 -0.00496481
v 0.17391439 0.21605330 -0.00440655
v 0.18442744 0.20547739 -0.00456606
v 0.19494049 0.19496226 -0.00456606
v 0.20551429 0.18444712 -0.00448634
v 0.20551429 0.17387121 -0.00504454
v 0.21602736 0.15278017 -0.00528384
v 0.21602736 0.16335608 -0.00496481
v 0.22660115 0.14226502 -0.00512433
v 0.23711421 0.13174989 -0.00496481
v 0.24768801 0.11065885 -0.00496481
v 0.25820106 0.08956780 -0.00480530
v 0.26877486 0.05796162 -0.00464585
v 0.27928795 0.03687057 -0.00384835
v 0.28980098 0.00526440 -0.00233307
v 0.28980098 -0.00525074 -0.00233307
v 0.28980098 -0.01576587 -0.00225335
v 0.21602736 -0.17385754 -0.00440655
v 0.22660115 -0.17385754 -0.00321030
v 0.22714808 -0.18491970 -0.00145585
v 0.22660115 -0.16334241 -0.00416731
v 0.24076034 -0.17695738 0.00061763
v 0.24325187 -0.16996755 -0.00025959
v 0.23717498 -0.17361442 -0.00113682
v 0.25084801 -0.16334241 0.00101638
v 0.25832260 -0.16291695 0.00659890
v 0.26591871 -0.15282728 0.00779515
v 0.27497331 -0.13884762 0.00931036
v 0.27290718 -0.14547276 0.01584983
v 0.26883568 -0.15282728 0.01584983
v 0.26470336 -0.16006023 0.01584983
v 0.26142183 -0.16534818 0.01584983
v 0.25613491 -0.17337129 0.01584983
v 0.25637800 -0.17373599 0.02637680
v 0.25279262 -0.17896316 0.02637680
v 0.24878186 -0.18443345 0.02637680
v 0.24361649 -0.19130173 0.02637680
v 0.23942342 -0.19658968 0.02637680
v 0.23948419 -0.19658968 0.03690377
v 0.23954496 -0.19671125 0.10014531
v 0.23444036 -0.20321482 0.24776204
v 0.22982191 -0.20850278 0.25828901
v 0.22982191 -0.20856356 0.30047662
v 0.23978804 -0.19707593 0.75361453
v 0.24404187 -0.19178798 0.75361453
v 0.23984881 -0.19707593 0.73248086
v 0.23456191 -0.20333639 0.61660451
v 0.24920724 -0.18467658 0.76414150
v 0.26452105 -0.15981711 0.77107971
v 0.25309647 -0.17938863 0.76414150
v 0.25680338 -0.17385754 0.76414150
v 0.26190798 -0.16613835 0.76414150
v 0.26518950 -0.16085039 0.76414150
v 0.25838337 -0.16370710 0.77530646
v 0.26360952 -0.14784323 0.78001168
v 0.26142183 -0.15483305 0.77809768
v 0.25801875 -0.15191557 0.78120793
v 0.17427901 -0.11125300 0.80896086
v 0.25820106 -0.14225137 0.78296241
v 0.18236129 -0.09818506 0.80896086
v -0.25821428 -0.13173623 0.78439790
v -0.26872731 -0.12116032 0.78296241
v -0.26878812 -0.13094608 0.78136744
v -0.18978834 -0.08116634 0.80896086
v -0.28410193 -0.10432395 0.77969268
v -0.28270419 -0.11064518 0.77833695
v -0.27529040 -0.12116032 0.78064967
v -0.29516191 -0.09502444 0.76948471
v -0.28616806 -0.11970158 0.76414150
v -0.28391961 -0.12498953 0.76414150
v -0.28707959 -0.11064518 0.77307346
v -0.28094189 -0.13173623 0.75361453
v -0.27626268 -0.14127887 0.75361453
v -0.27352809 -0.14656683 0.74308756
v -0.27000347 -0.15282728 0.70089995
v -0.26988197 -0.15282728 0.37424511
v -0.26982116 -0.15282728 0.31100358
v -0.26495969 -0.16048569 0.07909137
v -0.26173890 -0.16583443 0.13180595
v -0.25651277 -0.17385754 0.19504750
v -0.25669507 -0.17385754 0.31100358
v -0.24909892 -0.18455502 0.31100358
v -0.25304892 -0.17926706 0.32153053
v -0.27589810 -0.14061027 0.02637680
v -0.28027343 -0.13173623 0.02637680
v -0.28343346 -0.12389547 0.01584983
v -0.29583036 -0.08681899 0.00939015
v -0.28647187 -0.11064518 0.00811411
v -0.28568192 -0.11860752 0.01584983
v -0.28884189 -0.11064518 0.01584983
v -0.29273114 -0.10013006 0.01584983
v -0.28033424 -0.11064518 0.00285063
v -0.27030736 -0.13173623 0.00221264
v -0.27231274 -0.12322688 0.00077715
v -0.26374428 -0.13757122 -0.00010008
v -0.25639123 -0.17367521 0.05803743
v -0.26167812 -0.16571288 0.06856440
v -0.26933502 -0.15282728 0.04751052
v -0.26945659 -0.15282728 0.11075201
v -0.26939577 -0.15282728 0.07909137
v -0.27340659 -0.14632370 0.30047662
v -0.27601961 -0.14085341 0.16338686
v -0.25468968 -0.15076072 -0.00057856
v -0.24861279 -0.15367822 -0.00161536
v -0.25645199 -0.17373599 0.11075201
v -0.25298814 -0.17920628 0.25828901
v -0.24764047 -0.14225137 -0.00321030
v -0.24764047 -0.13173623 -0.00400780
v -0.24764047 -0.12116032 -0.00456606
v 0.27928795 -0.03685691 -0.00384835
v 0.26877486 -0.06846310 -0.00440655
v 0.26877486 -0.07903901 -0.00408759
v 0.26877486 -0.08955414 -0.00360905
v 0.25820106 -0.11064518 -0.00392808
v 0.24768801 -0.13173623 -0.00400780
v 0.23711421 -0.15282728 -0.00376856
v -0.25821428 -0.10013006 -0.00448634
v -0.26872731 -0.06846310 -0.00440655
v -0.27930115 -0.04737205 -0.00360905
v -0.28926727 -0.04737205 -0.00137606
v -0.29084727 -0.03789019 -0.00129633
v -0.29583036 -0.02634178 -0.00033932
v -0.30154261 -0.00525074 0.00277090
v -0.30154261 0.00526440 0.00277090
v -0.29576955 0.02629466 -0.00033932
v -0.29084727 0.03766073 -0.00129633
v -0.28920652 0.04738571 -0.00137606
v -0.27930115 0.05796162 -0.00321030
v -0.25821428 0.10008294 -0.00440655
v -0.26872731 0.08956780 -0.00352932
v -0.21604058 0.18444712 -0.00336981
v -0.20552753 0.19496226 -0.00344960
v -0.19495371 0.20547739 -0.00352932
v -0.25821428 0.11065885 -0.00392808
v -0.24764047 0.13174989 -0.00400780
v -0.23712743 0.15278017 -0.00376856
v -0.22661439 0.17387121 -0.00313057
v -0.18444067 0.21605330 -0.00336981
v -0.14226696 0.23714435 -0.00440655
v -0.12118010 0.24765948 -0.00448634
v -0.15278000 0.23714435 -0.00368884
v -0.17386686 0.22656843 -0.00305085
v -0.08958019 0.25823539 -0.00472558
v -0.07900638 0.25823539 -0.00496481
v -0.06849334 0.26875052 -0.00432683
v -0.04740648 0.27926565 -0.00352932
v -0.02631961 0.28984156 -0.00193432
v -0.01580657 0.28984156 -0.00209383
v -0.01580657 0.29610202 -0.00041911
v -0.00523276 0.29622358 -0.00049883
v 0.03688019 0.27926565 -0.00376856
v 0.06848010 0.26875052 -0.00440655
v 0.00521952 0.29622358 -0.00049883
v 0.01579333 0.29610202 -0.00041911
v 0.01579333 0.28984156 -0.00209383
v 0.02630638 0.28984156 -0.00193432
v 0.07899314 0.26875052 -0.00400780
v 0.13174068 0.24765948 -0.00392808
v 0.08956696 0.26875052 -0.00352932
v 0.10008000 0.26875052 -0.00289134
v 0.12116686 0.25823539 -0.00313057
v 0.15282753 0.23714435 -0.00368884
v 0.16334059 0.22656843 -0.00408759
v 0.17391439 0.22656843 -0.00313057
v 0.18442744 0.21605330 -0.00344960
v 0.19494049 0.20547739 -0.00352932
v 0.20551429 0.19496226 -0.00352932
v 0.21602736 0.17387121 -0.00432683
v 0.21602736 0.18444712 -0.00336981
v 0.22660115 0.15278017 -0.00472558
v 0.22660115 0.16335608 -0.00408759
v 0.23711421 0.14226502 -0.00440655
v 0.24768801 0.12117398 -0.00456606
v 0.25820106 0.10008294 -0.00440655
v 0.26877486 0.07899189 -0.00400780
v 0.27928795 0.04738571 -0.00360905
v 0.28980098 0.02629466 -0.00201411
v 0.29612092 0.01577953 -0.00041911
v 0.29630324 0.00526440 -0.00049883
v 0.29630324 -0.00525074 -0.00049883
v 0.29612092 -0.01576587 -0.00041911
v 0.29581710 -0.02634178 -0.00033932
v 0.28980098 -0.02634178 -0.00201411
v 0.23711421 -0.16334241 -0.00265210
v 0.25285338 -0.15793289 0.00005943
v 0.24562187 -0.16334241 -0.00081786
v 0.25820106 -0.15373900 0.00205312
v 0.26166491 -0.14456104 0.00077715
v 0.27029411 -0.13173623 0.00221264
v 0.26841029 -0.14170434 0.00500389
v 0.27667486 -0.13173623 0.00755591
v 0.28518251 -0.11739189 0.00962939
v 0.27977410 -0.13173623 0.01584983
v 0.27564177 -0.14018481 0.01584983
v 0.27315026 -0.14589823 0.02637680
v 0.26932183 -0.15282728 0.02637680
v 0.26494643 -0.16042493 0.02637680
v 0.26166491 -0.16571288 0.02637680
v 0.25643877 -0.17373599 0.04751052
v 0.25285338 -0.17902395 0.03690377
v 0.24884263 -0.18443345 0.03690377
v 0.24367727 -0.19130173 0.03690377
v 0.24367727 -0.19136251 0.04751052
v 0.24373803 -0.19142329 0.08961834
v 0.24379880 -0.19148407 0.13180595
v 0.23966651 -0.19683281 0.20557444
v 0.23972728 -0.19695436 0.28986989
v 0.23444036 -0.20327560 0.28986989
v 0.24932879 -0.18479815 0.75361453
v 0.24404187 -0.19184876 0.72195389
v 0.23984881 -0.19707593 0.67984604
v 0.26986871 -0.15282728 0.76414150
v 0.27339332 -0.14638448 0.76414150
v 0.27539870 -0.13963777 0.77147846
v 0.26604027 -0.15191557 0.77458871
v 0.25321800 -0.17951020 0.75361453
v 0.26202950 -0.16632068 0.75361453
v 0.26525025 -0.16103273 0.75361453
v 0.27229948 -0.13392435 0.77857619
v 0.27418336 -0.12687374 0.78009143
v 0.26494643 -0.14225137 0.78064967
v 0.25820106 -0.13173623 0.78439790
v 0.26877486 -0.13094608 0.78136744
v 0.26877486 -0.12116032 0.78288269
v 0.18649359 -0.08955414 0.80896086
v -0.19203680 -0.07593917 0.80896086
v -0.26872731 -0.11064518 0.78415867
v -0.27930115 -0.08955414 0.78344092
v -0.27747808 -0.11064518 0.78152692
v -0.28525652 -0.09727334 0.78041043
v -0.29437188 -0.07125903 0.77945345
v -0.29321727 -0.07903901 0.77841667
v -0.29169805 -0.08955414 0.77618368
v -0.29595187 -0.08955414 0.77092023
v -0.30561417 -0.05259922 0.76900623
v -0.30257571 -0.06846310 0.76414150
v -0.29996261 -0.07903901 0.76414150
v -0.29704571 -0.08955414 0.76414150
v -0.29528340 -0.09532834 0.76414150
v -0.29346035 -0.10061631 0.76414150
v -0.28975342 -0.11064518 0.76414150
v -0.28993574 -0.11064518 0.75361453
v -0.28622881 -0.11988392 0.75361453
v -0.28398036 -0.12517187 0.75361453
v -0.28094189 -0.13173623 0.73248086
v -0.27626268 -0.14127887 0.74308756
v -0.27614117 -0.14109652 0.31100358
v -0.27340659 -0.14638448 0.32153053
v -0.28367654 -0.12438172 0.02637680
v -0.28075963 -0.13173623 0.31100358
v -0.28391961 -0.12492875 0.30047662
v -0.29479727 -0.09399117 0.01584983
v -0.29643801 -0.08876399 0.01584983
v -0.29917266 -0.07903901 0.01584983
v -0.30184649 -0.06846310 0.01584983
v -0.30591799 -0.04378596 0.01018765
v -0.29692415 -0.07903901 0.00803439
v -0.28841649 -0.10013006 0.00643938
v -0.28592499 -0.11909376 0.02637680
v -0.28926727 -0.11064518 0.02637680
v -0.29315647 -0.10013006 0.02637680
v -0.29504033 -0.09465975 0.02637680
v -0.28221806 -0.10013006 0.00117590
v -0.27413580 -0.11617627 -0.00002036
v -0.26878812 -0.12030938 -0.00097731
v -0.25821428 -0.13173623 -0.00225335
v -0.25821428 -0.14152199 -0.00097731
v -0.25821428 -0.12116032 -0.00321030
v -0.25821428 -0.11064518 -0.00392808
v 0.27928795 -0.04737205 -0.00360905
v 0.27928795 -0.05794796 -0.00329009
v 0.27928795 -0.06846310 -0.00281155
v 0.26877486 -0.10013006 -0.00297106
v 0.25820106 -0.12116032 -0.00321030
v 0.24768801 -0.14225137 -0.00313057
v -0.26872731 -0.08955414 -0.00360905
v -0.26872731 -0.07903901 -0.00400780
v -0.27930115 -0.05794796 -0.00321030
v -0.28817342 -0.05794796 -0.00113682
v -0.29510108 -0.04202331 0.00005943
v -0.27930115 -0.06846310 -0.00281155
v -0.29546573 -0.03503348 -0.00010008
v -0.30136029 -0.01576587 0.00293041
v -0.30725492 -0.01576587 0.00819390
v -0.30737647 -0.00525074 0.00803439
v -0.30142111 0.01577953 0.00301014
v -0.30737647 0.00526440 0.00803439
v -0.29504033 0.04173307 0.00005943
v -0.28805192 0.05796162 -0.00113682
v -0.27930115 0.06847675 -0.00273182
v -0.26872731 0.10008294 -0.00289134
v -0.21683057 0.19569163 -0.00153557
v -0.20637830 0.20638911 -0.00153557
v -0.19580448 0.21690423 -0.00153557
v -0.25821428 0.12117398 -0.00321030
v -0.24764047 0.14226502 -0.00313057
v -0.23712743 0.16335608 -0.00265210
v -0.22697901 0.18475103 -0.00137606
v -0.18474451 0.22705468 -0.00137606
v -0.13169314 0.24765948 -0.00392808
v -0.11066705 0.25823539 -0.00384835
v -0.10009324 0.25823539 -0.00432683
v -0.16335382 0.23714435 -0.00257231
v -0.14226696 0.24765948 -0.00305085
v -0.07900638 0.26875052 -0.00400780
v -0.05791952 0.27926565 -0.00321030
v -0.03768343 0.29081406 -0.00129633
v -0.03470574 0.29543343 -0.00010008
v -0.02631961 0.29579813 -0.00025959
v -0.01580657 0.30138997 0.00285063
v -0.00523276 0.30151154 0.00261139
v 0.04739324 0.27926565 -0.00352932
v 0.05796705 0.27926565 -0.00321030
v 0.00521952 0.30151154 0.00261139
v 0.01579333 0.30138997 0.00277090
v 0.02630638 0.29579813 -0.00025959
v 0.03469251 0.29543343 -0.00010008
v 0.03767019 0.29081406 -0.00129633
v 0.04739324 0.28917298 -0.00137606
v 0.14225372 0.24765948 -0.00313057
v 0.06848010 0.27926565 -0.00273182
v 0.07899314 0.27926565 -0.00209383
v 0.08914157 0.27975191 -0.00113682
v 0.10008000 0.27683441 -0.00089758
v 0.11162612 0.26978380 -0.00153557
v 0.13174068 0.25823539 -0.00209383
v 0.16334059 0.23714435 -0.00265210
v 0.18485282 0.22711546 -0.00145585
v 0.19579125 0.21690423 -0.00153557
v 0.20648660 0.20651067 -0.00161536
v 0.21687811 0.19581319 -0.00153557
v 0.22702654 0.18475103 -0.00137606
v 0.22660115 0.17387121 -0.00305085
v 0.23711421 0.15278017 -0.00368884
v 0.24768801 0.13174989 -0.00392808
v 0.25820106 0.11065885 -0.00392808
v 0.26877486 0.08956780 -0.00352932
v 0.27928795 0.05796162 -0.00321030
v 0.28919326 0.04738571 -0.00137606
v 0.29083407 0.03778229 -0.00129633
v 0.29581710 0.02629466 -0.00033932
v 0.30159016 0.00526440 0.00277090
v 0.30159016 -0.00525074 0.00277090
v 0.28980098 -0.03685691 -0.00169508
v 0.30140785 -0.01576587 0.00293041
v 0.29533097 -0.03685691 -0.00010008
v 0.24866034 -0.15373900 -0.00153557
v 0.26373107 -0.13757122 -0.00010008
v 0.25820106 -0.14152199 -0.00097731
v 0.27236023 -0.12328765 0.00077715
v 0.28651943 -0.11064518 0.00811411
v 0.28038179 -0.11064518 0.00277090
v 0.29587785 -0.08681899 0.00939015
v 0.29277864 -0.10013006 0.01584983
v 0.28888944 -0.11064518 0.01584983
v 0.28572947 -0.11860752 0.01584983
v 0.28342020 -0.12389547 0.01584983
v 0.28026023 -0.13173623 0.02637680
v 0.27588484 -0.14061027 0.02637680
v 0.26938258 -0.15282728 0.04751052
v 0.27594566 -0.14067106 0.04751052
v 0.27333257 -0.14620214 0.18452053
v 0.26512874 -0.16078961 0.19504750
v 0.26190798 -0.16607757 0.20557444
v 0.25674261 -0.17385754 0.20557444
v 0.25291415 -0.17908473 0.07909137
v 0.24896418 -0.18443345 0.07909137
v 0.24914647 -0.18455502 0.20557444
v 0.24385957 -0.19154484 0.18452053
v 0.24392033 -0.19166641 0.26881597
v 0.24398111 -0.19166641 0.31100358
v 0.24404187 -0.19178798 0.57441690
v 0.25321800 -0.17957096 0.73248086
v 0.24932879 -0.18479815 0.63765843
v 0.26999028 -0.15282728 0.75361453
v 0.27351489 -0.14656683 0.75361453
v 0.27612792 -0.14115731 0.76414150
v 0.28074637 -0.13173623 0.76414150
v 0.28554715 -0.11824282 0.77107971
v 0.27673561 -0.13094608 0.77490771
v 0.25704646 -0.17385754 0.74308756
v 0.26202950 -0.16632068 0.71142692
v 0.27005103 -0.15282728 0.74308756
v 0.26525025 -0.16103273 0.61660451
v 0.28275174 -0.11064518 0.77841667
v 0.28414942 -0.10438473 0.77969268
v 0.27533795 -0.12116032 0.78064967
v 0.19123357 -0.07940369 0.80896086
v 0.27746483 -0.11064518 0.78144717
v 0.27928795 -0.08955414 0.78344092
v 0.26877486 -0.11064518 0.78415867
v 0.19250972 -0.07660776 0.80896086
v -0.19452833 -0.06925325 0.80896086
v -0.27930115 -0.07903901 0.78423842
v -0.28981417 -0.05794796 0.78264342
v -0.28793036 -0.07903901 0.78152692
v -0.28641112 -0.08955414 0.78096869
v -0.28009118 -0.10049474 0.78184592
v -0.19458910 -0.06907091 0.80896086
v -0.19811371 -0.05794796 0.80896086
v -0.20048371 -0.04968173 0.80896086
v -0.29528340 -0.06426920 0.78009143
v -0.29813956 -0.06803762 0.77546594
v -0.29747111 -0.07903901 0.77307346
v -0.30640414 -0.04840533 0.76493900
v -0.30573567 -0.05320704 0.76198826
v -0.30488489 -0.05721859 0.76493900
v -0.30616107 -0.04554862 0.77044172
v -0.30804494 -0.03685691 0.76414150
v -0.30476339 -0.05879890 0.75361453
v -0.30275801 -0.06846310 0.75361453
v -0.30014494 -0.07903901 0.75361453
v -0.29716728 -0.08955414 0.75361453
v -0.29534415 -0.09557147 0.75361453
v -0.29352110 -0.10079865 0.75361453
v -0.28993574 -0.11064518 0.72195389
v -0.28622881 -0.11988392 0.73248086
v -0.28398036 -0.12517187 0.74308756
v -0.28391961 -0.12498953 0.33205750
v -0.28082039 -0.13173623 0.42687992
v -0.28616806 -0.11970158 0.32153053
v -0.28610729 -0.11951923 0.23723510
v -0.29668108 -0.08943258 0.02637680
v -0.29965880 -0.07903901 0.02637680
v -0.30227188 -0.06846310 0.02637680
v -0.30409494 -0.05794796 0.01584983
v -0.30634339 -0.03685691 0.00946988
v -0.29935491 -0.05794796 0.00604063
v -0.29826106 -0.06846310 0.00683813
v -0.30537111 -0.05114048 0.01584983
v -0.30622182 -0.04585252 0.01584983
v -0.30743724 -0.03685691 0.01584983
v -0.30853107 -0.02634178 0.01584983
v -0.29218418 -0.06846310 0.00149492
v -0.29090802 -0.07903901 0.00277090
v -0.28932802 -0.11064518 0.04751052
v -0.28963192 -0.11064518 0.22662835
v -0.29321727 -0.10013006 0.04751052
v -0.29510108 -0.09478132 0.05803743
v -0.28367654 -0.09247163 0.00037840
v -0.28489189 -0.08548181 -0.00010008
v -0.27693113 -0.10013006 -0.00097731
v -0.26872731 -0.11064518 -0.00201411
v -0.26872731 -0.10013006 -0.00297106
v 0.29046943 -0.04639955 -0.00113682
v 0.28816023 -0.05794796 -0.00113682
v 0.27928795 -0.07903901 -0.00217356
v 0.27983484 -0.08931102 -0.00121661
v 0.27697869 -0.10013006 -0.00097731
v 0.26877486 -0.11064518 -0.00201411
v 0.25820106 -0.13173623 -0.00225335
v -0.27930115 -0.07903901 -0.00217356
v -0.28689727 -0.06846310 -0.00081786
v -0.29455420 -0.04737205 0.00021888
v -0.29953723 -0.03789019 0.00340889
v -0.30105646 -0.02634178 0.00340889
v -0.30689027 -0.02634178 0.00867237
v -0.30926029 -0.01576587 0.01584983
v -0.30962492 -0.00525074 0.01584983
v -0.30105646 0.02629466 0.00348868
v -0.30719417 0.01577953 0.00827362
v -0.30962492 0.00526440 0.01584983
v -0.29953723 0.03766073 0.00348868
v -0.29929416 0.05796162 0.00604063
v -0.29333878 0.05796162 0.00077715
v -0.29443263 0.04738571 0.00029867
v -0.28562116 0.07899189 -0.00041911
v -0.28683652 0.06847675 -0.00081786
v -0.27930115 0.07899189 -0.00209383
v -0.27978728 0.08914233 -0.00113682
v -0.26872731 0.11065885 -0.00201411
v -0.22375825 0.19265257 -0.00057856
v -0.22084133 0.19970318 0.00013916
v -0.21379212 0.20347160 -0.00065834
v -0.20346137 0.21392596 -0.00065834
v -0.19282681 0.22383329 -0.00065834
v -0.25821428 0.13174989 -0.00217356
v -0.24861279 0.15369188 -0.00153557
v -0.24551357 0.16335608 -0.00081786
v -0.23712743 0.17356730 -0.00105709
v -0.23360283 0.18140806 -0.00049883
v -0.18146299 0.23349748 -0.00049883
v -0.17344147 0.23708357 -0.00105709
v -0.12118010 0.25823539 -0.00313057
v -0.08958019 0.26875052 -0.00352932
v -0.15356999 0.24851042 -0.00153557
v -0.13169314 0.25823539 -0.00209383
v -0.06849334 0.27926565 -0.00273182
v -0.05791952 0.28807891 -0.00113682
v -0.04175495 0.29500798 0.00005943
v -0.02631961 0.30108609 0.00332916
v -0.01580657 0.30734654 0.00811411
v -0.00523276 0.30752886 0.00787487
v 0.00521952 0.30752886 0.00787487
v 0.02630638 0.30108609 0.00324938
v 0.04174172 0.29500798 0.00005943
v 0.01579333 0.30740733 0.00811411
v 0.02630638 0.30704263 0.00851286
v 0.05796705 0.28801812 -0.00113682
v 0.15361753 0.24857120 -0.00153557
v 0.06848010 0.28680252 -0.00081786
v 0.07899314 0.28558689 -0.00041911
v 0.08537389 0.28485752 -0.00010008
v 0.10876998 0.27519333 -0.00041911
v 0.11581918 0.27397769 0.00005943
v 0.12116686 0.26735257 -0.00105709
v 0.13174068 0.26486055 -0.00041911
v 0.13733144 0.26364491 -0.00002036
v 0.14140295 0.25811383 -0.00089758
v 0.16334059 0.24547136 -0.00081786
v 0.17354979 0.23714435 -0.00105709
v 0.18163206 0.23361905 -0.00049883
v 0.19281357 0.22395484 -0.00065834
v 0.20363045 0.21392596 -0.00073807
v 0.21396120 0.20365395 -0.00073807
v 0.22380578 0.19283491 -0.00065834
v 0.23352883 0.18146885 -0.00049883
v 0.23705345 0.17350652 -0.00105709
v 0.23711421 0.16335608 -0.00257231
v 0.24768801 0.14226502 -0.00305085
v 0.25820106 0.12117398 -0.00321030
v 0.26877486 0.10008294 -0.00289134
v 0.27928795 0.06847675 -0.00273182
v 0.28803866 0.05796162 -0.00113682
v 0.29502707 0.04185463 0.00005943
v 0.29545246 0.03486480 -0.00010008
v 0.30140785 0.01577953 0.00301014
v 0.30742398 0.00526440 0.00803439
v 0.30742398 -0.00525074 0.00803439
v 0.30110402 -0.02634178 0.00340889
v 0.29508789 -0.04220565 0.00005943
v 0.30724166 -0.01576587 0.00827362
v 0.27412254 -0.11623705 -0.00002036
v 0.26506800 -0.13173623 -0.00049883
v 0.26877486 -0.12030938 -0.00097731
v 0.28840330 -0.10013006 0.00635966
v 0.28226560 -0.10013006 0.00109617
v 0.30590473 -0.04366440 0.01018765
v 0.30177248 -0.06846310 0.01584983
v 0.29915939 -0.07903901 0.01584983
v 0.29642482 -0.08876399 0.01584983
v 0.29484482 -0.09405194 0.01584983
v 0.29691095 -0.07903901 0.00803439
v 0.29320402 -0.10013006 0.02637680
v 0.28931483 -0.11064518 0.02637680
v 0.28591173 -0.11909376 0.02637680
v 0.28366327 -0.12438172 0.02637680
v 0.28032098 -0.13173623 0.04751052
v 0.26968639 -0.15282728 0.19504750
v 0.27606717 -0.14097496 0.19504750
v 0.27333257 -0.14626291 0.20557444
v 0.26980796 -0.15282728 0.28986989
v 0.26986871 -0.15282728 0.34258447
v 0.26518950 -0.16085039 0.30047662
v 0.25680338 -0.17385754 0.26881597
v 0.26202950 -0.16625990 0.59547083
v 0.25309647 -0.17938863 0.27934292
v 0.25303570 -0.17932785 0.21610141
v 0.25303570 -0.17926706 0.19504750
v 0.24920724 -0.18461580 0.25828901
v 0.24920724 -0.18467658 0.28986989
v 0.25321800 -0.17957096 0.72195389
v 0.27624947 -0.14127887 0.75361453
v 0.27351489 -0.14656683 0.71142692
v 0.28092870 -0.13173623 0.75361453
v 0.28390635 -0.12492875 0.76414150
v 0.28615485 -0.11964079 0.76414150
v 0.29514864 -0.09502444 0.76948471
v 0.28706638 -0.11064518 0.77315322
v 0.25704646 -0.17385754 0.71142692
v 0.27005103 -0.15282728 0.72195389
v 0.29745784 -0.07903901 0.77307346
v 0.29314326 -0.07903901 0.77833695
v 0.29429786 -0.07107668 0.77945345
v 0.28530408 -0.09733412 0.78041043
v 0.29593867 -0.08955414 0.77092023
v 0.28007792 -0.10055552 0.78184592
v 0.28639792 -0.08955414 0.78096869
v 0.28791711 -0.07903901 0.78152692
v 0.28980098 -0.05794796 0.78264342
v 0.27928795 -0.07903901 0.78423842
v 0.20174661 -0.04737205 0.80896086
v 0.19882970 -0.05800874 0.80896086
v 0.19554818 -0.06846310 0.80896086
v -0.20376524 -0.03649223 0.80896086
v -0.29655958 -0.04737205 0.78088894
v -0.29583036 -0.05794796 0.78041043
v -0.29042187 -0.06803762 0.78160668
v -0.28981417 -0.04737205 0.78328141
v -0.30251495 -0.03685691 0.77674195
v -0.30676877 -0.03685691 0.77147846
v -0.30676877 -0.04737205 0.75361453
v -0.30579642 -0.05351094 0.75361453
v -0.30913873 -0.02634178 0.76414150
v -0.30822720 -0.03685691 0.75361453
v -0.30579642 -0.05357172 0.74308756
v -0.30476339 -0.05879890 0.72195389
v -0.30275801 -0.06846310 0.74308756
v -0.30014494 -0.07903901 0.73248086
v -0.29716728 -0.08955414 0.71142692
v -0.29534415 -0.09557147 0.74308756
v -0.29352110 -0.10079865 0.71142692
v -0.28981417 -0.11064518 0.40574625
v -0.29346035 -0.10067708 0.32153053
v -0.28975342 -0.11064518 0.30047662
v -0.29971955 -0.07903901 0.05803743
v -0.29686340 -0.08955414 0.15285989
v -0.30233264 -0.06846310 0.04751052
v -0.30452033 -0.05794796 0.02637680
v -0.30561417 -0.05241688 0.02637680
v -0.29339960 -0.05794796 0.00069742
v -0.30646489 -0.04718970 0.02637680
v -0.30786262 -0.03685691 0.02637680
v -0.30901722 -0.02634178 0.02637680
v -0.29339960 -0.10043396 0.22662835
v -0.29516191 -0.09496366 0.13180595
v -0.28568192 -0.07903901 -0.00041911
v 0.28694483 -0.06846310 -0.00081786
v 0.28572947 -0.07903901 -0.00041911
v 0.28493945 -0.08566415 -0.00010008
v 0.27509488 -0.11064518 -0.00041911
v -0.30968567 -0.01576587 0.02637680
v -0.31005032 -0.00525074 0.02637680
v -0.30682952 0.02629466 0.00875216
v -0.30919954 0.01577953 0.01584983
v -0.31005032 0.00526440 0.02637680
v -0.30968567 0.01577953 0.02637680
v -0.30628264 0.03687057 0.00954960
v -0.30585724 0.04343494 0.01026738
v -0.29820031 0.06847675 0.00683813
v -0.28483114 0.08537390 -0.00010008
v -0.29212342 0.06847675 0.00157465
v -0.27680963 0.10008294 -0.00089758
v -0.27498657 0.11065885 -0.00033932
v -0.27407505 0.11612915 -0.00002036
v -0.26878812 0.12026227 -0.00089758
v -0.23080746 0.18845867 0.00037840
v -0.22697901 0.19569163 0.00165444
v -0.21683057 0.20638911 0.00133541
v -0.21051059 0.21052223 0.00013916
v -0.19981524 0.22097657 0.00013916
v -0.26502043 0.13174989 -0.00049883
v -0.25815352 0.14147487 -0.00097731
v -0.25462892 0.15071360 -0.00049883
v -0.25274507 0.15776421 0.00013916
v -0.24320434 0.16985965 -0.00025959
v -0.18851220 0.23082311 0.00037840
v -0.16967379 0.24310089 -0.00017987
v -0.16335382 0.24534980 -0.00073807
v -0.12118010 0.26741335 -0.00113682
v -0.11170012 0.26978380 -0.00153557
v -0.10009324 0.26875052 -0.00281155
v -0.07900638 0.27926565 -0.00209383
v -0.15764153 0.25264354 0.00013916
v -0.15059232 0.25458852 -0.00049883
v -0.14141618 0.25811383 -0.00089758
v -0.06849334 0.28686331 -0.00081786
v -0.04740648 0.29446093 0.00029867
v -0.03768343 0.29950578 0.00324938
v -0.03683266 0.30643483 0.00931036
v -0.02631961 0.30698184 0.00859265
v -0.01580657 0.30953465 0.01584983
v -0.00523276 0.30989935 0.01584983
v 0.00521952 0.30989935 0.01584983
v 0.03767019 0.29950578 0.00324938
v 0.04739324 0.29446093 0.00029867
v 0.01579333 0.30959543 0.01584983
v 0.02630638 0.30880528 0.01584983
v 0.03688019 0.30643483 0.00931036
v 0.15070062 0.25458852 -0.00049883
v 0.05796705 0.29330611 0.00077715
v 0.06848010 0.29209048 0.00157465
v 0.09242310 0.28358110 0.00037840
v 0.10008000 0.28212237 0.00117590
v 0.12116686 0.27257974 0.00061763
v 0.14438065 0.26163913 0.00085693
v 0.15768906 0.25270432 0.00013916
v 0.16984288 0.24316168 -0.00025959
v 0.18862050 0.23100545 0.00029867
v 0.19986278 0.22097657 0.00013916
v 0.21067966 0.21070456 0.00005943
v 0.22094963 0.19982475 0.00013916
v 0.23085499 0.18845867 0.00037840
v 0.24313034 0.16967732 -0.00025959
v 0.24853878 0.15357032 -0.00153557
v 0.25820106 0.13174989 -0.00217356
v 0.26877486 0.11065885 -0.00201411
v 0.27977410 0.08914233 -0.00113682
v 0.27928795 0.07899189 -0.00209383
v 0.28682331 0.06847675 -0.00081786
v 0.29448019 0.04738571 0.00029867
v 0.29952403 0.03778229 0.00348868
v 0.30110402 0.02629466 0.00348868
v 0.30718091 0.01577953 0.00827362
v 0.30961167 0.00526440 0.01584983
v 0.30961167 -0.00525074 0.01584983
v 0.30061788 -0.03685691 0.00420639
v 0.30687708 -0.02634178 0.00875216
v 0.30633013 -0.03685691 0.00946988
v 0.29435862 -0.04919548 0.00029867
v 0.30924709 -0.01576587 0.01584983
v 0.28372410 -0.09271476 0.00037840
v 0.29095557 -0.07903901 0.00277090
v 0.29818712 -0.06846310 0.00675841
v 0.29934172 -0.05794796 0.00604063
v 0.30851782 -0.02634178 0.01584983
v 0.30742398 -0.03685691 0.01584983
v 0.30620863 -0.04560939 0.01584983
v 0.30529710 -0.05089735 0.01584983
v 0.30396017 -0.05794796 0.01584983
v 0.30444631 -0.05794796 0.02637680
v 0.30219788 -0.06846310 0.02637680
v 0.29958478 -0.07903901 0.02637680
v 0.29660712 -0.08943258 0.02637680
v 0.29502707 -0.09465975 0.02637680
v 0.29508789 -0.09472053 0.03690377
v 0.29326484 -0.10013006 0.04751052
v 0.28937558 -0.11064518 0.03690377
v 0.28597253 -0.11915454 0.04751052
v 0.28372410 -0.12450328 0.06856440
v 0.28062487 -0.13173623 0.21610141
v 0.27339332 -0.14632370 0.26881597
v 0.28074637 -0.13173623 0.28986989
v 0.28080712 -0.13173623 0.33205750
v 0.27618872 -0.14115731 0.34258447
v 0.27339332 -0.14638448 0.31100358
v 0.25698570 -0.17385754 0.58494387
v 0.27624947 -0.14127887 0.69037301
v 0.28402791 -0.12517187 0.74308756
v 0.28396716 -0.12511109 0.75361453
v 0.28092870 -0.13173623 0.66923931
v 0.28621561 -0.11988392 0.75361453
v 0.28974023 -0.11064518 0.76414150
v 0.28992248 -0.11064518 0.75361453
v 0.30560091 -0.05235610 0.76812897
v 0.29344709 -0.10061631 0.76414150
v 0.29527022 -0.09532834 0.76414150
v 0.29703251 -0.08955414 0.76414150
v 0.29994942 -0.07903901 0.76414150
v 0.30256245 -0.06846310 0.76414150
v 0.29812630 -0.06791606 0.77546594
v 0.30614788 -0.04530549 0.77036197
v 0.29527022 -0.06402607 0.78009143
v 0.29040868 -0.06791606 0.78160668
v 0.29575635 -0.05794796 0.78041043
v 0.29654632 -0.04737205 0.78080918
v 0.28980098 -0.04737205 0.78328141
v 0.20417737 -0.03661379 0.80896086
v 0.20393430 -0.03770785 0.80896086
v -0.20522369 -0.02634178 0.80896086
v -0.28981417 -0.03685691 0.78375992
v -0.29728878 -0.03685691 0.78120793
v -0.30306184 -0.02634178 0.77753945
v -0.30731567 -0.02634178 0.77227596
v -0.30676877 -0.04737205 0.30047662
v -0.30986800 -0.01576587 0.76414150
v -0.30932105 -0.02634178 0.75361453
v -0.30822720 -0.03685691 0.26881597
v -0.30579642 -0.05345016 0.32153053
v -0.30476339 -0.05873812 0.33205750
v -0.30269721 -0.06846310 0.30047662
v -0.30008419 -0.07903901 0.28986989
v -0.29710646 -0.08955414 0.32153053
v -0.29528340 -0.09538913 0.31100358
v -0.29528340 -0.09532834 0.28986989
v -0.29984111 -0.07903901 0.13180595
v -0.29704571 -0.08955414 0.27934292
v -0.30002336 -0.07903901 0.24776204
v -0.30458108 -0.05794796 0.04751052
v -0.30245414 -0.06846310 0.12127898
v -0.30482414 -0.05691468 0.06944169
v -0.30567492 -0.05272079 0.08961834
v -0.30798412 -0.03685691 0.05803743
v -0.30792337 -0.03685691 0.03690377
v -0.30664721 -0.04737205 0.18452053
v -0.30907798 -0.02634178 0.04751052
v -0.30986800 -0.01576587 0.07909137
v -0.30974642 -0.01576587 0.03690377
v 0.29344709 -0.05794796 0.00077715
v 0.29223173 -0.06846310 0.00149492
v -0.31017182 -0.00525074 0.05803743
v -0.30840952 0.02629466 0.01584983
v -0.31011107 0.00526440 0.04751052
v -0.31017182 0.00526440 0.07909137
v -0.30974642 0.01577953 0.05803743
v -0.30895647 0.02629466 0.04751052
v -0.30889565 0.02629466 0.02637680
v -0.29583036 0.08665031 0.00946988
v -0.29686340 0.07899189 0.00811411
v -0.30731567 0.03687057 0.01584983
v -0.30616107 0.04537993 0.01584983
v -0.30531029 0.05066789 0.01584983
v -0.30391261 0.05796162 0.01584983
v -0.30166418 0.06847675 0.01584983
v -0.29090802 0.07899189 0.00285063
v -0.28361579 0.09236374 0.00037840
v -0.28209655 0.10008294 0.00117590
v -0.28027343 0.11065885 0.00293041
v -0.27231274 0.12311898 0.00077715
v -0.26368353 0.13746332 -0.00002036
v -0.24059126 0.17691026 0.00069742
v -0.23712743 0.18475103 0.00245187
v -0.23670204 0.19423288 0.00763563
v -0.22637132 0.20517349 0.00691786
v -0.20637830 0.21690423 0.00133541
v -0.21585825 0.21587096 0.00667862
v -0.19580448 0.22705468 0.00165444
v -0.26167812 0.14451392 0.00077715
v -0.25815352 0.15369188 0.00213291
v -0.25073970 0.16335608 0.00109617
v -0.17672300 0.24054809 0.00077715
v -0.18474451 0.23708357 0.00245187
v -0.10890475 0.27519333 -0.00041911
v -0.13734466 0.26364491 -0.00002036
v -0.11589319 0.27403848 0.00005943
v -0.10009324 0.27677363 -0.00089758
v -0.08915481 0.27975191 -0.00113682
v -0.08538713 0.28485752 -0.00010008
v -0.07900638 0.28558689 -0.00041911
v -0.16335382 0.25057697 0.00117590
v -0.15356999 0.25811383 0.00221264
v -0.14439387 0.26157836 0.00085693
v -0.05791952 0.29330611 0.00077715
v -0.05791952 0.29938422 0.00604063
v -0.04752801 0.30126844 0.00620014
v -0.04406418 0.30594856 0.01010786
v -0.02631961 0.30880528 0.01584983
v -0.06849334 0.29822937 0.00675841
v -0.01580657 0.30996013 0.02637680
v -0.00523276 0.31038558 0.02637680
v 0.00521952 0.31038558 0.02637680
v 0.04757555 0.30126844 0.00620014
v 0.05796705 0.29944500 0.00604063
v 0.01579333 0.31002091 0.02637680
v 0.03688019 0.30765043 0.01584983
v 0.04417248 0.30594856 0.01002814
v 0.02630638 0.30923076 0.02637680
v 0.03688019 0.30813669 0.02637680
v 0.06848010 0.29829015 0.00683813
v 0.07899314 0.29087484 0.00277090
v 0.11162612 0.27896176 0.00237215
v 0.10008000 0.28844361 0.00643938
v 0.11065382 0.28649861 0.00819390
v 0.13174068 0.27008772 0.00237215
v 0.14158527 0.26838585 0.00508362
v 0.15282753 0.26589380 0.00787487
v 0.15361753 0.25811383 0.00213291
v 0.16334059 0.25069853 0.00109617
v 0.17683131 0.24060887 0.00069742
v 0.18485282 0.23714435 0.00237215
v 0.19579125 0.22711546 0.00157465
v 0.20648660 0.21690423 0.00125568
v 0.21687811 0.20651067 0.00125568
v 0.22702654 0.19581319 0.00165444
v 0.24051728 0.17672792 0.00077715
v 0.23705345 0.18475103 0.00245187
v 0.25261031 0.15764265 0.00013916
v 0.25455492 0.15059205 -0.00049883
v 0.25814029 0.14147487 -0.00089758
v 0.26494643 0.13174989 -0.00049883
v 0.26877486 0.12020148 -0.00089758
v 0.27406179 0.11606837 -0.00002036
v 0.27497331 0.11065885 -0.00033932
v 0.27685719 0.10008294 -0.00089758
v 0.28481787 0.08531312 -0.00010008
v 0.28560790 0.07899189 -0.00041911
v 0.29332558 0.05796162 0.00077715
v 0.29928097 0.05796162 0.00604063
v 0.30626938 0.03687057 0.00954960
v 0.30681633 0.02629466 0.00875216
v 0.30918629 0.01577953 0.01584983
v 0.30967242 0.01577953 0.02637680
v 0.31003706 0.00526440 0.02637680
v 0.31003706 -0.00525074 0.02637680
v 0.30967242 -0.01576587 0.02637680
v 0.30894321 -0.02634178 0.02637680
v 0.30784936 -0.03685691 0.02637680
v 0.30639094 -0.04682502 0.02637680
v 0.30554016 -0.05211297 0.02637680
v 0.30560091 -0.05229532 0.04751052
v 0.30450706 -0.05794796 0.04751052
v 0.30231938 -0.06846310 0.06856440
v 0.29666788 -0.08943258 0.03690377
v 0.29970635 -0.07903901 0.06856440
v 0.29508789 -0.09478132 0.04751052
v 0.29678939 -0.08955414 0.11075201
v 0.29685020 -0.08955414 0.14233292
v 0.29691095 -0.08955414 0.17399356
v 0.29520939 -0.09508522 0.16338686
v 0.28943633 -0.11064518 0.05803743
v 0.29520939 -0.09514600 0.17399356
v 0.29338633 -0.10037318 0.16338686
v 0.28597253 -0.11921533 0.05803743
v 0.28609404 -0.11945845 0.18452053
v 0.28384560 -0.12480719 0.21610141
v 0.28390635 -0.12492875 0.30047662
v 0.28390635 -0.12498953 0.32153053
v 0.28402791 -0.12517187 0.72195389
v 0.28627636 -0.11988392 0.74308756
v 0.29356866 -0.10092021 0.75361453
v 0.28998329 -0.11064518 0.74308756
v 0.30481095 -0.05715781 0.76438073
v 0.30572248 -0.05314625 0.76111100
v 0.30639094 -0.04828376 0.76438073
v 0.30803168 -0.03685691 0.76414150
v 0.29539171 -0.09563225 0.75361453
v 0.29721477 -0.08955414 0.75361453
v 0.30013167 -0.07903901 0.75361453
v 0.30268401 -0.06846310 0.75361453
v 0.30475013 -0.05867733 0.75361453
v 0.30906478 -0.02634178 0.76414150
v 0.30669476 -0.03685691 0.77139870
v 0.30244095 -0.03685691 0.77666219
v 0.30298783 -0.02634178 0.77745969
v 0.29715402 -0.03685691 0.78112817
v 0.30335248 -0.01576587 0.77801796
v 0.28980098 -0.03685691 0.78375992
v 0.20581816 -0.02634178 0.80896086
v -0.20546676 -0.02457913 0.80896086
v -0.28981417 -0.02634178 0.78407891
v -0.29777493 -0.02634178 0.78136744
v -0.30342648 -0.01576587 0.77809768
v -0.30761954 -0.01576587 0.77283420
v -0.30573567 -0.05302469 0.17399356
v -0.30579642 -0.05332860 0.28986989
v -0.30579642 -0.05338938 0.30047662
v -0.31017182 -0.00525074 0.76414150
v -0.31005032 -0.01576587 0.75361453
v -0.30932105 -0.02634178 0.26881597
v -0.30926029 -0.02634178 0.19504750
v -0.30913873 -0.02634178 0.07909137
v -0.30810570 -0.03685691 0.16338686
v -0.30476339 -0.05861655 0.27934292
v -0.30476339 -0.05867733 0.30047662
v -0.30470259 -0.05831265 0.17399356
v -0.30257571 -0.06846310 0.20557444
v -0.31023258 -0.00525074 0.11075201
v -0.31005032 -0.01576587 0.26881597
v -0.30980718 0.01577953 0.10014531
v -0.31029339 0.00526440 0.19504750
v -0.30780180 0.03687057 0.04751052
v -0.30901722 0.02629466 0.08961834
v -0.30774105 0.03687057 0.02637680
v -0.29911184 0.07899189 0.01584983
v -0.29637726 0.08853452 0.01584983
v -0.29473652 0.09376170 0.01584983
v -0.29254882 0.10008294 0.01584983
v -0.28513496 0.11728399 0.00970911
v -0.28641112 0.11065885 0.00819390
v -0.28835574 0.10008294 0.00643938
v -0.30634339 0.04671712 0.02637680
v -0.30555336 0.05194429 0.02637680
v -0.30439876 0.05796162 0.02637680
v -0.30215032 0.06847675 0.02637680
v -0.27662730 0.13174989 0.00755591
v -0.27024655 0.13174989 0.00229242
v -0.24782278 0.17417511 0.00452542
v -0.24496665 0.18444712 0.00803439
v -0.24277894 0.19022132 0.01002814
v -0.23287360 0.20140505 0.00939015
v -0.22272517 0.21222409 0.00907112
v -0.20516292 0.22632531 0.00691786
v -0.21221213 0.22267844 0.00907112
v -0.19416373 0.23665810 0.00763563
v -0.26587121 0.15278017 0.00787487
v -0.25827507 0.16293061 0.00667862
v -0.25481123 0.17143997 0.00843314
v -0.17404916 0.24772026 0.00460514
v -0.18444067 0.24486355 0.00811411
v -0.17137533 0.25483166 0.00843314
v -0.12118010 0.27264052 0.00061763
v -0.11170012 0.27896176 0.00237215
v -0.10009324 0.28206158 0.00117590
v -0.09237557 0.28358110 0.00037840
v -0.06849334 0.29215126 0.00149492
v -0.16286766 0.25829618 0.00675841
v -0.15278000 0.26583302 0.00795466
v -0.14153773 0.26832507 0.00508362
v -0.13169314 0.27014850 0.00237215
v -0.07900638 0.29695295 0.00803439
v -0.08678482 0.29585891 0.00946988
v -0.06849334 0.30187624 0.01584983
v -0.05791952 0.30412512 0.01584983
v -0.05147800 0.30540154 0.01584983
v -0.04619109 0.30631326 0.01584983
v -0.03683266 0.30765043 0.01584983
v -0.02631961 0.30923076 0.02637680
v -0.01580657 0.31002091 0.03690377
v 0.00521952 0.31044636 0.06856440
v -0.01580657 0.31008170 0.75361453
v -0.00523276 0.31038558 0.75361453
v 0.02630638 0.30929151 0.03690377
v 0.01579333 0.31008170 0.67984604
v 0.02630638 0.30935230 0.66923931
v 0.04757555 0.30619169 0.01664733
v 0.05116092 0.30540154 0.01369662
v 0.08689312 0.29585891 0.00946988
v 0.07899314 0.29695295 0.00811411
v 0.04739324 0.30661718 0.03690377
v 0.04739324 0.30655639 0.02637680
v 0.05280168 0.30564467 0.02071456
v 0.03688019 0.30819748 0.25828901
v 0.12098455 0.27975191 0.00635966
v 0.13174068 0.27659128 0.00763563
v 0.11733841 0.28516144 0.00970911
v 0.16291520 0.25829618 0.00667862
v 0.13878989 0.27495019 0.00939015
v 0.15914751 0.26413115 0.00970911
v 0.17154439 0.25489244 0.00835341
v 0.17415746 0.24784182 0.00452542
v 0.18442744 0.24504590 0.00803439
v 0.19427203 0.23671889 0.00747612
v 0.20521045 0.22638609 0.00675841
v 0.21590582 0.21593173 0.00659890
v 0.22641886 0.20517349 0.00683813
v 0.23668882 0.19417209 0.00763563
v 0.25060494 0.16335608 0.00117590
v 0.24774878 0.17405355 0.00460514
v 0.24489264 0.18444712 0.00811411
v 0.26367027 0.13740253 -0.00002036
v 0.25814029 0.15357032 0.00221264
v 0.26154336 0.14439237 0.00085693
v 0.27229948 0.12305819 0.00077715
v 0.28026023 0.11065885 0.00293041
v 0.28214405 0.10008294 0.00117590
v 0.28360252 0.09236374 0.00037840
v 0.29211017 0.06847675 0.00157465
v 0.29812630 0.06847675 0.00683813
v 0.30584398 0.04343494 0.01026738
v 0.30845707 0.02629466 0.01584983
v 0.30888246 0.02629466 0.02637680
v 0.30894321 0.02629466 0.03690377
v 0.30973323 0.01577953 0.04751052
v 0.31009781 0.00526440 0.04751052
v 0.31009781 -0.00525074 0.04751052
v 0.30979398 -0.01576587 0.06856440
v 0.30906478 -0.02634178 0.06856440
v 0.30645169 -0.04706814 0.05803743
v 0.30912553 -0.02634178 0.10014531
v 0.30797094 -0.03685691 0.08961834
v 0.30663401 -0.04737205 0.18452053
v 0.30572248 -0.05296391 0.17399356
v 0.30468938 -0.05819109 0.16338686
v 0.30256245 -0.06846310 0.20557444
v 0.29994942 -0.07903901 0.20557444
v 0.29697170 -0.08955414 0.21610141
v 0.28967941 -0.11064518 0.19504750
v 0.29527022 -0.09526757 0.24776204
v 0.29344709 -0.10055552 0.24776204
v 0.28615485 -0.11958001 0.25828901
v 0.28621561 -0.11976235 0.35311143
v 0.28627636 -0.11988392 0.70089995
v 0.29356866 -0.10092021 0.70089995
v 0.28998329 -0.11064518 0.70089995
v 0.30578323 -0.05338938 0.75361453
v 0.30675551 -0.04737205 0.75361453
v 0.30821401 -0.03685691 0.75361453
v 0.30930784 -0.02634178 0.75361453
v 0.29539171 -0.09563225 0.69037301
v 0.30019250 -0.07903901 0.73248086
v 0.29721477 -0.08955414 0.67984604
v 0.30274476 -0.06846310 0.74308756
v 0.30481095 -0.05873812 0.73248086
v 0.30979398 -0.01576587 0.76414150
v 0.30724166 -0.02634178 0.77219621
v 0.29770097 -0.02634178 0.78136744
v 0.30760629 -0.01576587 0.77275447
v 0.30359554 -0.00525074 0.77825719
v 0.28980098 -0.02634178 0.78407891
v 0.20685121 -0.01576587 0.80896086
v -0.20631753 -0.01576587 0.80896086
v -0.28981417 -0.01576587 0.78431818
v -0.29813956 -0.01576587 0.78152692
v -0.30366954 -0.00525074 0.77833695
v -0.30780180 -0.00525074 0.77307346
v -0.30476339 -0.05855577 0.26881597
v -0.30573567 -0.05308547 0.18452053
v -0.30780180 0.00526440 0.77299371
v -0.31011107 0.00526440 0.76414150
v -0.31035414 -0.00525074 0.75361453
v -0.31041489 -0.00525074 0.32153053
v -0.31029339 -0.00525074 0.17399356
v -0.30992875 0.01577953 0.22662835
v -0.30913873 0.02629466 0.20557444
v -0.31035414 0.00526440 0.26881597
v -0.30640414 0.04671712 0.05803743
v -0.30786262 0.03687057 0.10014531
v -0.29953723 0.07899189 0.02637680
v -0.29662033 0.08914233 0.02637680
v -0.29497958 0.09443029 0.02637680
v -0.29303495 0.10008294 0.02637680
v -0.28872039 0.11065885 0.01584983
v -0.27492575 0.13880050 0.00931036
v -0.28562116 0.11843883 0.01584983
v -0.28337265 0.12372679 0.01584983
v -0.27966579 0.13174989 0.01584983
v -0.30658646 0.04738571 0.32153053
v -0.30567492 0.05273445 0.26881597
v -0.30567492 0.05279523 0.27934292
v -0.30464183 0.05802241 0.26881597
v -0.30251495 0.06847675 0.32153053
v -0.30245414 0.06847675 0.26881597
v -0.29990186 0.07899189 0.28986989
v -0.26410891 0.15910139 0.00970911
v -0.25244122 0.17842979 0.01584983
v -0.24800510 0.18444712 0.01584983
v -0.24326511 0.19076836 0.01584983
v -0.23366360 0.20231677 0.01584983
v -0.22892361 0.20754394 0.01584983
v -0.22369748 0.21325736 0.01584983
v -0.21847135 0.21848455 0.01584983
v -0.20139524 0.23288967 0.00939015
v -0.21318443 0.22365094 0.01584983
v -0.19015296 0.24273621 0.01010786
v -0.15903921 0.26407037 0.00978890
v -0.12093702 0.27975191 0.00635966
v -0.11066705 0.28637704 0.00819390
v -0.07900638 0.29087484 0.00277090
v -0.10009324 0.28838282 0.00643938
v -0.13169314 0.27653050 0.00763563
v -0.13874235 0.27488941 0.00939015
v -0.11723010 0.28510065 0.00978890
v -0.09395556 0.29482563 0.01584983
v -0.08872943 0.29646672 0.01584983
v -0.07900638 0.29920187 0.01584983
v -0.06849334 0.30230169 0.02637680
v -0.05263261 0.30564467 0.02334630
v -0.03683266 0.30807591 0.02637680
v -0.02631961 0.30929151 0.20557444
v 0.00521952 0.31038558 0.75361453
v 0.01579333 0.31008170 0.69037301
v -0.02631961 0.30929151 0.75361453
v -0.01580657 0.30989935 0.76414150
v -0.00523276 0.31026401 0.76414150
v 0.02630638 0.30935230 0.74308756
v 0.05699475 0.30448982 0.01664733
v 0.06848010 0.30193702 0.01584983
v 0.07899314 0.29932343 0.01584983
v 0.09388156 0.29476485 0.01393586
v 0.05304476 0.30570546 0.04751052
v 0.05298399 0.30570546 0.03690377
v 0.05292322 0.30570546 0.02637680
v 0.04739324 0.30667793 0.34258447
v 0.05821013 0.30467217 0.02637680
v 0.06848010 0.30242326 0.02637680
v 0.03688019 0.30819748 0.75361453
v 0.11065382 0.28886909 0.01584983
v 0.11855380 0.28570845 0.01584983
v 0.12384070 0.28339878 0.01584983
v 0.13174068 0.27969113 0.01584983
v 0.14012680 0.27561878 0.01584983
v 0.14541372 0.27288366 0.01584983
v 0.19026127 0.24285778 0.00994835
v 0.15282753 0.26881130 0.01584983
v 0.15999828 0.26467820 0.01584983
v 0.16528519 0.26139601 0.01584983
v 0.17330670 0.25610806 0.01584983
v 0.17859360 0.25252197 0.01584983
v 0.20150354 0.23295045 0.00931036
v 0.21232044 0.22280001 0.00899140
v 0.22277270 0.21228488 0.00899140
v 0.23292114 0.20146583 0.00931036
v 0.24276572 0.19016054 0.01010786
v 0.25479799 0.17137919 0.00851286
v 0.25826184 0.16286983 0.00675841
v 0.26579720 0.15278017 0.00795466
v 0.26834948 0.14159644 0.00508362
v 0.27023335 0.13174989 0.00229242
v 0.27661411 0.13174989 0.00755591
v 0.28639792 0.11065885 0.00819390
v 0.28834249 0.10008294 0.00643938
v 0.29083407 0.07899189 0.00293041
v 0.29685020 0.07899189 0.00819390
v 0.29581710 0.08658953 0.00954960
v 0.30165091 0.06847675 0.01584983
v 0.30389936 0.05796162 0.01584983
v 0.30529710 0.05054633 0.01584983
v 0.30614788 0.04525837 0.01584983
v 0.30730247 0.03687057 0.01584983
v 0.30772786 0.03687057 0.02637680
v 0.30778861 0.03687057 0.03690377
v 0.30784936 0.03687057 0.05803743
v 0.30900396 0.02629466 0.06856440
v 0.31015862 0.00526440 0.08961834
v 0.30912553 0.02629466 0.15285989
v 0.30985474 0.01577953 0.14233292
v 0.31028013 0.00526440 0.17399356
v 0.31021937 -0.00525074 0.11075201
v 0.31015862 -0.00525074 0.07909137
v 0.30985474 -0.01576587 0.10014531
v 0.30918629 -0.02634178 0.14233292
v 0.30809243 -0.03685691 0.16338686
v 0.30815324 -0.03685691 0.21610141
v 0.30669476 -0.04737205 0.25828901
v 0.30572248 -0.05302469 0.18452053
v 0.30468938 -0.05825187 0.17399356
v 0.30475013 -0.05849499 0.27934292
v 0.30262325 -0.06846310 0.27934292
v 0.30007092 -0.07903901 0.33205750
v 0.29703251 -0.08955414 0.27934292
v 0.28980098 -0.11064518 0.30047662
v 0.29709327 -0.08955414 0.35311143
v 0.29527022 -0.09532834 0.27934292
v 0.28986173 -0.11064518 0.36371814
v 0.30578323 -0.05345016 0.74308756
v 0.30827476 -0.03685691 0.74308756
v 0.30675551 -0.04737205 0.34258447
v 0.31003706 -0.01576587 0.74308756
v 0.30997631 -0.01576587 0.75361453
v 0.30936859 -0.02634178 0.73248086
v 0.30019250 -0.07903901 0.70089995
v 0.30274476 -0.06846310 0.69037301
v 0.30578323 -0.05345016 0.69037301
v 0.30268401 -0.06846310 0.37424511
v 0.30475013 -0.05867733 0.37424511
v 0.30578323 -0.05338938 0.36371814
v 0.31009781 -0.00525074 0.76414150
v 0.31034089 -0.00525074 0.75361453
v 0.29806555 -0.01576587 0.78152692
v 0.30778861 -0.00525074 0.77299371
v 0.30359554 0.00526440 0.77825719
v 0.29836944 0.00526440 0.78160668
v 0.29830862 -0.00525074 0.78160668
v 0.28980098 -0.00525074 0.78439790
v 0.20733737 -0.00525074 0.80896086
v -0.20637830 -0.01479337 0.80896086
v -0.28981417 -0.00525074 0.78439790
v -0.29838263 -0.00525074 0.78160668
v -0.20686444 -0.00525074 0.80896086
v -0.30366954 0.00526440 0.77825719
v -0.29838263 0.00526440 0.78160668
v -0.30761954 0.01577953 0.77275447
v -0.30974642 0.01577953 0.76414150
v -0.31029339 0.00526440 0.75361453
v -0.31035414 0.00526440 0.73248086
v -0.30919954 0.02629466 0.30047662
v -0.30992875 0.01577953 0.75361453
v -0.30804494 0.03687057 0.27934292
v -0.29662033 0.08920312 0.03690377
v -0.29692415 0.08956780 0.28986989
v -0.29522266 0.09515966 0.30047662
v -0.28914571 0.11065885 0.02637680
v -0.29339960 0.10044762 0.31100358
v -0.28963192 0.11065885 0.28986989
v -0.27559422 0.14013769 0.01584983
v -0.27285962 0.14536486 0.01584983
v -0.28580342 0.11892508 0.02637680
v -0.28361579 0.12421304 0.02637680
v -0.28015193 0.13174989 0.02637680
v -0.30567492 0.05285601 0.30047662
v -0.30664721 0.04738571 0.73248086
v -0.30573567 0.05309913 0.73248086
v -0.30464183 0.05814397 0.30047662
v -0.30470259 0.05838709 0.73248086
v -0.30257571 0.06847675 0.71142692
v -0.30002336 0.07899189 0.72195389
v -0.29996261 0.07899189 0.46898777
v -0.26878812 0.15278017 0.01584983
v -0.26465581 0.15995234 0.01584983
v -0.26131351 0.16524030 0.01584983
v -0.25602661 0.17320262 0.01584983
v -0.25268431 0.17879448 0.02637680
v -0.24849124 0.18444712 0.02637680
v -0.24350819 0.19107226 0.02637680
v -0.23919359 0.19636021 0.02637680
v -0.23390668 0.20255990 0.02637680
v -0.22922745 0.20784786 0.02637680
v -0.22394055 0.21350050 0.02637680
v -0.21877518 0.21878845 0.02637680
v -0.20753290 0.22887811 0.01584983
v -0.20224600 0.23361905 0.01584983
v -0.21348828 0.22389406 0.02637680
v -0.20783676 0.22918203 0.02637680
v -0.19592602 0.23884622 0.01584983
v -0.19063911 0.24316168 0.01584983
v -0.18444067 0.24790260 0.01584983
v -0.17836377 0.25240040 0.01584983
v -0.17313763 0.25598649 0.01584983
v -0.16517688 0.26127445 0.01584983
v -0.15988998 0.26461742 0.01584983
v -0.15278000 0.26868974 0.01584983
v -0.14530540 0.27282287 0.01584983
v -0.14001850 0.27555803 0.01584983
v -0.13169314 0.27956956 0.01584983
v -0.12367163 0.28333800 0.01584983
v -0.11838472 0.28558689 0.01584983
v -0.11066705 0.28868674 0.01584983
v -0.10009324 0.29263750 0.01584983
v -0.09468479 0.29506876 0.02637680
v -0.08939789 0.29664907 0.02637680
v -0.07900638 0.29962732 0.02637680
v -0.07900638 0.29968810 0.03690377
v -0.06849334 0.30236247 0.04751052
v -0.05798029 0.30461139 0.03690377
v -0.05688645 0.30479374 0.02669582
v -0.05269338 0.30564467 0.03036430
v -0.04740648 0.30649561 0.03690377
v -0.04843955 0.30631326 0.02669582
v -0.04740648 0.30655639 0.16338686
v -0.03683266 0.30813669 0.22662835
v 0.00521952 0.31026401 0.76414150
v 0.01579333 0.31002091 0.75361453
v -0.03683266 0.30813669 0.75361453
v -0.02631961 0.30910920 0.76414150
v -0.03683266 0.30673871 0.77139870
v -0.02631961 0.30728576 0.77227596
v -0.01580657 0.30765043 0.77275447
v -0.00523276 0.30783278 0.77307346
v 0.02630638 0.30929151 0.75361453
v 0.09485387 0.29512952 0.02095386
v 0.09005311 0.29622358 0.01680684
v 0.07899314 0.29974889 0.02637680
v 0.09904693 0.29324533 0.01680684
v 0.05839244 0.30473296 0.35311143
v 0.05833167 0.30467217 0.05803743
v 0.05827090 0.30467217 0.03690377
v 0.05322707 0.30576621 0.64818539
v 0.04739324 0.30667793 0.75361453
v 0.06848010 0.30254482 0.06856440
v 0.07899314 0.29987045 0.04751052
v 0.07899314 0.29980967 0.03690377
v 0.02630638 0.30916998 0.76414150
v 0.03688019 0.30801513 0.76414150
v 0.04836555 0.30637404 0.76461997
v 0.11065382 0.28941611 0.02637680
v 0.11910071 0.28595159 0.02637680
v 0.12438763 0.28364189 0.02637680
v 0.13174068 0.28023815 0.02637680
v 0.14055219 0.27586191 0.02637680
v 0.14583910 0.27312676 0.02637680
v 0.15282753 0.26929757 0.02637680
v 0.18442744 0.24820652 0.01584983
v 0.19086897 0.24334403 0.01584983
v 0.19615587 0.23902856 0.01584983
v 0.20241508 0.23374060 0.01584983
v 0.16036291 0.26486055 0.02637680
v 0.16564980 0.26163913 0.02637680
v 0.17367132 0.25635117 0.02637680
v 0.17889746 0.25276509 0.02637680
v 0.18442744 0.24869277 0.02637680
v 0.20770200 0.22906046 0.01584983
v 0.21335351 0.22377251 0.01584983
v 0.21864042 0.21860610 0.01584983
v 0.22374502 0.21331815 0.01584983
v 0.22903192 0.20760472 0.01584983
v 0.23371113 0.20237755 0.01584983
v 0.26403490 0.15897984 0.00978890
v 0.23893728 0.19599553 0.01584983
v 0.24319111 0.19076836 0.01584983
v 0.24793109 0.18444712 0.01584983
v 0.25236723 0.17836901 0.01584983
v 0.25595261 0.17314184 0.01584983
v 0.27491256 0.13873972 0.00931036
v 0.28512176 0.11728399 0.00970911
v 0.29253556 0.10008294 0.01584983
v 0.29472326 0.09376170 0.01584983
v 0.29636399 0.08847374 0.01584983
v 0.29897708 0.07899189 0.01584983
v 0.29946322 0.07899189 0.02637680
v 0.30207630 0.06847675 0.02637680
v 0.30432476 0.05796162 0.02637680
v 0.30547941 0.05182273 0.02637680
v 0.30633013 0.04653477 0.02637680
v 0.30639094 0.04671712 0.03690377
v 0.30645169 0.04702102 0.08961834
v 0.30803168 0.03687057 0.17399356
v 0.30809243 0.03687057 0.22662835
v 0.30918629 0.02629466 0.20557444
v 0.30991556 0.01577953 0.20557444
v 0.30997631 0.01577953 0.27934292
v 0.31034089 0.00526440 0.28986989
v 0.31034089 -0.00525074 0.26881597
v 0.31028013 -0.00525074 0.16338686
v 0.30991556 -0.01576587 0.14233292
v 0.30924709 -0.02634178 0.19504750
v 0.30827476 -0.03685691 0.36371814
v 0.30578323 -0.05332860 0.34258447
v 0.31040169 -0.00525074 0.58494387
v 0.31003706 -0.01576587 0.32153053
v 0.30936859 -0.02634178 0.36371814
v 0.31009781 0.00526440 0.76414150
v 0.31034089 0.00526440 0.75361453
v 0.30778861 0.00526440 0.77299371
v 0.30341323 0.01577953 0.77801796
v 0.29812630 0.01577953 0.78152692
v 0.28980098 0.01577953 0.78431818
v 0.28980098 0.00526440 0.78439790
v 0.20733737 0.00526440 0.80896086
v -0.28981417 0.00526440 0.78439790
v -0.20686444 0.00526440 0.80896086
v -0.30342648 0.01577953 0.77801796
v -0.29813956 0.01577953 0.78152692
v -0.28981417 0.01577953 0.78431818
v -0.30725492 0.02629466 0.77219621
v -0.30901722 0.02629466 0.76414150
v -0.30919954 0.02629466 0.75361453
v -0.30810570 0.03687057 0.72195389
v -0.29704571 0.08956780 0.70089995
v -0.29528340 0.09534201 0.70089995
v -0.28586423 0.11898586 0.05803743
v -0.28610729 0.11959367 0.30047662
v -0.28969267 0.11065885 0.34258447
v -0.29346035 0.10062996 0.72195389
v -0.28981417 0.11065885 0.71142692
v -0.27583728 0.14056315 0.02637680
v -0.27310270 0.14579033 0.02637680
v -0.28021268 0.13174989 0.04751052
v -0.28385886 0.12476007 0.25828901
v -0.30664721 0.04738571 0.74308756
v -0.30573567 0.05309913 0.75361453
v -0.30470259 0.05838709 0.75361453
v -0.30257571 0.06847675 0.75361453
v -0.30002336 0.07899189 0.75361453
v -0.26921352 0.15278017 0.02637680
v -0.26483813 0.16031702 0.02637680
v -0.26155660 0.16560498 0.02637680
v -0.25626968 0.17350652 0.02637680
v -0.24855201 0.18444712 0.03690377
v -0.25633046 0.17356730 0.03690377
v -0.25274507 0.17885526 0.05803743
v -0.24861279 0.18444712 0.05803743
v -0.24356896 0.19113304 0.06856440
v -0.23390668 0.20262067 0.03690377
v -0.23925435 0.19642100 0.06856440
v -0.23396744 0.20268145 0.06856440
v -0.22928822 0.20790862 0.04751052
v -0.22400132 0.21356128 0.04751052
v -0.21883595 0.21884923 0.04751052
v -0.20254985 0.23386217 0.02637680
v -0.19622987 0.23915012 0.02637680
v -0.21354905 0.22395484 0.04751052
v -0.20783676 0.22924280 0.04751052
v -0.19100374 0.24340479 0.02637680
v -0.18444067 0.24838885 0.02637680
v -0.17872839 0.25264354 0.02637680
v -0.17350224 0.25629039 0.02637680
v -0.16554150 0.26151758 0.02637680
v -0.16025459 0.26486055 0.02637680
v -0.15278000 0.26917600 0.02637680
v -0.14579156 0.27312676 0.02637680
v -0.14050465 0.27580113 0.02637680
v -0.13169314 0.28005580 0.02637680
v -0.12415778 0.28358110 0.02637680
v -0.11887088 0.28583002 0.02637680
v -0.11066705 0.28917298 0.02637680
v -0.10009324 0.29312376 0.02637680
v -0.10009324 0.29318455 0.05803743
v -0.09480633 0.29506876 0.05803743
v -0.09486710 0.29512952 0.12127898
v -0.08951942 0.29670985 0.05803743
v -0.07900638 0.29980967 0.18452053
v -0.06849334 0.30242326 0.17399356
v -0.05275415 0.30564467 0.04751052
v -0.05810182 0.30467217 0.51117538
v -0.05293646 0.30570546 0.64818539
v -0.04740648 0.30661718 0.64818539
v 0.01579333 0.30989935 0.76414150
v 0.00521952 0.30783278 0.77299371
v 0.01579333 0.30771121 0.77283420
v -0.04740648 0.30661718 0.75361453
v -0.03683266 0.30795434 0.76414150
v -0.04521879 0.30613091 0.77036197
v -0.06375335 0.29519030 0.78001168
v -0.03683266 0.30242326 0.77666219
v -0.02631961 0.30303109 0.77753945
v -0.01580657 0.30339576 0.77801796
v -0.00523276 0.30363889 0.77833695
v 0.00521952 0.30357811 0.77833695
v 0.08956696 0.29677063 0.02637680
v 0.08956696 0.29683142 0.03690377
v 0.09503617 0.29519030 0.04751052
v 0.10020154 0.29330611 0.02637680
v 0.05851397 0.30473296 0.66923931
v 0.06848010 0.30260561 0.37424511
v 0.05322707 0.30576621 0.73248086
v 0.05298399 0.30570546 0.76143000
v 0.05316630 0.30576621 0.75361453
v 0.07899314 0.29999202 0.25828901
v 0.07899314 0.29993124 0.13180595
v 0.08956696 0.29689217 0.06856440
v 0.08956696 0.29695295 0.13180595
v 0.02630638 0.30734654 0.77227596
v 0.03688019 0.30673871 0.77139870
v 0.04550940 0.30613091 0.77036197
v 0.05249784 0.30558389 0.76844797
v 0.11065382 0.28947689 0.04751052
v 0.12444839 0.28370267 0.04751052
v 0.11922225 0.28601237 0.06856440
v 0.13174068 0.28035972 0.06856440
v 0.14067372 0.27592269 0.05803743
v 0.14589986 0.27318754 0.04751052
v 0.16042366 0.26492130 0.03690377
v 0.15282753 0.26935832 0.04751052
v 0.19117281 0.24358714 0.02637680
v 0.19645971 0.23927169 0.02637680
v 0.20271892 0.23398373 0.02637680
v 0.16048443 0.26498208 0.08961834
v 0.16577134 0.26169991 0.10014531
v 0.17391439 0.25653352 0.20557444
v 0.17895823 0.25282587 0.04751052
v 0.17907977 0.25288665 0.12127898
v 0.19123357 0.24364793 0.04751052
v 0.18442744 0.24887510 0.08961834
v 0.19135511 0.24370871 0.10014531
v 0.20800584 0.22930358 0.02637680
v 0.21365735 0.22407641 0.02637680
v 0.21888349 0.21891002 0.02637680
v 0.22404885 0.21362206 0.02637680
v 0.22927499 0.20790862 0.02637680
v 0.23395422 0.20268145 0.02637680
v 0.23924112 0.19636021 0.02637680
v 0.26123951 0.16511873 0.01584983
v 0.26458180 0.15989156 0.01584983
v 0.26871411 0.15278017 0.01584983
v 0.27284643 0.14536486 0.01584983
v 0.24349496 0.19107226 0.02637680
v 0.24853878 0.18444712 0.02637680
v 0.25267109 0.17879448 0.02637680
v 0.25625644 0.17356730 0.02637680
v 0.27558102 0.14007690 0.01584983
v 0.27965252 0.13174989 0.01584983
v 0.28335945 0.12372679 0.01584983
v 0.28560790 0.11849961 0.01584983
v 0.28870713 0.11065885 0.01584983
v 0.29302170 0.10008294 0.02637680
v 0.29496632 0.09443029 0.02637680
v 0.29660712 0.08920312 0.02637680
v 0.29952403 0.07899189 0.03690377
v 0.30213705 0.06847675 0.03690377
v 0.30438556 0.05796162 0.03690377
v 0.30554016 0.05194429 0.03690377
v 0.30554016 0.05212664 0.04751052
v 0.30560091 0.05230898 0.08961834
v 0.30566166 0.05267367 0.17072383
v 0.30657319 0.04738571 0.21610141
v 0.30663401 0.04738571 0.26881597
v 0.30815324 0.03687057 0.28986989
v 0.30924709 0.02629466 0.26881597
v 0.30930784 0.02629466 0.70089995
v 0.30997631 0.01577953 0.75361453
v 0.30979398 0.01577953 0.76414150
v 0.30760629 0.01577953 0.77275447
v 0.30724166 0.02629466 0.77219621
v 0.30298783 0.02629466 0.77745969
v 0.29654632 0.04738571 0.78080918
v 0.29721477 0.03687057 0.78112817
v 0.29776172 0.02629466 0.78136744
v 0.28980098 0.02629466 0.78407891
v 0.20685121 0.01577953 0.80896086
v -0.20637830 0.01577953 0.80896086
v -0.30306184 0.02629466 0.77745969
v -0.29777493 0.02629466 0.78136744
v -0.29722804 0.03687057 0.78112817
v -0.29655958 0.04738571 0.78080918
v -0.28981417 0.02629466 0.78407891
v -0.30670802 0.03687057 0.77131898
v -0.30610032 0.04525837 0.77036197
v -0.30792337 0.03687057 0.76414150
v -0.30810570 0.03687057 0.75361453
v -0.29704571 0.08956780 0.75361453
v -0.29528340 0.09534201 0.75361453
v -0.28385886 0.12488163 0.31100358
v -0.28385886 0.12482085 0.27934292
v -0.28622881 0.11989758 0.74308756
v -0.29346035 0.10062996 0.75361453
v -0.28981417 0.11065885 0.75361453
v -0.27316345 0.14585111 0.06856440
v -0.28063806 0.13174989 0.25828901
v -0.27614117 0.14104940 0.30047662
v -0.27322427 0.14603346 0.14233292
v -0.28075963 0.13174989 0.33205750
v -0.28069881 0.13174989 0.28986989
v -0.30658646 0.04738571 0.75361453
v -0.30567492 0.05291679 0.76039326
v -0.30245414 0.06847675 0.76414150
v -0.29990186 0.07899189 0.76414150
v -0.26489888 0.16037781 0.05803743
v -0.27340659 0.14633736 0.31100358
v -0.26976041 0.15278017 0.30047662
v -0.26161736 0.16566576 0.06856440
v -0.26186044 0.16603045 0.28986989
v -0.25584430 0.17496527 0.26785897
v -0.25298814 0.17921994 0.30047662
v -0.24897740 0.18444712 0.22662835
v -0.24369050 0.19131539 0.17399356
v -0.23943665 0.19666413 0.22662835
v -0.23414975 0.20286380 0.20557444
v -0.22406209 0.21362206 0.08961834
v -0.22953131 0.20821254 0.26881597
v -0.21889672 0.21891002 0.10014531
v -0.19629064 0.23915012 0.03690377
v -0.20261062 0.23392295 0.06856440
v -0.19100374 0.24346558 0.03690377
v -0.20789752 0.22924280 0.06856440
v -0.21907902 0.21909235 0.27934292
v -0.21379212 0.22413719 0.25828901
v -0.18444067 0.24844963 0.03690377
v -0.17878916 0.25270432 0.04751052
v -0.16560226 0.26157836 0.04751052
v -0.17897146 0.25282587 0.20557444
v -0.17374532 0.25641196 0.22662835
v -0.16031536 0.26486055 0.03690377
v -0.15278000 0.26923679 0.03690377
v -0.14591308 0.27318754 0.08961834
v -0.14062619 0.27586191 0.07909137
v -0.13169314 0.28017737 0.06856440
v -0.12427931 0.28364189 0.08961834
v -0.11899241 0.28589080 0.06856440
v -0.11066705 0.28923376 0.05803743
v -0.11066705 0.28935533 0.16338686
v -0.10015400 0.29324533 0.14233292
v -0.10021477 0.29324533 0.17399356
v -0.09504940 0.29519030 0.33205750
v -0.08958019 0.29683142 0.26881597
v -0.08958019 0.29677063 0.16338686
v -0.08958019 0.29689217 0.54275627
v -0.07900638 0.29987045 0.51117538
v -0.06849334 0.30248404 0.54275627
v -0.05822336 0.30467217 0.65871236
v -0.05293646 0.30570546 0.75361453
v 0.01579333 0.30339576 0.77809768
v -0.05287569 0.30570546 0.76007426
v -0.05220723 0.30558389 0.76709223
v -0.04819647 0.30631326 0.76382250
v -0.08757481 0.29610202 0.77115947
v -0.07900638 0.29731765 0.77283420
v -0.06776410 0.29798623 0.77538621
v -0.07080256 0.29421780 0.77929393
v -0.09681171 0.28516144 0.78033067
v -0.08958019 0.28619472 0.78088894
v -0.07900638 0.28771424 0.78144717
v -0.06776410 0.29032783 0.78152692
v -0.05791952 0.29567656 0.78033067
v -0.04740648 0.29652750 0.78080918
v -0.03683266 0.29719608 0.78112817
v -0.02631961 0.29774313 0.78136744
v -0.01580657 0.29810780 0.78152692
v -0.00523276 0.29835093 0.78160668
v 0.00521952 0.29835093 0.78160668
v 0.01579333 0.29816858 0.78152692
v 0.10032308 0.29330611 0.04751052
v 0.10026231 0.29330611 0.03690377
v 0.09521848 0.29525108 0.12127898
v 0.05851397 0.30473296 0.70089995
v 0.06848010 0.30260561 0.75361453
v 0.07899314 0.30005280 0.58494387
v 0.05845321 0.30473296 0.75361453
v 0.05711629 0.30479374 0.76461997
v 0.08956696 0.29707452 0.34258447
v 0.02630638 0.30303109 0.77753945
v 0.03688019 0.30248404 0.77666219
v 0.06398319 0.29525108 0.78001168
v 0.05796705 0.30047825 0.77466847
v 0.06787241 0.29804702 0.77538621
v 0.07899314 0.29737843 0.77299371
v 0.08956696 0.29591970 0.77076072
v 0.09485387 0.29512952 0.76940498
v 0.06848010 0.30242326 0.76414150
v 0.10044462 0.29336686 0.11075201
v 0.11065382 0.28953767 0.08961834
v 0.11928302 0.28601237 0.07909137
v 0.12450916 0.28370267 0.05803743
v 0.13174068 0.28042050 0.10014531
v 0.14073449 0.27598348 0.10014531
v 0.14602141 0.27324833 0.11075201
v 0.15282753 0.26941911 0.07909137
v 0.19645971 0.23933247 0.03690377
v 0.20277969 0.23404452 0.03690377
v 0.15282753 0.26947989 0.12127898
v 0.16060597 0.26504287 0.18452053
v 0.16589289 0.26176070 0.19504750
v 0.16595365 0.26182148 0.27934292
v 0.17391439 0.25665509 0.32153053
v 0.17926206 0.25300822 0.30047662
v 0.17920130 0.25294744 0.20557444
v 0.18442744 0.24899667 0.15285989
v 0.19652048 0.23933247 0.04751052
v 0.19664202 0.23945402 0.11075201
v 0.19658124 0.23939326 0.07909137
v 0.19141587 0.24376949 0.15285989
v 0.19670279 0.23951481 0.16338686
v 0.20800584 0.22936436 0.03690377
v 0.21371812 0.22413719 0.04751052
v 0.21900502 0.21903157 0.06856440
v 0.21894426 0.21891002 0.03690377
v 0.22933576 0.20796941 0.03690377
v 0.21906579 0.21903157 0.07909137
v 0.22410962 0.21374361 0.05803743
v 0.23407575 0.20280302 0.08961834
v 0.23930189 0.19648178 0.06856440
v 0.24355573 0.19113304 0.04751052
v 0.26154336 0.16554420 0.02637680
v 0.26488567 0.16031702 0.02637680
v 0.26926100 0.15278017 0.02637680
v 0.27315026 0.14585111 0.02637680
v 0.25273186 0.17885526 0.03690377
v 0.24872110 0.18444712 0.06856440
v 0.25279262 0.17891604 0.05803743
v 0.25631723 0.17356730 0.03690377
v 0.26160414 0.16566576 0.04751052
v 0.27582409 0.14056315 0.02637680
v 0.28013867 0.13174989 0.02637680
v 0.28360252 0.12427382 0.02637680
v 0.28585098 0.11898586 0.02637680
v 0.28919326 0.11065885 0.02637680
v 0.29308251 0.10008294 0.03690377
v 0.29502707 0.09449107 0.04751052
v 0.29958478 0.07899189 0.05803743
v 0.29502707 0.09455186 0.05803743
v 0.29514864 0.09491654 0.20557444
v 0.29672864 0.08956780 0.17399356
v 0.30225863 0.06847675 0.06856440
v 0.30219788 0.06847675 0.04751052
v 0.30444631 0.05796162 0.04751052
v 0.30450706 0.05796162 0.07909137
v 0.30468938 0.05814397 0.22662835
v 0.30572248 0.05297757 0.25828901
v 0.30669476 0.04738571 0.36371814
v 0.30821401 0.03687057 0.69037301
v 0.30930784 0.02629466 0.71142692
v 0.30924709 0.02629466 0.75361453
v 0.30906478 0.02629466 0.76414150
v 0.30669476 0.03687057 0.77131898
v 0.29575635 0.05796162 0.78041043
v 0.30244095 0.03687057 0.77658243
v 0.28980098 0.05796162 0.78264342
v 0.28980098 0.04738571 0.78328141
v 0.28980098 0.03687057 0.78375992
v 0.20593968 0.02501826 0.80896086
v -0.20528446 0.02629466 0.80896086
v -0.28981417 0.03687057 0.78375992
v -0.29576955 0.05796162 0.78041043
v -0.30245414 0.03687057 0.77658243
v -0.28981417 0.04738571 0.78328141
v -0.28981417 0.05796162 0.78264342
v -0.29522266 0.06397895 0.78001168
v -0.29589111 0.08956780 0.77076072
v -0.30555336 0.05224820 0.76741123
v -0.29807881 0.06786894 0.77538621
v -0.29741035 0.07899189 0.77299371
v -0.30628264 0.04823664 0.76398198
v -0.29686340 0.08956780 0.76414150
v -0.29516191 0.09509888 0.76414150
v -0.29339960 0.10038684 0.76414150
v -0.28398036 0.12512475 0.72195389
v -0.28100270 0.13174989 0.74308756
v -0.28622881 0.11989758 0.75361453
v -0.28963192 0.11065885 0.76414150
v -0.27614117 0.14111019 0.32153053
v -0.30476339 0.05704991 0.76398198
v -0.29510108 0.09485576 0.76940498
v -0.26514194 0.16074249 0.30047662
v -0.27352809 0.14658049 0.69037301
v -0.27006422 0.15278017 0.72195389
v -0.26526351 0.16098561 0.63765843
v -0.26520276 0.16092483 0.51117538
v -0.25663430 0.17387121 0.30047662
v -0.26198196 0.16615201 0.50064841
v -0.25687737 0.17387121 0.50064841
v -0.24909892 0.18450790 0.33205750
v -0.24903817 0.18444712 0.25828901
v -0.25310970 0.17940229 0.49012144
v -0.24375126 0.19137617 0.22662835
v -0.23949742 0.19672491 0.27934292
v -0.23421052 0.20292458 0.25828901
v -0.22424441 0.21380440 0.25828901
v -0.22430517 0.21386518 0.32153053
v -0.23433206 0.20304614 0.44793385
v -0.22965283 0.20833409 0.47951473
v -0.19635141 0.23921091 0.08961834
v -0.19106450 0.24346558 0.05803743
v -0.20279292 0.23410528 0.25828901
v -0.18444067 0.24851042 0.05803743
v -0.20807982 0.22942515 0.25828901
v -0.21907902 0.21915314 0.32153053
v -0.21403521 0.22438031 0.70089995
v -0.16037613 0.26492130 0.11075201
v -0.17380608 0.25647274 0.30047662
v -0.16584535 0.26176070 0.32153053
v -0.18444067 0.24881432 0.24776204
v -0.18444067 0.24887510 0.28986989
v -0.17903223 0.25288665 0.27934292
v -0.15278000 0.26929757 0.06856440
v -0.15278000 0.26954067 0.30047662
v -0.14603463 0.27324833 0.22662835
v -0.14068696 0.27592269 0.15285989
v -0.13169314 0.28029893 0.17399356
v -0.12446162 0.28370267 0.23723510
v -0.11911395 0.28595159 0.16338686
v -0.11066705 0.28941611 0.24776204
v -0.11066705 0.28953767 0.59547083
v -0.10039708 0.29336686 0.74308756
v -0.09517095 0.29519030 0.64818539
v -0.08958019 0.29689217 0.75361453
v -0.07900638 0.29987045 0.75361453
v -0.06849334 0.30248404 0.75361453
v -0.05822336 0.30467217 0.75361453
v 0.02630638 0.29774313 0.78136744
v 0.03688019 0.29719608 0.78120793
v 0.04739324 0.29652750 0.78088894
v -0.06849334 0.30230169 0.76414150
v -0.05700798 0.30473296 0.76382250
v -0.07900638 0.29968810 0.76414150
v -0.09462402 0.29500798 0.76765047
v -0.11795934 0.28540454 0.77084047
v -0.11066705 0.28686331 0.77283420
v -0.10386092 0.28388502 0.77953317
v -0.07900638 0.29300220 0.77809768
v -0.12658854 0.27409926 0.78001168
v -0.12118010 0.27513254 0.78056994
v -0.11066705 0.27719911 0.78144717
v -0.10021477 0.27993426 0.78184592
v -0.08958019 0.27926565 0.78328141
v -0.05791952 0.28984156 0.78256366
v -0.04740648 0.28984156 0.78328141
v -0.03683266 0.28984156 0.78375992
v -0.02631961 0.28984156 0.78407891
v -0.01580657 0.28984156 0.78423842
v -0.00523276 0.28984156 0.78439790
v 0.01579333 0.28984156 0.78423842
v 0.02630638 0.28984156 0.78407891
v 0.09540078 0.29531187 0.34258447
v 0.10056616 0.29342765 0.24776204
v 0.10050538 0.29336686 0.13180595
v 0.07899314 0.29999202 0.75361453
v 0.07899314 0.30005280 0.71142692
v 0.08956696 0.29713530 0.67984604
v 0.05796705 0.29573735 0.78041043
v 0.07899314 0.28789659 0.78152692
v 0.08956696 0.28637704 0.78096869
v 0.09716309 0.28528300 0.78041043
v 0.07103239 0.29427858 0.77937369
v 0.07899314 0.29312376 0.77825719
v 0.08956696 0.29160421 0.77602420
v 0.10415153 0.28400659 0.77961293
v 0.11065382 0.28698487 0.77299371
v 0.11806764 0.28546532 0.77099995
v 0.11940456 0.28601237 0.76414150
v 0.11065382 0.28953767 0.76414150
v 0.10038385 0.29336686 0.76414150
v 0.09509694 0.29519030 0.76414150
v 0.08956696 0.29689217 0.76414150
v 0.07899314 0.29980967 0.76414150
v 0.11065382 0.28959846 0.14233292
v 0.11934379 0.28607315 0.16338686
v 0.12463070 0.28376345 0.14233292
v 0.12456993 0.28376345 0.12127898
v 0.13174068 0.28048128 0.16338686
v 0.14091682 0.27604426 0.24776204
v 0.14614294 0.27330911 0.21610141
v 0.20284046 0.23410528 0.05803743
v 0.15282753 0.26960145 0.22662835
v 0.16072752 0.26510365 0.31100358
v 0.16619672 0.26194305 0.70089995
v 0.17391439 0.25689821 0.71142692
v 0.17944438 0.25312979 0.66923931
v 0.18454898 0.24917900 0.35311143
v 0.18442744 0.24905745 0.19504750
v 0.18448821 0.24911823 0.26881597
v 0.20290122 0.23416607 0.08961834
v 0.19159819 0.24389104 0.34258447
v 0.19682433 0.23963637 0.28986989
v 0.19676357 0.23957559 0.21610141
v 0.20806659 0.22942515 0.05803743
v 0.20812736 0.22942515 0.06856440
v 0.21377889 0.22419797 0.07909137
v 0.22939654 0.20803019 0.06856440
v 0.21383965 0.22425876 0.11075201
v 0.21906579 0.21909235 0.10014531
v 0.21912657 0.21909235 0.12127898
v 0.22417039 0.21380440 0.10014531
v 0.22945731 0.20809097 0.11075201
v 0.22957885 0.20821254 0.20557444
v 0.23419729 0.20292458 0.18452053
v 0.23948419 0.19666413 0.19504750
v 0.23942342 0.19660335 0.15285989
v 0.24361649 0.19119382 0.07909137
v 0.26166491 0.16572655 0.06856440
v 0.26494643 0.16043857 0.06856440
v 0.26938258 0.15278017 0.06856440
v 0.27321101 0.14597268 0.06856440
v 0.27588484 0.14062394 0.04751052
v 0.27588484 0.14056315 0.03690377
v 0.24878186 0.18444712 0.08961834
v 0.25285338 0.17903761 0.10014531
v 0.25637800 0.17368887 0.06856440
v 0.25637800 0.17362809 0.05803743
v 0.28019948 0.13174989 0.03690377
v 0.28591173 0.11904664 0.05803743
v 0.28026023 0.13174989 0.05803743
v 0.28366327 0.12433460 0.06856440
v 0.28955791 0.11065885 0.21610141
v 0.29332558 0.10020450 0.20557444
v 0.29964554 0.07899189 0.10014531
v 0.29520939 0.09509888 0.28986989
v 0.29691095 0.08956780 0.31100358
v 0.29988860 0.07899189 0.26881597
v 0.29982785 0.07899189 0.22662835
v 0.30244095 0.06847675 0.19504750
v 0.30250170 0.06847675 0.23723510
v 0.30468938 0.05820475 0.23723510
v 0.30572248 0.05303835 0.27934292
v 0.30572248 0.05309913 0.31100358
v 0.30578323 0.05334226 0.69037301
v 0.30669476 0.04738571 0.75361453
v 0.30821401 0.03687057 0.71142692
v 0.30815324 0.03687057 0.75361453
v 0.30791011 0.03687057 0.76414150
v 0.30614788 0.04519759 0.77036197
v 0.29527022 0.06391817 0.78001168
v 0.28779560 0.07899189 0.78152692
v 0.29034786 0.06786894 0.78160668
v 0.30256245 0.04817587 0.77418996
v 0.27928795 0.08956780 0.78336117
v 0.27928795 0.07899189 0.78423842
v 0.20259739 0.04392119 0.80896086
v 0.20417737 0.03705292 0.80896086
v 0.20575738 0.02629466 0.80896086
v -0.20376524 0.03577652 0.80896086
v -0.29036112 0.06786894 0.78160668
v -0.28780880 0.07899189 0.78152692
v -0.20346137 0.03735683 0.80896086
v -0.27930115 0.07899189 0.78415867
v -0.27930115 0.08956780 0.78336117
v -0.20115217 0.04738571 0.80896086
v -0.28628961 0.08956780 0.78096869
v -0.28525652 0.09716544 0.78041043
v -0.29425030 0.07102956 0.77937369
v -0.28404111 0.10421605 0.77961293
v -0.28701883 0.11065885 0.77307346
v -0.29309572 0.07899189 0.77825719
v -0.28398036 0.12512475 0.75361453
v -0.28100270 0.13174989 0.75361453
v -0.27626268 0.14135330 0.73248086
v -0.28610729 0.11965446 0.76414150
v -0.28391961 0.12494241 0.76414150
v -0.28556034 0.11825649 0.77107971
v -0.27352809 0.14658049 0.75361453
v -0.27006422 0.15278017 0.75361453
v -0.26526351 0.16104639 0.74308756
v -0.26204274 0.16627356 0.74308756
v -0.26198196 0.16621278 0.56388995
v -0.25693815 0.17387121 0.59547083
v -0.25317047 0.17946308 0.62713146
v -0.24381203 0.19143696 0.28986989
v -0.24922047 0.18462947 0.50064841
v -0.24393357 0.19161929 0.47951473
v -0.24928125 0.18475103 0.67984604
v -0.24922047 0.18469025 0.55336298
v -0.23961898 0.19690725 0.50064841
v -0.22971361 0.20845566 0.65871236
v -0.22448748 0.21404753 0.69037301
v -0.21932211 0.21933549 0.74308756
v -0.23445359 0.20316770 0.66923931
v -0.19112527 0.24352636 0.11075201
v -0.19653371 0.23939326 0.27934292
v -0.19659448 0.23939326 0.31100358
v -0.20832291 0.22966826 0.73248086
v -0.20303599 0.23428763 0.67984604
v -0.21403521 0.22438031 0.75361453
v -0.16061920 0.26504287 0.34258447
v -0.17909300 0.25288665 0.31100358
v -0.17927530 0.25300822 0.64818539
v -0.17386686 0.25665509 0.64818539
v -0.16602765 0.26188226 0.73248086
v -0.19130757 0.24364793 0.28986989
v -0.19130757 0.24370871 0.33205750
v -0.18444067 0.24893588 0.35311143
v -0.15278000 0.26966224 0.44793385
v -0.14080849 0.27598348 0.28986989
v -0.14615617 0.27330911 0.38477206
v -0.14093004 0.27604426 0.44793385
v -0.13169314 0.28035972 0.24776204
v -0.11917472 0.28595159 0.20557444
v -0.13169314 0.28048128 0.43740688
v -0.12470470 0.28382424 0.64818539
v -0.11941779 0.28607315 0.66923931
v -0.11066705 0.28953767 0.75361453
v -0.10039708 0.29336686 0.75361453
v -0.09511017 0.29519030 0.75361453
v -0.09504940 0.29519030 0.76063250
v 0.03688019 0.28984156 0.78375992
v 0.04739324 0.28984156 0.78328141
v 0.05796705 0.28984156 0.78264342
v -0.09049173 0.29640593 0.76414150
v -0.09918170 0.29354921 0.76414150
v -0.11066705 0.28935533 0.76414150
v -0.13941080 0.27525411 0.77131898
v -0.13078161 0.27653050 0.77474819
v -0.11917472 0.28595159 0.76414150
v -0.12446162 0.28370267 0.76414150
v -0.13169314 0.28035972 0.76414150
v -0.11066705 0.28248707 0.77809768
v -0.13363775 0.27215426 0.77833695
v -0.14761462 0.26352335 0.78001168
v -0.14226696 0.26479977 0.78056994
v -0.13078161 0.26868974 0.78128769
v -0.12118010 0.26875052 0.78280293
v -0.11066705 0.26875052 0.78407891
v -0.06849334 0.19411133 0.80896086
v -0.05791952 0.19739350 0.80896086
v -0.07900638 0.27926565 0.78415867
v -0.04740648 0.20018943 0.80896086
v -0.03683266 0.20249912 0.80896086
v -0.02735269 0.20407942 0.80896086
v -0.02644115 0.20420099 0.80896086
v -0.01580657 0.20541660 0.80896086
v -0.00675198 0.20584207 0.80896086
v -0.00523276 0.20590285 0.80896086
v 0.00382183 0.20596364 0.80896086
v 0.00521952 0.20596364 0.80896086
v 0.01579333 0.20547739 0.80896086
v 0.02709638 0.20438332 0.80896086
v 0.10062693 0.29342765 0.31100358
v 0.09546156 0.29531187 0.64818539
v 0.10074846 0.29348843 0.65871236
v 0.11065382 0.28978078 0.56388995
v 0.11065382 0.28965924 0.24776204
v 0.08956696 0.29701373 0.75361453
v 0.08956696 0.29707452 0.74308756
v 0.08956696 0.29713530 0.69037301
v 0.06787241 0.29038861 0.78160668
v 0.08956696 0.27926565 0.78344092
v 0.10044462 0.27999505 0.78184592
v 0.12116686 0.27519333 0.78056994
v 0.12669685 0.27409926 0.78001168
v 0.11065382 0.27732068 0.78144717
v 0.11065382 0.28260863 0.77825719
v 0.13945834 0.27525411 0.77139870
v 0.13174068 0.28054207 0.76414150
v 0.12469147 0.28376345 0.76414150
v 0.13082914 0.27659128 0.77482795
v 0.11964764 0.28613394 0.75361453
v 0.11065382 0.28978078 0.75361453
v 0.10062693 0.29342765 0.75361453
v 0.09540078 0.29531187 0.75361453
v 0.11940456 0.28607315 0.20557444
v 0.12475224 0.28382424 0.33205750
v 0.13174068 0.28060285 0.34258447
v 0.13174068 0.28054207 0.24776204
v 0.13174068 0.28072442 0.55336298
v 0.14103834 0.27610504 0.45846081
v 0.14638601 0.27343067 0.60599780
v 0.14626448 0.27336989 0.40574625
v 0.15282753 0.26966224 0.28986989
v 0.15282753 0.26990537 0.67984604
v 0.16090982 0.26522522 0.69037301
v 0.16619672 0.26194305 0.74308756
v 0.17391439 0.25689821 0.74308756
v 0.17944438 0.25312979 0.74308756
v 0.18473128 0.24923978 0.71142692
v 0.18467053 0.24923978 0.61660451
v 0.19171974 0.24401261 0.66923931
v 0.20818814 0.22948593 0.10014531
v 0.20302276 0.23428763 0.19504750
v 0.20830968 0.22960750 0.18452053
v 0.20314431 0.23434842 0.30047662
v 0.19700663 0.23975794 0.69037301
v 0.21390042 0.22431952 0.17399356
v 0.21918734 0.21921392 0.19504750
v 0.22423117 0.21386518 0.14233292
v 0.22429194 0.21392596 0.19504750
v 0.22963961 0.20833409 0.28986989
v 0.23431882 0.20304614 0.28986989
v 0.24379880 0.19143696 0.23723510
v 0.24373803 0.19137617 0.18452053
v 0.23954496 0.19678569 0.27934292
v 0.23960574 0.19678569 0.31100358
v 0.25643877 0.17374964 0.10014531
v 0.26172567 0.16578731 0.11075201
v 0.26506800 0.16062092 0.19504750
v 0.26962564 0.15278017 0.19504750
v 0.27333257 0.14621579 0.19504750
v 0.27594566 0.14068472 0.07909137
v 0.24908570 0.18450790 0.25828901
v 0.25303570 0.17928073 0.28986989
v 0.25583107 0.17496527 0.20533520
v 0.28378485 0.12463850 0.19504750
v 0.28603329 0.11935055 0.19504750
v 0.28056405 0.13174989 0.20557444
v 0.28609404 0.11947211 0.25828901
v 0.28974023 0.11065885 0.35311143
v 0.29338633 0.10032606 0.27934292
v 0.29338633 0.10044762 0.32153053
v 0.29520939 0.09515966 0.31100358
v 0.29994942 0.07899189 0.36371814
v 0.29709327 0.08956780 0.71142692
v 0.30256245 0.06847675 0.28986989
v 0.30468938 0.05826553 0.25828901
v 0.30468938 0.05832631 0.28986989
v 0.30475013 0.05856943 0.65871236
v 0.30578323 0.05334226 0.72195389
v 0.30578323 0.05328148 0.73248086
v 0.30572248 0.05322070 0.75361453
v 0.30572248 0.05303835 0.76055274
v 0.30633013 0.04817587 0.76414150
v 0.30554016 0.05224820 0.76765047
v 0.29587785 0.08956780 0.77076072
v 0.29739710 0.07899189 0.77299371
v 0.29800479 0.06786894 0.77538621
v 0.29423711 0.07096878 0.77937369
v 0.28524326 0.09710466 0.78041043
v 0.28633711 0.08956780 0.78096869
v 0.26877486 0.11065885 0.78407891
v 0.19232742 0.07801939 0.80896086
v 0.19585202 0.06774739 0.80896086
v 0.19852586 0.05905568 0.80896086
v 0.19882970 0.05802241 0.80896086
v 0.28001717 0.10044762 0.78184592
v 0.26877486 0.12117398 0.78288269
v 0.20107815 0.05024242 0.80896086
v -0.19829600 0.05796162 0.80896086
v -0.19477142 0.06878066 0.80896086
v -0.19452833 0.06944925 0.80896086
v -0.26872731 0.11065885 0.78415867
v -0.28003036 0.10044762 0.78184592
v -0.27419655 0.12688741 0.78009143
v -0.27741733 0.11065885 0.78144717
v -0.27529040 0.12117398 0.78064967
v -0.28270419 0.11065885 0.77833695
v -0.28075963 0.13174989 0.76414150
v -0.27614117 0.14117097 0.76414150
v -0.27626268 0.14135330 0.75361453
v -0.27541195 0.13965144 0.77155822
v -0.27674888 0.13089896 0.77490771
v -0.27340659 0.14639814 0.76414150
v -0.26982116 0.15278017 0.76414150
v -0.26514194 0.16080327 0.76414150
v -0.26526351 0.16098561 0.75361453
v -0.26198196 0.16627356 0.75361453
v -0.25693815 0.17387121 0.75361453
v -0.25317047 0.17946308 0.75361453
v -0.24399433 0.19174086 0.69037301
v -0.23967974 0.19696803 0.62713146
v -0.24928125 0.18475103 0.74308756
v -0.22971361 0.20845566 0.75361453
v -0.22448748 0.21404753 0.75361453
v -0.21932211 0.21933549 0.75361453
v -0.23445359 0.20316770 0.73248086
v -0.19677679 0.23957559 0.72195389
v -0.19148988 0.24383028 0.65871236
v -0.20832291 0.22966826 0.75361453
v -0.20303599 0.23428763 0.75361453
v -0.21391365 0.22425876 0.76414150
v -0.16074075 0.26510365 0.64818539
v -0.18456222 0.24911823 0.67984604
v -0.17927530 0.25300822 0.75361453
v -0.17386686 0.25665509 0.75361453
v -0.16602765 0.26188226 0.75361453
v -0.15278000 0.26978380 0.74308756
v -0.14633847 0.27336989 0.70089995
v -0.14627771 0.27336989 0.62713146
v -0.14621694 0.27330911 0.44793385
v -0.14105158 0.27604426 0.65871236
v -0.13169314 0.28060285 0.65871236
v -0.12470470 0.28382424 0.75361453
v -0.11941779 0.28607315 0.75361453
v 0.03438866 0.20316770 0.80896086
v 0.03688019 0.20268145 0.80896086
v 0.04089095 0.20189130 0.80896086
v 0.07899314 0.27926565 0.78423842
v 0.04739324 0.20043255 0.80896086
v 0.04927708 0.20000708 0.80896086
v -0.14080849 0.27592269 0.76414150
v -0.14609541 0.27324833 0.76414150
v -0.15964691 0.26443507 0.77092023
v -0.15180770 0.26583302 0.77450895
v -0.13169314 0.28054207 0.75361453
v -0.14105158 0.27604426 0.75361453
v -0.15466383 0.26127445 0.77793820
v -0.16736457 0.25203572 0.77937369
v -0.16031536 0.25422384 0.78056994
v -0.15180770 0.25793149 0.78112817
v -0.14226696 0.25823539 0.78280293
v -0.13169314 0.25823539 0.78431818
v -0.09037019 0.18487258 0.80896086
v -0.07900638 0.18997820 0.80896086
v 0.09546156 0.29531187 0.71142692
v 0.10074846 0.29348843 0.70089995
v 0.11970840 0.28613394 0.69037301
v 0.11964764 0.28613394 0.58494387
v 0.11958687 0.28613394 0.51117538
v 0.11065382 0.26875052 0.78407891
v 0.12116686 0.26875052 0.78280293
v 0.05839244 0.19751506 0.80896086
v 0.06902702 0.19429366 0.80896086
v 0.07559008 0.19186242 0.80896086
v 0.13082914 0.26868974 0.78128769
v 0.14225372 0.26479977 0.78064967
v 0.14766216 0.26358413 0.78001168
v 0.13368528 0.27221504 0.77841667
v 0.15975521 0.26449585 0.77099995
v 0.14614294 0.27330911 0.76414150
v 0.14091682 0.27604426 0.76414150
v 0.15185523 0.26589380 0.77458871
v 0.14109911 0.27616583 0.75361453
v 0.13174068 0.28072442 0.75361453
v 0.12493456 0.28388502 0.75361453
v 0.12493456 0.28394580 0.72195389
v 0.11970840 0.28613394 0.73248086
v 0.10068769 0.29348843 0.74308756
v 0.12493456 0.28394580 0.71142692
v 0.12487377 0.28388502 0.53222930
v 0.13174068 0.28078520 0.66923931
v 0.14115988 0.27616583 0.66923931
v 0.14644678 0.27343067 0.69037301
v 0.15282753 0.26990537 0.73248086
v 0.16090982 0.26522522 0.74308756
v 0.16613596 0.26194305 0.75361453
v 0.17391439 0.25683742 0.75361453
v 0.17938361 0.25312979 0.75361453
v 0.18473128 0.24923978 0.74308756
v 0.19171974 0.24401261 0.73248086
v 0.20837045 0.22966826 0.26881597
v 0.21402198 0.22444109 0.31100358
v 0.20326585 0.23446998 0.69037301
v 0.20843122 0.22972905 0.38477206
v 0.19700663 0.23975794 0.73248086
v 0.21930887 0.21933549 0.32153053
v 0.22441348 0.21404753 0.31100358
v 0.23431882 0.20310692 0.33205750
v 0.22970038 0.20839487 0.38477206
v 0.24385957 0.19155851 0.32153053
v 0.23960574 0.19684646 0.36371814
v 0.26184720 0.16596966 0.23723510
v 0.26506800 0.16068171 0.21610141
v 0.26512874 0.16074249 0.27934292
v 0.26980796 0.15278017 0.32153053
v 0.27339332 0.14633736 0.31100358
v 0.27612792 0.14104940 0.31100358
v 0.27606717 0.14092784 0.20557444
v 0.24914647 0.18456868 0.32153053
v 0.25668183 0.17387121 0.28986989
v 0.25315724 0.17946308 0.62713146
v 0.25692492 0.17387121 0.61660451
v 0.25662107 0.17387121 0.24776204
v 0.28384560 0.12476007 0.26881597
v 0.28074637 0.13174989 0.36371814
v 0.28615485 0.11959367 0.35311143
v 0.28621561 0.11983680 0.73248086
v 0.28986173 0.11065885 0.71142692
v 0.29350791 0.10069075 0.73248086
v 0.29527022 0.09540279 0.69037301
v 0.29527022 0.09528122 0.58494387
v 0.30007092 0.07899189 0.67984604
v 0.29709327 0.08956780 0.74308756
v 0.30268401 0.06847675 0.69037301
v 0.30475013 0.05856943 0.73248086
v 0.30475013 0.05850865 0.75361453
v 0.30481095 0.05711069 0.76414150
v 0.29508789 0.09485576 0.76940498
v 0.30244095 0.06847675 0.76414150
v 0.28700558 0.11065885 0.77299371
v 0.28402791 0.10415527 0.77961293
v 0.29308251 0.07899189 0.77825719
v 0.27418336 0.12676585 0.78001168
v 0.27521639 0.12117398 0.78056994
v 0.27734332 0.11065885 0.78144717
v 0.18199668 0.09935356 0.80896086
v 0.26877486 0.13083818 0.78128769
v 0.25820106 0.14226502 0.78288269
v 0.25820106 0.13174989 0.78431818
v -0.19076065 0.07899189 0.80896086
v -0.26872731 0.12117398 0.78288269
v -0.26362271 0.14779611 0.78001168
v -0.27231274 0.13387723 0.77857619
v -0.26878812 0.13089896 0.78136744
v -0.26489888 0.14226502 0.78064967
v -0.26453430 0.15976999 0.77107971
v -0.26599271 0.15186845 0.77458871
v -0.25298814 0.17921994 0.76948471
v -0.26186044 0.16609123 0.76414150
v -0.25675583 0.17387121 0.76414150
v -0.25304892 0.17934151 0.76414150
v -0.24915970 0.18462947 0.76414150
v -0.24922047 0.18475103 0.75361453
v -0.24399433 0.19174086 0.71142692
v -0.23967974 0.19696803 0.75361453
v -0.24399433 0.19168007 0.75361453
v -0.23439282 0.20316770 0.75361453
v -0.22959208 0.20833409 0.76414150
v -0.22430517 0.21392596 0.76414150
v -0.21913981 0.21915314 0.76414150
v -0.19677679 0.23957559 0.74308756
v -0.19148988 0.24383028 0.75361453
v -0.20814059 0.22954671 0.76414150
v -0.20291446 0.23416607 0.76414150
v -0.19677679 0.23951481 0.75361453
v -0.21275906 0.22316469 0.77171770
v -0.20194216 0.23331513 0.77139870
v -0.16074075 0.26510365 0.75361453
v -0.18456222 0.24911823 0.71142692
v -0.18450145 0.24911823 0.74308756
v -0.17921453 0.25300822 0.76031350
v -0.17489994 0.25580416 0.76398198
v -0.16584535 0.26176070 0.76414150
v -0.16061920 0.26504287 0.76414150
v -0.15278000 0.26978380 0.75361453
v -0.14633847 0.27336989 0.75361453
v -0.13169314 0.28060285 0.72195389
v -0.15278000 0.26954067 0.76414150
v -0.17903223 0.25288665 0.76733147
v -0.17204379 0.25519634 0.77235572
v -0.17489994 0.25033385 0.77538621
v -0.17945762 0.24261464 0.78009143
v -0.17386686 0.24449886 0.78080918
v -0.16365766 0.24814573 0.78192568
v -0.15278000 0.24765948 0.78399919
v -0.10009324 0.17982776 0.80896086
v -0.09134250 0.18438633 0.80896086
v 0.08105929 0.18961352 0.80896086
v 0.09904693 0.18159041 0.80896086
v 0.13174068 0.25823539 0.78431818
v 0.14225372 0.25823539 0.78288269
v 0.15185523 0.25799228 0.78120793
v 0.16747287 0.25209650 0.77945345
v 0.15471137 0.26133523 0.77801796
v 0.16042366 0.25428462 0.78064967
v 0.17914053 0.25294744 0.76916571
v 0.16601442 0.26188226 0.76414150
v 0.16072752 0.26510365 0.76414150
v 0.15282753 0.26960145 0.76414150
v 0.17209132 0.25531791 0.77243548
v 0.14638601 0.27343067 0.75361453
v 0.14115988 0.27616583 0.73248086
v 0.13174068 0.28078520 0.74308756
v 0.14644678 0.27343067 0.72195389
v 0.15282753 0.26984459 0.75361453
v 0.16090982 0.26516443 0.75361453
v 0.17494747 0.25592571 0.76501872
v 0.17932286 0.25306900 0.76214774
v 0.18467053 0.24923978 0.75361453
v 0.19165896 0.24395183 0.75361453
v 0.19694586 0.23975794 0.75361453
v 0.21414351 0.22456266 0.72195389
v 0.21414351 0.22450187 0.61660451
v 0.21943041 0.21945704 0.72195389
v 0.20326585 0.23446998 0.74308756
v 0.20855275 0.22978983 0.71142692
v 0.22453502 0.21416908 0.70089995
v 0.23437959 0.20310692 0.41627321
v 0.23972728 0.19696803 0.62713146
v 0.22976115 0.20845566 0.58494387
v 0.23444036 0.20322849 0.69037301
v 0.24398111 0.19168007 0.61660451
v 0.24926803 0.18475103 0.67984604
v 0.26190798 0.16609123 0.35311143
v 0.26512874 0.16080327 0.31100358
v 0.26531107 0.16104639 0.73248086
v 0.27011178 0.15278017 0.73248086
v 0.27612792 0.14111019 0.35311143
v 0.27351489 0.14664128 0.71142692
v 0.25315724 0.17946308 0.75361453
v 0.25698570 0.17387121 0.70089995
v 0.26202950 0.16633435 0.74308756
v 0.28390635 0.12488163 0.37424511
v 0.27624947 0.14135330 0.71142692
v 0.28092870 0.13174989 0.70089995
v 0.28396716 0.12506397 0.70089995
v 0.28396716 0.12506397 0.75361453
v 0.28621561 0.11977602 0.75361453
v 0.28986173 0.11065885 0.75361453
v 0.29350791 0.10069075 0.74308756
v 0.29527022 0.09540279 0.75361453
v 0.30007092 0.07899189 0.75361453
v 0.29703251 0.08956780 0.75361453
v 0.30268401 0.06847675 0.75361453
v 0.28554715 0.11819571 0.77099995
v 0.29982785 0.07899189 0.76414150
v 0.29685020 0.08956780 0.76414150
v 0.29520939 0.09515966 0.76414150
v 0.29338633 0.10038684 0.76414150
v 0.28967941 0.11065885 0.76414150
v 0.28263025 0.11065885 0.77825719
v 0.26360952 0.14779611 0.78001168
v 0.26488567 0.14226502 0.78064967
v 0.27667486 0.13083818 0.77490771
v 0.27229948 0.13381645 0.77849643
v 0.17038980 0.11752711 0.80896086
v 0.24768801 0.15278017 0.78407891
v 0.25801875 0.15192923 0.78120793
v 0.24823494 0.16372076 0.78200543
v -0.18583837 0.08956780 0.80896086
v -0.25821428 0.14226502 0.78288269
v -0.25821428 0.13174989 0.78431818
v -0.25207662 0.16748920 0.77945345
v -0.26131351 0.15478594 0.77809768
v -0.25797122 0.15186845 0.78120793
v -0.25432507 0.16043857 0.78064967
v -0.25833584 0.16365998 0.77522670
v -0.25475045 0.17387121 0.77171770
v -0.24988894 0.17387121 0.77698118
v -0.24648586 0.18286681 0.77363170
v -0.24332587 0.19082914 0.77076072
v -0.24387280 0.19155851 0.76414150
v -0.23955819 0.19678569 0.76414150
v -0.23427128 0.20304614 0.76414150
v -0.23342053 0.20201287 0.77147846
v -0.22321133 0.21277111 0.77179746
v -0.19130757 0.24370871 0.76414150
v -0.18340760 0.24972603 0.76398198
v -0.19069988 0.24316168 0.77060120
v -0.19659448 0.23939326 0.76414150
v -0.21616212 0.21611408 0.77522670
v -0.20886984 0.21951782 0.77873570
v -0.20540599 0.22650766 0.77506719
v -0.19787063 0.22978983 0.77841667
v -0.19428526 0.23653654 0.77450895
v -0.18352914 0.24504590 0.77434944
v -0.19082142 0.23276810 0.78041043
v -0.18352914 0.23659732 0.78104842
v -0.18644605 0.23975794 0.77761920
v -0.17386686 0.23714435 0.78304217
v -0.12124087 0.16639513 0.80896086
v -0.11072782 0.17350652 0.80896086
v 0.11721687 0.17016357 0.80896086
v 0.15282753 0.24765948 0.78407891
v 0.16370519 0.24820652 0.78192568
v 0.17962668 0.24273621 0.78017119
v 0.17494747 0.25051619 0.77546594
v 0.17391439 0.24468121 0.78088894
v 0.19080818 0.24328324 0.77076072
v 0.19682433 0.23963637 0.76414150
v 0.19153742 0.24383028 0.76414150
v 0.18363744 0.24522823 0.77442920
v 0.20320508 0.23446998 0.75361453
v 0.21414351 0.22456266 0.73248086
v 0.21943041 0.21945704 0.73248086
v 0.20849198 0.22978983 0.75361453
v 0.20855275 0.22978983 0.73248086
v 0.22453502 0.21416908 0.74308756
v 0.22976115 0.20851644 0.71142692
v 0.23972728 0.19696803 0.75361453
v 0.24398111 0.19174086 0.69037301
v 0.23444036 0.20322849 0.75361453
v 0.24926803 0.18475103 0.74308756
v 0.26531107 0.16104639 0.75361453
v 0.27011178 0.15278017 0.74308756
v 0.27351489 0.14664128 0.74308756
v 0.24926803 0.18469025 0.75361453
v 0.24914647 0.18456868 0.76414150
v 0.25303570 0.17928073 0.76414150
v 0.25674261 0.17387121 0.76414150
v 0.25692492 0.17387121 0.75361453
v 0.25698570 0.17387121 0.74308756
v 0.26202950 0.16627356 0.75361453
v 0.27624947 0.14135330 0.74308756
v 0.28092870 0.13174989 0.74308756
v 0.28086794 0.13174989 0.75361453
v 0.28068562 0.13174989 0.76414150
v 0.28384560 0.12482085 0.76414150
v 0.28609404 0.11953289 0.76414150
v 0.29350791 0.10062996 0.75361453
v 0.27533795 0.13965144 0.77147846
v 0.26604027 0.15192923 0.77458871
v 0.26136106 0.15478594 0.77809768
v 0.25212417 0.16748920 0.77945345
v 0.25431184 0.16049936 0.78064967
v 0.16212520 0.12883240 0.80896086
v 0.23711421 0.17387121 0.78320168
v 0.24464956 0.17387121 0.78088894
v -0.18188838 0.09759091 0.80896086
v -0.24824817 0.16372076 0.78192568
v -0.24764047 0.15278017 0.78399919
v -0.24265742 0.17952384 0.78009143
v -0.23986204 0.18657447 0.77777869
v -0.24460203 0.17387121 0.78088894
v -0.23664129 0.19441523 0.77458871
v -0.22983515 0.19794053 0.77849643
v -0.22655362 0.20547739 0.77514694
v -0.21956518 0.20894191 0.77881543
v -0.21251597 0.21246721 0.78064967
v -0.20188140 0.22273922 0.78056994
v -0.19458910 0.22638609 0.78144717
v -0.18444067 0.22656843 0.78368016
v -0.12914084 0.16074249 0.80896086
v 0.12864145 0.16201889 0.80896086
v 0.17391439 0.23714435 0.78320168
v 0.19092973 0.23282888 0.78041043
v 0.19797894 0.22991140 0.77849643
v 0.18667589 0.23987949 0.77777869
v 0.18363744 0.23665810 0.78112817
v 0.20205046 0.23343670 0.77147846
v 0.20308355 0.23434842 0.76414150
v 0.21414351 0.22450187 0.75361453
v 0.21936965 0.21939627 0.75361453
v 0.21943041 0.21939627 0.74308756
v 0.20837045 0.22966826 0.76414150
v 0.22447424 0.21410830 0.75361453
v 0.22976115 0.20845566 0.75361453
v 0.23437959 0.20310692 0.76414150
v 0.23960574 0.19684646 0.76414150
v 0.24398111 0.19168007 0.75361453
v 0.24398111 0.19174086 0.71142692
v 0.22970038 0.20839487 0.76414150
v 0.26518950 0.16086404 0.76414150
v 0.27005103 0.15278017 0.75361453
v 0.27351489 0.14658049 0.75361453
v 0.24385957 0.19155851 0.76414150
v 0.25291415 0.17915916 0.76940498
v 0.26190798 0.16609123 0.76414150
v 0.27624947 0.14129254 0.75361453
v 0.27612792 0.14111019 0.76414150
v 0.27339332 0.14639814 0.76414150
v 0.26452105 0.15983077 0.77107971
v 0.25473723 0.17387121 0.77171770
v 0.24993648 0.17387121 0.77698118
v 0.23997035 0.18663524 0.77777869
v 0.24270495 0.17958463 0.78009143
v 0.16060597 0.13083818 0.80896086
v 0.23668882 0.18365697 0.78112817
v 0.22647962 0.19471913 0.78152692
v 0.22660115 0.18444712 0.78375992
v -0.18006531 0.10062996 0.80896086
v -0.23712743 0.17387121 0.78312193
v -0.17374532 0.11096276 0.80896086
v -0.17362379 0.11114510 0.80896086
v -0.23281283 0.19088992 0.78041043
v -0.23664129 0.18359618 0.78112817
v -0.22278594 0.20189130 0.78056994
v -0.21604058 0.20547739 0.78160668
v -0.20540599 0.21599252 0.78160668
v -0.19495371 0.21605330 0.78399919
v -0.14044389 0.15095673 0.80896086
v 0.13088991 0.16019546 0.80896086
v 0.18442744 0.22656843 0.78375992
v 0.19469742 0.22644688 0.78152692
v 0.20198970 0.22286079 0.78064967
v 0.20897815 0.21963939 0.77881543
v 0.20551429 0.22656843 0.77514694
v 0.21286737 0.22328626 0.77179746
v 0.21402198 0.22438031 0.76414150
v 0.21924811 0.21927470 0.76414150
v 0.22441348 0.21398675 0.76414150
v 0.23346807 0.20207365 0.77155822
v 0.24331264 0.19088992 0.77076072
v 0.22331963 0.21289268 0.77187721
v 0.26980796 0.15278017 0.76414150
v 0.24653340 0.18292760 0.77363170
v 0.22994345 0.19806210 0.77857619
v 0.23668882 0.19447601 0.77466847
v 0.23292114 0.19107226 0.78049018
v 0.15221984 0.14025925 0.80896086
v 0.21602736 0.19496226 0.78407891
v 0.22289424 0.20201287 0.78064967
v 0.21614888 0.20553817 0.78168644
v -0.22661439 0.18444712 0.78368016
v -0.16669611 0.12129554 0.80896086
v -0.16080152 0.12919709 0.80896086
v -0.22643209 0.19465834 0.78144717
v -0.21604058 0.19496226 0.78399919
v -0.20552753 0.20547739 0.78407891
v -0.15101769 0.14050237 0.80896086
v 0.14170680 0.15077438 0.80896086
v 0.19494049 0.21605330 0.78407891
v 0.20551429 0.21611408 0.78168644
v 0.21268505 0.21258878 0.78072942
v 0.21967349 0.20906347 0.77889518
v 0.21627042 0.21623565 0.77538621
v 0.22660115 0.20559895 0.77522670
v 0.15082215 0.14171800 0.80896086
v 0.20551429 0.20547739 0.78423842
f 1 2 3
f 1 3 4
f 1 4 5
f 1 5 6
f 1 6 7
f 1 7 2
f 2 8 9
f 2 9 24
f 2 24 10
f 2 10 11
f 2 11 3
f 2 7 21
f 2 21 8
f 3 11 12
f 3 12 13
f 3 13 4
f 4 13 32
f 4 32 14
f 4 14 15
f 4 15 5
f 5 15 16
f 5 16 17
f 5 17 6
f 6 17 18
f 6 18 19
f 6 19 7
f 7 19 20
f 7 20 21
f 8 22 23
f 8 23 9
f 8 21 44
f 8 44 22
f 9 23 47
f 9 47 24
f 10 24 25
f 10 25 26
f 10 26 27
f 10 27 11
f 11 27 28
f 11 28 12
f 12 28 29
f 12 29 30
f 12 30 31
f 12 31 32
f 12 32 13
f 14 32 57
f 14 57 33
f 14 33 34
f 14 34 35
f 14 35 15
f 15 35 16
f 16 36 61
f 16 61 37
f 16 37 39
f 16 39 17
f 16 35 38
f 16 38 36
f 17 39 18
f 18 39 40
f 18 40 41
f 18 41 19
f 19 41 65
f 19 65 42
f 19 42 20
f 20 42 67
f 20 67 43
f 20 43 44
f 20 44 21
f 22 45 46
f 22 46 23
f 22 44 69
f 22 69 45
f 23 46 73
f 23 73 47
f 24 47 48
f 24 48 25
f 25 48 77
f 25 77 49
f 25 49 50
f 25 50 26
f 26 50 27
f 27 50 51
f 27 51 52
f 27 52 28
f 28 52 53
f 28 53 29
f 29 53 55
f 29 55 30
f 30 54 31
f 30 55 54
f 31 54 56
f 31 56 57
f 31 57 32
f 33 57 58
f 33 58 34
f 34 58 59
f 34 59 35
f 35 59 38
f 36 59 60
f 36 60 61
f 36 38 59
f 37 61 105
f 37 105 62
f 37 62 63
f 37 63 39
f 39 63 64
f 39 64 40
f 40 64 66
f 40 66 41
f 41 66 111
f 41 111 65
f 42 65 67
f 43 67 115
f 43 115 68
f 43 68 44
f 44 68 69
f 45 70 46
f 45 69 119
f 45 119 70
f 46 71 72
f 46 72 73
f 46 70 71
f 47 73 74
f 47 74 75
f 47 75 48
f 48 76 77
f 48 75 76
f 49 77 78
f 49 78 79
f 49 79 80
f 49 80 50
f 50 80 81
f 50 81 82
f 50 82 51
f 51 82 83
f 51 83 52
f 52 83 84
f 52 84 85
f 52 85 86
f 52 86 53
f 53 86 87
f 53 87 88
f 53 88 55
f 54 89 56
f 54 55 88
f 54 88 90
f 54 90 91
f 54 91 92
f 54 92 89
f 56 89 93
f 56 93 58
f 56 58 57
f 58 93 94
f 58 94 95
f 58 95 96
f 58 96 97
f 58 97 99
f 58 99 59
f 59 98 60
f 59 99 98
f 60 100 101
f 60 101 102
f 60 102 61
f 60 98 100
f 61 102 103
f 61 103 104
f 61 104 105
f 62 105 106
f 62 106 107
f 62 107 63
f 63 107 108
f 63 108 109
f 63 109 64
f 64 109 110
f 64 110 112
f 64 112 66
f 65 111 67
f 66 112 113
f 66 113 111
f 67 114 115
f 67 111 116
f 67 116 117
f 67 117 114
f 68 115 179
f 68 179 118
f 68 118 119
f 68 119 69
f 70 120 71
f 70 119 187
f 70 187 120
f 71 120 72
f 72 121 122
f 72 122 123
f 72 123 124
f 72 124 73
f 72 120 125
f 72 125 126
f 72 126 121
f 73 124 123
f 73 123 74
f 74 123 127
f 74 127 128
f 74 128 129
f 74 129 76
f 74 76 75
f 76 129 77
f 77 129 130
f 77 130 131
f 77 131 78
f 78 131 132
f 78 132 133
f 78 133 79
f 79 133 134
f 79 134 80
f 80 134 135
f 80 135 136
f 80 136 81
f 81 136 82
f 82 136 83
f 83 136 137
f 83 137 138
f 83 138 84
f 84 138 139
f 84 139 85
f 85 139 140
f 85 140 86
f 86 140 141
f 86 141 87
f 87 141 142
f 87 142 88
f 88 142 143
f 88 143 144
f 88 144 145
f 88 145 146
f 88 146 90
f 89 92 147
f 89 147 148
f 89 148 94
f 89 94 93
f 90 146 91
f 91 146 149
f 91 149 92
f 92 150 151
f 92 151 147
f 92 149 152
f 92 152 153
f 92 153 154
f 92 154 150
f 94 148 155
f 94 155 95
f 95 155 96
f 96 155 156
f 96 156 97
f 97 156 159
f 97 159 99
f 98 157 158
f 98 158 100
f 98 99 157
f 99 159 157
f 100 160 161
f 100 161 101
f 100 158 160
f 101 161 103
f 101 103 102
f 103 162 163
f 103 163 104
f 103 161 164
f 103 164 165
f 103 165 162
f 104 163 106
f 104 106 105
f 106 163 165
f 106 165 166
f 106 166 167
f 106 167 168
f 106 168 169
f 106 169 107
f 107 169 170
f 107 170 108
f 108 170 171
f 108 171 172
f 108 172 109
f 109 172 173
f 109 173 110
f 110 173 175
f 110 175 112
f 111 113 174
f 111 174 116
f 112 175 176
f 112 176 113
f 113 176 177
f 113 177 174
f 114 178 179
f 114 179 115
f 114 117 178
f 116 174 180
f 116 180 181
f 116 181 117
f 117 181 182
f 117 182 183
f 117 183 178
f 118 179 184
f 118 184 185
f 118 185 186
f 118 186 119
f 119 186 187
f 120 188 189
f 120 189 126
f 120 126 125
f 120 187 269
f 120 269 188
f 121 126 190
f 121 190 270
f 121 270 191
f 121 191 192
f 121 192 123
f 121 123 122
f 123 192 193
f 123 193 127
f 126 189 190
f 127 194 195
f 127 195 128
f 127 193 279
f 127 279 194
f 128 195 129
f 129 195 196
f 129 196 197
f 129 197 198
f 129 198 199
f 129 199 130
f 130 199 200
f 130 200 131
f 131 200 132
f 132 200 201
f 132 201 202
f 132 202 133
f 133 202 203
f 133 203 134
f 134 203 135
f 135 203 136
f 136 203 204
f 136 204 205
f 136 205 137
f 137 205 206
f 137 206 138
f 138 206 207
f 138 207 208
f 138 208 139
f 139 208 140
f 140 209 141
f 140 208 210
f 140 210 211
f 140 211 212
f 140 212 213
f 140 213 209
f 141 143 142
f 141 209 143
f 143 209 214
f 143 214 144
f 144 214 215
f 144 215 145
f 145 216 152
f 145 152 146
f 145 215 217
f 145 217 216
f 146 152 149
f 147 151 218
f 147 218 292
f 147 292 219
f 147 219 148
f 148 219 155
f 150 154 220
f 150 220 221
f 150 221 222
f 150 222 223
f 150 223 224
f 150 224 225
f 150 225 226
f 150 226 227
f 150 227 151
f 151 227 228
f 151 228 229
f 151 229 230
f 151 230 218
f 152 216 221
f 152 221 220
f 152 220 154
f 152 154 153
f 155 219 231
f 155 231 156
f 156 231 234
f 156 234 159
f 157 232 233
f 157 233 160
f 157 160 158
f 157 159 234
f 157 234 232
f 160 233 161
f 161 233 235
f 161 235 164
f 162 165 163
f 164 235 236
f 164 236 237
f 164 237 165
f 165 237 166
f 166 237 238
f 166 238 239
f 166 239 240
f 166 240 241
f 166 241 167
f 167 241 242
f 167 242 168
f 168 242 243
f 168 243 244
f 168 244 169
f 169 244 245
f 169 245 170
f 170 245 246
f 170 246 171
f 171 246 172
f 172 246 247
f 172 247 248
f 172 248 173
f 173 248 249
f 173 249 250
f 173 250 251
f 173 251 175
f 174 177 252
f 174 252 180
f 175 251 253
f 175 253 176
f 176 253 254
f 176 254 255
f 176 255 177
f 177 255 256
f 177 256 252
f 178 183 182
f 178 182 257
f 178 257 258
f 178 258 259
f 178 259 260
f 178 260 261
f 178 261 184
f 178 184 179
f 180 252 262
f 180 262 181
f 181 262 263
f 181 263 264
f 181 264 265
f 181 265 182
f 182 258 257
f 182 265 258
f 184 261 185
f 185 261 266
f 185 266 267
f 185 267 186
f 186 267 268
f 186 268 187
f 187 268 269
f 188 190 189
f 188 269 271
f 188 271 190
f 190 271 351
f 190 351 270
f 191 272 192
f 191 270 350
f 191 350 272
f 192 273 274
f 192 274 193
f 192 272 275
f 192 275 276
f 192 276 277
f 192 277 273
f 193 274 278
f 193 278 279
f 194 278 195
f 194 279 278
f 195 278 196
f 196 278 280
f 196 280 281
f 196 281 282
f 196 282 197
f 197 282 283
f 197 283 198
f 198 200 199
f 198 283 200
f 200 283 284
f 200 284 285
f 200 285 201
f 201 285 368
f 201 368 367
f 201 367 366
f 201 366 468
f 201 468 467
f 201 467 576
f 201 576 692
f 201 692 691
f 201 691 801
f 201 801 899
f 201 899 1000
f 201 1000 1107
f 201 1107 1228
f 201 1228 1375
f 201 1375 1530
f 201 1530 1532
f 201 1532 1697
f 201 1697 1860
f 201 1860 1864
f 201 1864 2056
f 201 2056 2055
f 201 2055 2054
f 201 2054 2221
f 201 2221 2220
f 201 2220 2390
f 201 2390 2542
f 201 2542 2697
f 201 2697 2860
f 201 2860 3021
f 201 3021 3201
f 201 3201 3390
f 201 3390 3389
f 201 3389 3388
f 201 3388 3583
f 201 3583 3580
f 201 3580 3579
f 201 3579 3578
f 201 3578 3577
f 201 3577 3731
f 201 3731 3851
f 201 3851 3931
f 201 3931 3982
f 201 3982 4015
f 201 4015 4033
f 201 4033 4026
f 201 4026 3997
f 201 3997 3949
f 201 3949 3888
f 201 3888 3784
f 201 3784 3783
f 201 3783 3659
f 201 3659 3658
f 201 3658 3657
f 201 3657 3635
f 201 3635 3634
f 201 3634 3632
f 201 3632 3631
f 201 3631 3630
f 201 3630 3485
f 201 3485 3484
f 201 3484 3483
f 201 3483 3482
f 201 3482 3481
f 201 3481 3480
f 201 3480 3479
f 201 3479 3478
f 201 3478 3477
f 201 3477 3476
f 201 3476 3475
f 201 3475 3473
f 201 3473 3472
f 201 3472 3649
f 201 3649 3648
f 201 3648 3782
f 201 3782 3781
f 201 3781 3887
f 201 3887 3886
f 201 3886 3948
f 201 3948 3996
f 201 3996 4025
f 201 4025 4021
f 201 4021 4020
f 201 4020 3989
f 201 3989 3988
f 201 3988 3986
f 201 3986 3934
f 201 3934 3855
f 201 3855 3735
f 201 3735 3586
f 201 3586 3585
f 201 3585 3584
f 201 3584 3397
f 201 3397 3394
f 201 3394 3391
f 201 3391 3202
f 201 3202 3022
f 201 3022 2862
f 201 2862 2701
f 201 2701 2698
f 201 2698 2543
f 201 2543 2391
f 201 2391 2222
f 201 2222 2057
f 201 2057 1873
f 201 1873 1872
f 201 1872 1871
f 201 1871 1865
f 201 1865 1698
f 201 1698 1536
f 201 1536 1379
f 201 1379 1233
f 201 1233 1112
f 201 1112 1111
f 201 1111 1109
f 201 1109 1002
f 201 1002 902
f 201 902 901
f 201 901 803
f 201 803 694
f 201 694 579
f 201 579 578
f 201 578 471
f 201 471 373
f 201 373 371
f 201 371 370
f 201 370 369
f 201 369 287
f 201 287 286
f 201 286 213
f 201 213 212
f 201 212 211
f 201 211 210
f 201 210 208
f 201 208 207
f 201 207 206
f 201 206 205
f 201 205 204
f 201 204 203
f 201 203 202
f 209 213 286
f 209 286 214
f 214 286 287
f 214 287 288
f 214 288 215
f 215 288 217
f 216 217 289
f 216 289 290
f 216 290 221
f 217 288 289
f 218 230 291
f 218 291 292
f 219 292 293
f 219 293 231
f 221 294 295
f 221 295 222
f 221 290 296
f 221 296 294
f 222 295 223
f 223 297 298
f 223 298 299
f 223 299 224
f 223 295 294
f 223 294 300
f 223 300 297
f 224 299 301
f 224 301 225
f 225 301 302
f 225 302 303
f 225 303 226
f 226 303 304
f 226 304 227
f 227 304 305
f 227 305 228
f 228 305 229
f 229 305 306
f 229 306 291
f 229 291 230
f 231 293 308
f 231 308 234
f 232 307 233
f 232 234 308
f 232 308 307
f 233 309 310
f 233 310 235
f 233 307 309
f 235 310 236
f 236 310 311
f 236 311 312
f 236 312 237
f 237 312 313
f 237 313 238
f 238 313 312
f 238 312 314
f 238 314 315
f 238 315 239
f 239 315 316
f 239 316 317
f 239 317 318
f 239 318 319
f 239 319 320
f 239 320 240
f 240 320 321
f 240 321 322
f 240 322 241
f 241 322 242
f 242 322 323
f 242 323 243
f 243 323 324
f 243 324 244
f 244 324 325
f 244 325 245
f 245 325 326
f 245 326 246
f 246 326 327
f 246 327 247
f 247 327 328
f 247 328 248
f 248 328 329
f 248 329 249
f 249 251 250
f 249 329 330
f 249 330 331
f 249 331 251
f 251 331 332
f 251 332 333
f 251 333 253
f 252 256 334
f 252 334 262
f 253 333 335
f 253 335 254
f 254 335 336
f 254 336 255
f 255 336 337
f 255 337 256
f 256 337 338
f 256 338 334
f 258 265 339
f 258 339 340
f 258 340 259
f 259 340 437
f 259 437 341
f 259 341 261
f 259 261 260
f 261 341 266
f 262 334 342
f 262 342 263
f 263 342 343
f 263 343 344
f 263 344 264
f 264 344 345
f 264 345 265
f 265 346 347
f 265 347 339
f 265 345 348
f 265 348 346
f 266 341 349
f 266 349 267
f 267 271 268
f 267 349 271
f 268 271 269
f 270 351 451
f 270 451 350
f 271 349 351
f 272 350 275
f 273 277 352
f 273 352 353
f 273 353 354
f 273 354 355
f 273 355 356
f 273 356 357
f 273 357 358
f 273 358 274
f 274 358 278
f 275 350 359
f 275 359 276
f 276 359 360
f 276 360 361
f 276 361 277
f 277 361 352
f 278 358 357
f 278 357 280
f 280 357 362
f 280 362 363
f 280 363 364
f 280 364 281
f 281 364 282
f 282 364 365
f 282 365 283
f 283 365 366
f 283 366 367
f 283 367 368
f 283 368 284
f 284 368 285
f 287 369 288
f 288 369 370
f 288 370 371
f 288 371 289
f 289 372 290
f 289 371 373
f 289 373 374
f 289 374 372
f 290 372 296
f 291 293 292
f 291 306 375
f 291 375 472
f 291 472 376
f 291 376 308
f 291 308 293
f 294 296 372
f 294 372 377
f 294 377 378
f 294 378 379
f 294 379 380
f 294 380 297
f 294 297 300
f 297 381 382
f 297 382 383
f 297 383 384
f 297 384 385
f 297 385 298
f 297 380 386
f 297 386 387
f 297 387 381
f 298 385 388
f 298 388 389
f 298 389 390
f 298 390 299
f 299 390 301
f 301 391 302
f 301 390 491
f 301 491 392
f 301 392 492
f 301 492 391
f 302 391 303
f 303 391 393
f 303 393 304
f 304 393 494
f 304 494 394
f 304 394 395
f 304 395 305
f 305 375 306
f 305 395 472
f 305 472 375
f 307 396 309
f 307 308 376
f 307 376 396
f 309 397 310
f 309 396 397
f 310 398 311
f 310 397 398
f 311 398 312
f 312 399 400
f 312 400 315
f 312 315 314
f 312 398 401
f 312 401 402
f 312 402 399
f 315 400 403
f 315 403 316
f 316 403 404
f 316 404 317
f 317 404 318
f 318 404 405
f 318 405 406
f 318 406 319
f 319 406 407
f 319 407 408
f 319 408 409
f 319 409 320
f 320 409 410
f 320 410 411
f 320 411 412
f 320 412 321
f 321 412 413
f 321 413 322
f 322 413 323
f 323 413 324
f 324 413 414
f 324 414 415
f 324 415 325
f 325 415 416
f 325 416 326
f 326 416 417
f 326 417 418
f 326 418 327
f 327 418 417
f 327 417 419
f 327 419 328
f 328 419 420
f 328 420 329
f 329 420 330
f 330 420 421
f 330 421 422
f 330 422 423
f 330 423 424
f 330 424 331
f 331 424 425
f 331 425 332
f 332 425 426
f 332 426 333
f 333 426 427
f 333 427 429
f 333 429 335
f 334 338 428
f 334 428 342
f 335 429 430
f 335 430 336
f 336 430 337
f 337 430 431
f 337 431 432
f 337 432 338
f 338 432 431
f 338 431 433
f 338 433 428
f 339 347 434
f 339 434 435
f 339 435 340
f 340 435 436
f 340 436 437
f 341 437 349
f 342 428 438
f 342 438 343
f 343 438 439
f 343 439 344
f 344 439 440
f 344 440 345
f 345 440 348
f 346 348 441
f 346 441 442
f 346 442 443
f 346 443 444
f 346 444 445
f 346 445 446
f 346 446 347
f 347 446 447
f 347 447 435
f 347 435 434
f 348 440 448
f 348 448 441
f 349 437 449
f 349 449 351
f 350 450 359
f 350 451 554
f 350 554 450
f 351 449 451
f 352 361 452
f 352 452 453
f 352 453 353
f 353 453 354
f 354 454 355
f 354 453 455
f 354 455 454
f 355 454 456
f 355 456 457
f 355 457 458
f 355 458 459
f 355 459 460
f 355 460 356
f 356 460 357
f 357 459 362
f 357 460 459
f 359 450 461
f 359 461 360
f 360 461 361
f 361 462 452
f 361 461 569
f 361 569 463
f 361 463 570
f 361 570 462
f 362 459 464
f 362 464 465
f 362 465 363
f 363 465 364
f 364 465 466
f 364 466 467
f 364 467 468
f 364 468 365
f 365 468 366
f 372 469 377
f 372 374 373
f 372 373 470
f 372 470 469
f 373 471 470
f 376 472 473
f 376 473 396
f 377 469 378
f 378 474 379
f 378 469 475
f 378 475 474
f 379 474 387
f 379 387 386
f 379 386 380
f 381 387 476
f 381 476 477
f 381 477 478
f 381 478 479
f 381 479 480
f 381 480 481
f 381 481 482
f 381 482 382
f 382 482 483
f 382 483 484
f 382 484 485
f 382 485 383
f 383 485 486
f 383 486 487
f 383 487 488
f 383 488 384
f 384 488 388
f 384 388 385
f 387 474 476
f 388 489 389
f 388 488 595
f 388 595 490
f 388 490 596
f 388 596 489
f 389 489 390
f 390 489 596
f 390 596 491
f 391 492 494
f 391 494 393
f 392 491 493
f 392 493 492
f 394 494 495
f 394 495 496
f 394 496 395
f 395 473 472
f 395 496 473
f 396 497 397
f 396 473 497
f 397 401 398
f 397 497 401
f 399 402 400
f 400 402 498
f 400 498 403
f 401 499 402
f 401 497 496
f 401 496 499
f 402 499 498
f 403 498 500
f 403 500 501
f 403 501 502
f 403 502 404
f 404 503 405
f 404 502 504
f 404 504 503
f 405 503 603
f 405 603 505
f 405 505 406
f 406 505 506
f 406 506 407
f 407 506 507
f 407 507 508
f 407 508 408
f 408 508 509
f 408 509 510
f 408 510 511
f 408 511 512
f 408 512 513
f 408 513 514
f 408 514 515
f 408 515 409
f 409 515 516
f 409 516 517
f 409 517 410
f 410 517 411
f 411 517 412
f 412 517 518
f 412 518 413
f 413 518 519
f 413 519 520
f 413 520 414
f 414 520 521
f 414 521 522
f 414 522 415
f 415 522 416
f 416 522 523
f 416 523 417
f 417 523 524
f 417 524 419
f 419 524 420
f 420 524 525
f 420 525 526
f 420 526 421
f 421 526 422
f 422 526 527
f 422 527 423
f 423 527 424
f 424 527 528
f 424 528 425
f 425 528 426
f 426 528 529
f 426 529 530
f 426 530 427
f 427 530 531
f 427 531 429
f 428 433 438
f 429 531 430
f 430 531 532
f 430 532 533
f 430 533 431
f 431 533 534
f 431 534 433
f 433 534 535
f 433 535 438
f 435 447 446
f 435 446 536
f 435 536 537
f 435 537 538
f 435 538 436
f 436 538 539
f 436 539 437
f 437 539 449
f 438 535 540
f 438 540 541
f 438 541 439
f 439 541 542
f 439 542 440
f 440 542 448
f 441 543 442
f 441 448 544
f 441 544 545
f 441 545 546
f 441 546 543
f 442 547 548
f 442 548 549
f 442 549 443
f 442 543 547
f 443 549 550
f 443 550 444
f 444 550 551
f 444 551 552
f 444 552 445
f 445 552 446
f 446 552 536
f 448 542 544
f 449 553 451
f 449 539 553
f 450 554 569
f 450 569 461
f 451 553 555
f 451 555 554
f 452 462 556
f 452 556 453
f 453 556 455
f 454 455 557
f 454 557 558
f 454 558 456
f 455 559 557
f 455 556 666
f 455 666 560
f 455 560 668
f 455 668 559
f 456 561 457
f 456 558 562
f 456 562 561
f 457 561 563
f 457 563 564
f 457 564 565
f 457 565 566
f 457 566 567
f 457 567 458
f 458 567 459
f 459 567 566
f 459 566 568
f 459 568 464
f 462 570 666
f 462 666 556
f 463 571 570
f 463 569 572
f 463 572 573
f 463 573 571
f 464 574 575
f 464 575 465
f 464 568 574
f 465 575 467
f 465 467 466
f 467 575 576
f 469 470 577
f 469 577 475
f 470 471 578
f 470 578 579
f 470 579 577
f 473 496 497
f 474 475 580
f 474 580 581
f 474 581 582
f 474 582 477
f 474 477 476
f 475 577 580
f 477 582 478
f 478 582 479
f 479 583 584
f 479 584 480
f 479 582 585
f 479 585 586
f 479 586 583
f 480 584 587
f 480 587 481
f 481 587 588
f 481 588 589
f 481 589 482
f 482 589 484
f 482 484 483
f 484 589 590
f 484 590 591
f 484 591 486
f 484 486 485
f 486 591 592
f 486 592 707
f 486 707 593
f 486 593 594
f 486 594 487
f 487 594 595
f 487 595 488
f 490 597 596
f 490 595 598
f 490 598 597
f 491 596 597
f 491 597 599
f 491 599 493
f 492 493 600
f 492 600 601
f 492 601 494
f 493 599 504
f 493 504 600
f 494 601 500
f 494 500 495
f 495 500 496
f 496 500 498
f 496 498 499
f 500 601 501
f 501 601 600
f 501 600 502
f 502 600 504
f 503 602 603
f 503 504 599
f 503 599 602
f 505 603 506
f 506 603 602
f 506 602 604
f 506 604 507
f 507 605 509
f 507 509 508
f 507 604 606
f 507 606 607
f 507 607 605
f 509 605 608
f 509 608 510
f 510 608 511
f 511 608 609
f 511 609 610
f 511 610 512
f 512 610 611
f 512 611 513
f 513 611 612
f 513 612 613
f 513 613 614
f 513 614 615
f 513 615 616
f 513 616 617
f 513 617 514
f 514 617 618
f 514 618 619
f 514 619 515
f 515 619 516
f 516 619 620
f 516 620 517
f 517 620 518
f 518 620 621
f 518 621 622
f 518 622 519
f 519 622 623
f 519 623 520
f 520 623 521
f 521 623 624
f 521 624 522
f 522 624 625
f 522 625 523
f 523 625 626
f 523 626 524
f 524 626 627
f 524 627 525
f 525 627 526
f 526 627 628
f 526 628 629
f 526 629 630
f 526 630 527
f 527 630 631
f 527 631 528
f 528 631 632
f 528 632 633
f 528 633 634
f 528 634 529
f 529 634 635
f 529 635 530
f 530 635 636
f 530 636 637
f 530 637 531
f 531 637 638
f 531 638 532
f 532 638 533
f 533 638 639
f 533 639 534
f 534 640 641
f 534 641 540
f 534 540 535
f 534 639 640
f 536 552 642
f 536 642 643
f 536 643 537
f 537 643 538
f 538 643 644
f 538 644 539
f 539 644 645
f 539 645 553
f 540 641 541
f 541 641 646
f 541 646 542
f 542 647 544
f 542 646 648
f 542 648 647
f 543 546 649
f 543 649 650
f 543 650 651
f 543 651 652
f 543 652 547
f 544 647 649
f 544 649 545
f 545 649 546
f 547 653 654
f 547 654 655
f 547 655 656
f 547 656 657
f 547 657 548
f 547 652 653
f 548 657 658
f 548 658 659
f 548 659 660
f 548 660 549
f 549 660 550
f 550 660 661
f 550 661 662
f 550 662 663
f 550 663 551
f 551 663 552
f 552 663 664
f 552 664 642
f 553 645 555
f 554 555 665
f 554 665 569
f 555 645 757
f 555 757 665
f 557 559 558
f 558 559 668
f 558 668 667
f 558 667 675
f 558 675 562
f 560 669 670
f 560 670 671
f 560 671 672
f 560 672 673
f 560 673 668
f 560 666 669
f 561 562 563
f 562 674 563
f 562 675 786
f 562 786 674
f 563 676 564
f 563 674 676
f 564 677 678
f 564 678 565
f 564 676 679
f 564 679 680
f 564 680 681
f 564 681 677
f 565 678 682
f 565 682 566
f 566 682 683
f 566 683 568
f 568 683 684
f 568 684 574
f 569 665 572
f 570 571 666
f 571 573 666
f 572 665 685
f 572 685 573
f 573 685 686
f 573 686 687
f 573 687 688
f 573 688 689
f 573 689 670
f 573 670 669
f 573 669 666
f 574 684 690
f 574 690 575
f 575 690 691
f 575 691 692
f 575 692 576
f 577 693 580
f 577 579 694
f 577 694 693
f 580 693 695
f 580 695 581
f 581 696 582
f 581 695 696
f 582 697 585
f 582 696 697
f 583 586 698
f 583 698 808
f 583 808 699
f 583 699 700
f 583 700 584
f 584 700 587
f 585 697 586
f 586 697 701
f 586 701 702
f 586 702 698
f 587 703 588
f 587 700 811
f 587 811 704
f 587 704 703
f 588 703 589
f 589 703 705
f 589 705 706
f 589 706 590
f 590 592 591
f 590 706 707
f 590 707 592
f 593 707 708
f 593 708 709
f 593 709 594
f 594 709 595
f 595 709 710
f 595 710 598
f 597 598 711
f 597 711 712
f 597 712 599
f 598 710 713
f 598 713 714
f 598 714 711
f 599 711 715
f 599 715 602
f 599 712 711
f 602 716 604
f 602 715 716
f 604 716 606
f 605 607 608
f 606 716 715
f 606 715 714
f 606 714 713
f 606 713 717
f 606 717 607
f 607 718 608
f 607 717 709
f 607 709 718
f 608 719 609
f 608 718 720
f 608 720 719
f 609 719 610
f 610 719 720
f 610 720 721
f 610 721 722
f 610 722 611
f 611 722 612
f 612 722 723
f 612 723 724
f 612 724 613
f 613 724 614
f 614 724 725
f 614 725 726
f 614 726 727
f 614 727 615
f 615 728 729
f 615 729 616
f 615 727 730
f 615 730 728
f 616 729 731
f 616 731 732
f 616 732 617
f 617 732 733
f 617 733 618
f 618 733 619
f 619 733 620
f 620 733 734
f 620 734 735
f 620 735 621
f 621 735 736
f 621 736 622
f 622 736 737
f 622 737 623
f 623 737 624
f 624 737 738
f 624 738 625
f 625 738 739
f 625 739 626
f 626 739 740
f 626 740 627
f 627 740 741
f 627 741 628
f 628 741 742
f 628 742 629
f 629 742 630
f 630 742 743
f 630 743 744
f 630 744 745
f 630 745 746
f 630 746 631
f 631 746 747
f 631 747 748
f 631 748 632
f 632 748 633
f 633 748 634
f 634 748 749
f 634 749 635
f 635 749 750
f 635 750 636
f 636 750 751
f 636 751 637
f 637 751 638
f 638 752 753
f 638 753 639
f 638 751 752
f 639 753 640
f 640 754 755
f 640 755 641
f 640 753 754
f 641 755 646
f 642 664 756
f 642 756 686
f 642 686 643
f 643 686 757
f 643 757 645
f 643 645 644
f 646 758 648
f 646 755 758
f 647 759 649
f 647 648 758
f 647 758 759
f 649 759 650
f 650 759 760
f 650 760 651
f 651 760 652
f 652 760 761
f 652 761 762
f 652 762 653
f 653 763 654
f 653 762 764
f 653 764 765
f 653 765 766
f 653 766 767
f 653 767 768
f 653 768 769
f 653 769 763
f 654 763 770
f 654 770 771
f 654 771 655
f 655 771 772
f 655 772 773
f 655 773 656
f 656 773 658
f 656 658 657
f 658 773 774
f 658 774 775
f 658 775 776
f 658 776 777
f 658 777 659
f 659 777 661
f 659 661 660
f 661 777 778
f 661 778 662
f 662 688 663
f 662 778 779
f 662 779 688
f 663 688 756
f 663 756 664
f 665 757 685
f 667 668 673
f 667 673 672
f 667 672 780
f 667 780 781
f 667 781 675
f 670 689 782
f 670 782 671
f 671 782 672
f 672 782 783
f 672 783 780
f 674 784 785
f 674 785 676
f 674 786 883
f 674 883 784
f 675 781 786
f 676 785 787
f 676 787 679
f 677 681 788
f 677 788 789
f 677 789 790
f 677 790 791
f 677 791 792
f 677 792 678
f 678 792 682
f 679 787 680
f 680 787 793
f 680 793 794
f 680 794 681
f 681 794 795
f 681 795 796
f 681 796 788
f 682 792 683
f 683 792 797
f 683 797 798
f 683 798 799
f 683 799 684
f 684 799 690
f 685 757 686
f 686 756 687
f 687 756 688
f 688 779 689
f 689 779 782
f 690 800 801
f 690 801 691
f 690 799 800
f 693 802 695
f 693 694 803
f 693 803 802
f 695 802 804
f 695 804 696
f 696 804 805
f 696 805 697
f 697 805 806
f 697 806 701
f 698 702 807
f 698 807 907
f 698 907 808
f 699 808 809
f 699 809 908
f 699 908 810
f 699 810 811
f 699 811 700
f 701 806 702
f 702 806 812
f 702 812 813
f 702 813 814
f 702 814 807
f 703 704 817
f 703 817 815
f 703 815 816
f 703 816 705
f 704 811 817
f 705 816 818
f 705 818 706
f 706 818 707
f 707 818 819
f 707 819 708
f 708 819 820
f 708 820 720
f 708 720 718
f 708 718 709
f 709 717 713
f 709 713 710
f 711 714 715
f 720 820 821
f 720 821 721
f 721 821 722
f 722 821 822
f 722 822 823
f 722 823 723
f 723 823 724
f 724 823 824
f 724 824 825
f 724 825 725
f 725 825 826
f 725 826 726
f 726 827 828
f 726 828 730
f 726 730 727
f 726 826 829
f 726 829 830
f 726 830 831
f 726 831 827
f 728 832 833
f 728 833 729
f 728 730 836
f 728 836 832
f 729 833 834
f 729 834 731
f 730 828 835
f 730 835 836
f 731 834 837
f 731 837 838
f 731 838 732
f 732 838 733
f 733 838 734
f 734 839 840
f 734 840 735
f 734 838 839
f 735 840 841
f 735 841 736
f 736 841 737
f 737 841 842
f 737 842 738
f 738 842 843
f 738 843 739
f 739 843 844
f 739 844 740
f 740 844 845
f 740 845 741
f 741 845 743
f 741 743 742
f 743 845 846
f 743 846 847
f 743 847 744
f 744 847 848
f 744 848 849
f 744 849 746
f 744 746 745
f 746 850 747
f 746 849 850
f 747 850 851
f 747 851 748
f 748 851 852
f 748 852 853
f 748 853 749
f 749 853 854
f 749 854 750
f 750 854 751
f 751 854 855
f 751 855 752
f 752 856 753
f 752 855 856
f 753 857 754
f 753 856 857
f 754 858 859
f 754 859 755
f 754 857 858
f 755 859 758
f 758 859 860
f 758 860 759
f 759 861 760
f 759 860 859
f 759 859 862
f 759 862 863
f 759 863 861
f 760 861 761
f 761 861 864
f 761 864 762
f 762 864 764
f 763 769 770
f 764 865 765
f 764 864 866
f 764 866 865
f 765 865 867
f 765 867 868
f 765 868 766
f 766 868 976
f 766 976 869
f 766 869 870
f 766 870 767
f 767 870 768
f 768 870 871
f 768 871 872
f 768 872 770
f 768 770 769
f 770 872 873
f 770 873 874
f 770 874 875
f 770 875 876
f 770 876 771
f 771 877 772
f 771 876 877
f 772 877 774
f 772 774 773
f 774 877 775
f 775 877 878
f 775 878 879
f 775 879 776
f 776 879 880
f 776 880 777
f 777 880 881
f 777 881 778
f 778 881 783
f 778 783 779
f 779 783 782
f 780 783 881
f 780 881 781
f 781 881 880
f 781 880 882
f 781 882 786
f 784 787 785
f 784 883 885
f 784 885 787
f 786 882 884
f 786 884 883
f 787 885 891
f 787 891 793
f 788 796 887
f 788 887 789
f 789 886 790
f 789 887 988
f 789 988 886
f 790 886 888
f 790 888 889
f 790 889 797
f 790 797 791
f 791 797 792
f 793 890 794
f 793 891 892
f 793 892 890
f 794 890 795
f 795 890 796
f 796 890 893
f 796 893 894
f 796 894 887
f 797 889 895
f 797 895 798
f 798 895 896
f 798 896 897
f 798 897 799
f 799 897 800
f 800 897 898
f 800 898 899
f 800 899 801
f 802 900 804
f 802 803 901
f 802 901 902
f 802 902 900
f 804 903 805
f 804 900 903
f 805 903 904
f 805 904 806
f 806 905 906
f 806 906 812
f 806 904 905
f 807 814 914
f 807 914 907
f 808 907 809
f 809 907 1009
f 809 1009 908
f 810 908 830
f 810 830 811
f 811 830 909
f 811 909 817
f 812 906 813
f 813 910 911
f 813 911 814
f 813 906 912
f 813 912 910
f 814 911 913
f 814 913 914
f 815 817 825
f 815 825 816
f 816 825 915
f 816 915 916
f 816 916 917
f 816 917 818
f 817 909 918
f 817 918 919
f 817 919 825
f 818 917 820
f 818 820 819
f 820 917 916
f 820 916 821
f 821 916 822
f 822 916 824
f 822 824 823
f 824 916 915
f 824 915 825
f 825 919 920
f 825 920 826
f 826 920 918
f 826 918 829
f 827 921 835
f 827 835 828
f 827 831 922
f 827 922 921
f 829 918 830
f 830 922 831
f 830 918 909
f 830 908 922
f 832 923 924
f 832 924 833
f 832 836 925
f 832 925 923
f 833 924 926
f 833 926 834
f 834 926 927
f 834 927 837
f 835 928 929
f 835 929 925
f 835 925 836
f 835 921 928
f 837 927 930
f 837 930 931
f 837 931 838
f 838 931 839
f 839 931 932
f 839 932 840
f 840 932 841
f 841 933 842
f 841 932 933
f 842 934 843
f 842 933 934
f 843 934 935
f 843 935 844
f 844 936 845
f 844 935 936
f 845 936 846
f 846 936 937
f 846 937 938
f 846 938 939
f 846 939 940
f 846 940 847
f 847 940 848
f 848 940 850
f 848 850 849
f 850 941 942
f 850 942 943
f 850 943 944
f 850 944 851
f 850 940 945
f 850 945 946
f 850 946 947
f 850 947 948
f 850 948 949
f 850 949 950
f 850 950 951
f 850 951 1046
f 850 1046 952
f 850 952 953
f 850 953 954
f 850 954 955
f 850 955 956
f 850 956 957
f 850 957 958
f 850 958 959
f 850 959 960
f 850 960 941
f 851 944 852
f 852 944 943
f 852 943 961
f 852 961 962
f 852 962 853
f 853 962 854
f 854 962 963
f 854 963 855
f 855 963 964
f 855 964 856
f 856 965 857
f 856 964 965
f 857 965 966
f 857 966 858
f 858 966 967
f 858 967 862
f 858 862 859
f 861 863 968
f 861 968 864
f 862 967 863
f 863 967 969
f 863 969 968
f 864 968 866
f 865 866 970
f 865 970 867
f 866 968 971
f 866 971 970
f 867 970 972
f 867 972 973
f 867 973 974
f 867 974 975
f 867 975 868
f 868 975 1084
f 868 1084 976
f 869 976 977
f 869 977 978
f 869 978 870
f 870 979 871
f 870 978 980
f 870 980 981
f 870 981 979
f 871 979 873
f 871 873 872
f 873 979 874
f 874 982 983
f 874 983 984
f 874 984 875
f 874 979 982
f 875 984 876
f 876 984 985
f 876 985 878
f 876 878 877
f 878 985 884
f 878 884 986
f 878 986 879
f 879 986 880
f 880 986 882
f 882 986 884
f 883 884 985
f 883 985 885
f 885 985 984
f 885 984 891
f 886 987 888
f 886 988 1092
f 886 1092 987
f 887 894 988
f 888 989 990
f 888 990 895
f 888 895 889
f 888 987 991
f 888 991 989
f 890 892 992
f 890 992 993
f 890 993 893
f 891 984 983
f 891 983 892
f 892 983 992
f 893 993 995
f 893 995 894
f 894 994 988
f 894 995 1100
f 894 1100 994
f 895 990 996
f 895 996 997
f 895 997 896
f 896 997 998
f 896 998 897
f 897 998 898
f 898 998 999
f 898 999 899
f 899 999 1000
f 900 1001 903
f 900 902 1002
f 900 1002 1001
f 903 1003 904
f 903 1001 1004
f 903 1004 1003
f 904 1003 905
f 905 1005 906
f 905 1003 1006
f 905 1006 1005
f 906 1007 912
f 906 1005 1007
f 907 914 1008
f 907 1008 1116
f 907 1116 1009
f 908 1009 922
f 910 1010 1011
f 910 1011 1012
f 910 1012 911
f 910 912 1007
f 910 1007 1013
f 910 1013 1010
f 911 1012 1014
f 911 1014 913
f 913 1014 1015
f 913 1015 914
f 914 1015 1008
f 918 920 919
f 921 922 928
f 922 1016 928
f 922 1009 1016
f 923 1017 1018
f 923 1018 924
f 923 925 1019
f 923 1019 1020
f 923 1020 1017
f 924 1018 1021
f 924 1021 926
f 925 929 1019
f 926 1021 1022
f 926 1022 927
f 927 1022 1023
f 927 1023 930
f 928 1024 1025
f 928 1025 1026
f 928 1026 929
f 928 1016 1128
f 928 1128 1024
f 929 1026 1019
f 930 1023 1027
f 930 1027 1028
f 930 1028 931
f 931 1028 932
f 932 1028 933
f 933 1028 1029
f 933 1029 934
f 934 1030 935
f 934 1029 1030
f 935 1031 936
f 935 1030 1032
f 935 1032 1031
f 936 1031 937
f 937 1031 938
f 938 1033 1034
f 938 1034 939
f 938 1031 1146
f 938 1146 1033
f 939 1034 945
f 939 945 940
f 941 960 1035
f 941 1035 1036
f 941 1036 1037
f 941 1037 942
f 942 1037 1038
f 942 1038 961
f 942 961 943
f 945 1034 1039
f 945 1039 946
f 946 1039 1040
f 946 1040 947
f 947 1040 1041
f 947 1041 949
f 947 949 948
f 949 1041 1042
f 949 1042 1043
f 949 1043 950
f 950 1043 1044
f 950 1044 1045
f 950 1045 951
f 951 1045 1046
f 952 1046 1166
f 952 1166 1047
f 952 1047 953
f 953 1047 1048
f 953 1048 1049
f 953 1049 954
f 954 1049 955
f 955 1050 956
f 955 1049 1051
f 955 1051 1171
f 955 1171 1052
f 955 1052 1053
f 955 1053 1054
f 955 1054 1050
f 956 1050 1055
f 956 1055 1056
f 956 1056 1057
f 956 1057 957
f 957 1057 1058
f 957 1058 958
f 958 1058 1059
f 958 1059 1060
f 958 1060 1061
f 958 1061 1062
f 958 1062 1063
f 958 1063 959
f 959 1063 1064
f 959 1064 1065
f 959 1065 1066
f 959 1066 1067
f 959 1067 960
f 960 1067 1035
f 961 1038 1155
f 961 1155 1068
f 961 1068 962
f 962 1068 1069
f 962 1069 963
f 963 1070 964
f 963 1069 1070
f 964 1070 1071
f 964 1071 965
f 965 1071 966
f 966 1072 1073
f 966 1073 967
f 966 1071 1072
f 967 1073 969
f 968 969 971
f 969 1073 1074
f 969 1074 971
f 970 1075 972
f 970 971 1076
f 970 1076 1075
f 971 1074 1077
f 971 1077 1078
f 971 1078 1076
f 972 1075 973
f 973 1075 1079
f 973 1079 1080
f 973 1080 1081
f 973 1081 974
f 974 1081 1082
f 974 1082 1083
f 974 1083 1084
f 974 1084 975
f 976 1084 977
f 977 1084 1085
f 977 1085 1086
f 977 1086 1087
f 977 1087 1088
f 977 1088 980
f 977 980 978
f 979 981 1089
f 979 1089 982
f 980 1088 1090
f 980 1090 1089
f 980 1089 981
f 982 1089 1091
f 982 1091 992
f 982 992 983
f 987 1092 1099
f 987 1099 991
f 988 1093 1094
f 988 1094 1092
f 988 994 1093
f 989 991 1095
f 989 1095 1096
f 989 1096 1097
f 989 1097 1098
f 989 1098 996
f 989 996 990
f 991 1099 1217
f 991 1217 1095
f 992 1091 993
f 993 1091 995
f 994 1100 1216
f 994 1216 1093
f 995 1101 1100
f 995 1091 1089
f 995 1089 1090
f 995 1090 1088
f 995 1088 1102
f 995 1102 1101
f 996 1098 1103
f 996 1103 1104
f 996 1104 997
f 997 1104 1105
f 997 1105 998
f 998 1105 999
f 999 1105 1106
f 999 1106 1000
f 1000 1106 1108
f 1000 1108 1107
f 1001 1002 1109
f 1001 1109 1004
f 1003 1004 1006
f 1004 1110 1006
f 1004 1109 1111
f 1004 1111 1112
f 1004 1112 1110
f 1005 1113 1007
f 1005 1006 1114
f 1005 1114 1115
f 1005 1115 1113
f 1006 1110 1114
f 1007 1113 1013
f 1008 1015 1127
f 1008 1127 1116
f 1009 1116 1016
f 1010 1013 1117
f 1010 1117 1118
f 1010 1118 1119
f 1010 1119 1120
f 1010 1120 1121
f 1010 1121 1122
f 1010 1122 1123
f 1010 1123 1011
f 1011 1123 1124
f 1011 1124 1125
f 1011 1125 1014
f 1011 1014 1012
f 1013 1113 1117
f 1014 1125 1246
f 1014 1246 1126
f 1014 1126 1127
f 1014 1127 1015
f 1016 1116 1128
f 1017 1129 1130
f 1017 1130 1131
f 1017 1131 1018
f 1017 1020 1132
f 1017 1132 1133
f 1017 1133 1134
f 1017 1134 1135
f 1017 1135 1129
f 1018 1131 1136
f 1018 1136 1021
f 1019 1026 1020
f 1020 1026 1137
f 1020 1137 1138
f 1020 1138 1132
f 1021 1136 1139
f 1021 1139 1022
f 1022 1139 1140
f 1022 1140 1023
f 1023 1140 1141
f 1023 1141 1027
f 1024 1142 1025
f 1024 1128 1254
f 1024 1254 1142
f 1025 1137 1026
f 1025 1142 1137
f 1027 1141 1143
f 1027 1143 1144
f 1027 1144 1145
f 1027 1145 1028
f 1028 1145 1029
f 1029 1145 1032
f 1029 1032 1030
f 1031 1032 1146
f 1032 1145 1147
f 1032 1147 1146
f 1033 1148 1034
f 1033 1146 1148
f 1034 1148 1149
f 1034 1149 1039
f 1035 1067 1150
f 1035 1150 1151
f 1035 1151 1036
f 1036 1151 1152
f 1036 1152 1153
f 1036 1153 1154
f 1036 1154 1037
f 1037 1154 1038
f 1038 1154 1155
f 1039 1149 1156
f 1039 1156 1040
f 1040 1156 1290
f 1040 1290 1157
f 1040 1157 1158
f 1040 1158 1041
f 1041 1158 1159
f 1041 1159 1160
f 1041 1160 1042
f 1042 1160 1161
f 1042 1161 1162
f 1042 1162 1043
f 1043 1162 1163
f 1043 1163 1164
f 1043 1164 1044
f 1044 1164 1165
f 1044 1165 1045
f 1045 1165 1046
f 1046 1165 1166
f 1047 1167 1048
f 1047 1166 1168
f 1047 1168 1169
f 1047 1169 1167
f 1048 1167 1170
f 1048 1170 1049
f 1049 1170 1171
f 1049 1171 1051
f 1050 1054 1055
f 1052 1171 1172
f 1052 1172 1173
f 1052 1173 1053
f 1053 1173 1312
f 1053 1312 1174
f 1053 1174 1054
f 1054 1175 1055
f 1054 1174 1313
f 1054 1313 1176
f 1054 1176 1175
f 1055 1175 1056
f 1056 1175 1177
f 1056 1177 1178
f 1056 1178 1180
f 1056 1180 1057
f 1057 1179 1058
f 1057 1180 1181
f 1057 1181 1322
f 1057 1322 1182
f 1057 1182 1179
f 1058 1179 1059
f 1059 1179 1183
f 1059 1183 1060
f 1060 1183 1184
f 1060 1184 1061
f 1061 1184 1185
f 1061 1185 1062
f 1062 1185 1186
f 1062 1186 1187
f 1062 1187 1063
f 1063 1187 1188
f 1063 1188 1189
f 1063 1189 1064
f 1064 1189 1190
f 1064 1190 1191
f 1064 1191 1065
f 1065 1191 1190
f 1065 1190 1192
f 1065 1192 1332
f 1065 1332 1193
f 1065 1193 1066
f 1066 1193 1194
f 1066 1194 1195
f 1066 1195 1067
f 1067 1195 1150
f 1068 1155 1196
f 1068 1196 1197
f 1068 1197 1069
f 1069 1197 1070
f 1070 1197 1071
f 1071 1197 1198
f 1071 1198 1200
f 1071 1200 1072
f 1072 1199 1077
f 1072 1077 1073
f 1072 1200 1199
f 1073 1077 1074
f 1075 1201 1079
f 1075 1076 1202
f 1075 1202 1201
f 1076 1078 1203
f 1076 1203 1202
f 1077 1199 1078
f 1078 1199 1203
f 1079 1204 1080
f 1079 1201 1204
f 1080 1204 1205
f 1080 1205 1206
f 1080 1206 1207
f 1080 1207 1081
f 1081 1207 1208
f 1081 1208 1082
f 1082 1208 1209
f 1082 1209 1210
f 1082 1210 1083
f 1083 1210 1211
f 1083 1211 1084
f 1084 1211 1085
f 1085 1211 1086
f 1086 1211 1212
f 1086 1212 1087
f 1087 1102 1088
f 1087 1212 1213
f 1087 1213 1214
f 1087 1214 1102
f 1092 1094 1099
f 1093 1215 1099
f 1093 1099 1094
f 1093 1216 1215
f 1095 1217 1219
f 1095 1219 1096
f 1096 1218 1097
f 1096 1219 1365
f 1096 1365 1218
f 1097 1220 1103
f 1097 1103 1098
f 1097 1218 1221
f 1097 1221 1220
f 1099 1222 1223
f 1099 1223 1217
f 1099 1215 1222
f 1100 1101 1214
f 1100 1214 1216
f 1101 1102 1214
f 1103 1220 1224
f 1103 1224 1225
f 1103 1225 1226
f 1103 1226 1104
f 1104 1227 1105
f 1104 1226 1227
f 1105 1227 1108
f 1105 1108 1106
f 1107 1108 1228
f 1108 1227 1229
f 1108 1229 1230
f 1108 1230 1228
f 1110 1231 1232
f 1110 1232 1114
f 1110 1112 1233
f 1110 1233 1231
f 1113 1115 1234
f 1113 1234 1235
f 1113 1235 1118
f 1113 1118 1117
f 1114 1232 1115
f 1115 1232 1236
f 1115 1236 1234
f 1116 1127 1128
f 1118 1237 1238
f 1118 1238 1239
f 1118 1239 1119
f 1118 1235 1240
f 1118 1240 1237
f 1119 1239 1241
f 1119 1241 1242
f 1119 1242 1120
f 1120 1242 1121
f 1121 1242 1243
f 1121 1243 1124
f 1121 1124 1122
f 1122 1124 1123
f 1124 1243 1390
f 1124 1390 1244
f 1124 1244 1395
f 1124 1395 1245
f 1124 1245 1125
f 1125 1245 1395
f 1125 1395 1246
f 1126 1246 1247
f 1126 1247 1248
f 1126 1248 1127
f 1127 1248 1249
f 1127 1249 1250
f 1127 1250 1128
f 1128 1250 1251
f 1128 1251 1252
f 1128 1252 1253
f 1128 1253 1254
f 1129 1255 1256
f 1129 1256 1257
f 1129 1257 1130
f 1129 1135 1258
f 1129 1258 1259
f 1129 1259 1260
f 1129 1260 1261
f 1129 1261 1262
f 1129 1262 1255
f 1130 1257 1263
f 1130 1263 1264
f 1130 1264 1131
f 1131 1264 1136
f 1132 1138 1133
f 1133 1138 1265
f 1133 1265 1266
f 1133 1266 1267
f 1133 1267 1134
f 1134 1267 1135
f 1135 1267 1408
f 1135 1408 1258
f 1136 1264 1268
f 1136 1268 1139
f 1137 1142 1138
f 1138 1269 1265
f 1138 1142 1270
f 1138 1270 1271
f 1138 1271 1269
f 1139 1268 1272
f 1139 1272 1273
f 1139 1273 1140
f 1140 1273 1274
f 1140 1274 1141
f 1141 1274 1143
f 1142 1254 1275
f 1142 1275 1270
f 1143 1274 1276
f 1143 1276 1277
f 1143 1277 1278
f 1143 1278 1279
f 1143 1279 1144
f 1144 1279 1145
f 1145 1279 1147
f 1146 1147 1279
f 1146 1279 1280
f 1146 1280 1281
f 1146 1281 1148
f 1148 1281 1156
f 1148 1156 1149
f 1150 1195 1282
f 1150 1282 1283
f 1150 1283 1426
f 1150 1426 1284
f 1150 1284 1152
f 1150 1152 1151
f 1152 1284 1427
f 1152 1427 1285
f 1152 1285 1153
f 1153 1285 1286
f 1153 1286 1287
f 1153 1287 1154
f 1154 1287 1288
f 1154 1288 1155
f 1155 1288 1289
f 1155 1289 1196
f 1156 1281 1291
f 1156 1291 1290
f 1157 1290 1292
f 1157 1292 1293
f 1157 1293 1159
f 1157 1159 1158
f 1159 1293 1435
f 1159 1435 1294
f 1159 1294 1160
f 1160 1294 1161
f 1161 1295 1437
f 1161 1437 1296
f 1161 1296 1297
f 1161 1297 1162
f 1161 1294 1295
f 1162 1297 1298
f 1162 1298 1299
f 1162 1299 1163
f 1163 1299 1164
f 1164 1300 1165
f 1164 1299 1301
f 1164 1301 1303
f 1164 1303 1300
f 1165 1300 1166
f 1166 1300 1303
f 1166 1303 1168
f 1167 1169 1302
f 1167 1302 1308
f 1167 1308 1170
f 1168 1303 1304
f 1168 1304 1305
f 1168 1305 1169
f 1169 1305 1448
f 1169 1448 1306
f 1169 1306 1307
f 1169 1307 1302
f 1170 1308 1171
f 1171 1308 1309
f 1171 1309 1310
f 1171 1310 1172
f 1172 1310 1311
f 1172 1311 1312
f 1172 1312 1173
f 1174 1312 1457
f 1174 1457 1313
f 1175 1176 1314
f 1175 1314 1177
f 1176 1313 1458
f 1176 1458 1314
f 1177 1314 1315
f 1177 1315 1178
f 1178 1315 1460
f 1178 1460 1316
f 1178 1316 1317
f 1178 1317 1321
f 1178 1321 1180
f 1179 1318 1183
f 1179 1182 1319
f 1179 1319 1320
f 1179 1320 1318
f 1180 1321 1181
f 1181 1321 1465
f 1181 1465 1322
f 1182 1322 1319
f 1183 1318 1323
f 1183 1323 1324
f 1183 1324 1325
f 1183 1325 1326
f 1183 1326 1184
f 1184 1326 1185
f 1185 1326 1327
f 1185 1327 1328
f 1185 1328 1186
f 1186 1328 1187
f 1187 1328 1329
f 1187 1329 1188
f 1188 1329 1330
f 1188 1330 1189
f 1189 1330 1190
f 1190 1330 1331
f 1190 1331 1333
f 1190 1333 1192
f 1192 1333 1334
f 1192 1334 1332
f 1193 1332 1335
f 1193 1335 1194
f 1194 1335 1336
f 1194 1336 1337
f 1194 1337 1195
f 1195 1337 1282
f 1196 1289 1338
f 1196 1338 1339
f 1196 1339 1197
f 1197 1339 1198
f 1198 1340 1200
f 1198 1339 1340
f 1199 1200 1340
f 1199 1340 1341
f 1199 1341 1342
f 1199 1342 1203
f 1201 1202 1343
f 1201 1343 1344
f 1201 1344 1204
f 1202 1203 1345
f 1202 1345 1346
f 1202 1346 1343
f 1203 1342 1345
f 1204 1347 1205
f 1204 1344 1347
f 1205 1347 1348
f 1205 1348 1349
f 1205 1349 1350
f 1205 1350 1351
f 1205 1351 1352
f 1205 1352 1353
f 1205 1353 1206
f 1206 1353 1354
f 1206 1354 1208
f 1206 1208 1207
f 1208 1354 1355
f 1208 1355 1356
f 1208 1356 1209
f 1209 1211 1210
f 1209 1356 1357
f 1209 1357 1358
f 1209 1358 1359
f 1209 1359 1212
f 1209 1212 1211
f 1212 1359 1360
f 1212 1360 1213
f 1213 1360 1361
f 1213 1361 1362
f 1213 1362 1214
f 1214 1362 1215
f 1214 1215 1216
f 1215 1362 1363
f 1215 1363 1222
f 1217 1223 1219
f 1218 1364 1221
f 1218 1365 1364
f 1219 1223 1222
f 1219 1222 1363
f 1219 1363 1366
f 1219 1366 1519
f 1219 1519 1365
f 1220 1221 1224
f 1221 1364 1367
f 1221 1367 1368
f 1221 1368 1369
f 1221 1369 1370
f 1221 1370 1224
f 1224 1371 1372
f 1224 1372 1225
f 1224 1370 1371
f 1225 1372 1373
f 1225 1373 1374
f 1225 1374 1229
f 1225 1229 1226
f 1226 1229 1227
f 1228 1230 1375
f 1229 1374 1376
f 1229 1376 1230
f 1230 1376 1377
f 1230 1377 1375
f 1231 1378 1232
f 1231 1233 1379
f 1231 1379 1378
f 1232 1378 1236
f 1234 1380 1381
f 1234 1381 1240
f 1234 1240 1235
f 1234 1236 1382
f 1234 1382 1380
f 1236 1378 1382
f 1237 1383 1384
f 1237 1384 1385
f 1237 1385 1238
f 1237 1240 1381
f 1237 1381 1386
f 1237 1386 1383
f 1238 1385 1387
f 1238 1387 1239
f 1239 1387 1388
f 1239 1388 1241
f 1241 1388 1547
f 1241 1547 1389
f 1241 1389 1242
f 1242 1390 1243
f 1242 1389 1391
f 1242 1391 1392
f 1242 1392 1393
f 1242 1393 1390
f 1244 1394 1395
f 1244 1390 1396
f 1244 1396 1394
f 1246 1395 1247
f 1247 1394 1397
f 1247 1397 1248
f 1247 1395 1394
f 1248 1397 1249
f 1249 1397 1398
f 1249 1398 1399
f 1249 1399 1251
f 1249 1251 1250
f 1251 1399 1400
f 1251 1400 1252
f 1252 1400 1253
f 1253 1275 1254
f 1253 1400 1275
f 1255 1262 1401
f 1255 1401 1402
f 1255 1402 1403
f 1255 1403 1404
f 1255 1404 1256
f 1256 1404 1405
f 1256 1405 1406
f 1256 1406 1407
f 1256 1407 1257
f 1257 1407 1263
f 1258 1408 1409
f 1258 1409 1259
f 1259 1409 1410
f 1259 1410 1260
f 1260 1410 1261
f 1261 1410 1411
f 1261 1411 1412
f 1261 1412 1262
f 1262 1412 1556
f 1262 1556 1401
f 1263 1413 1268
f 1263 1268 1264
f 1263 1407 1413
f 1265 1269 1266
f 1266 1414 1267
f 1266 1269 1271
f 1266 1271 1415
f 1266 1415 1414
f 1267 1414 1568
f 1267 1568 1408
f 1268 1413 1272
f 1270 1275 1271
f 1271 1275 1416
f 1271 1416 1417
f 1271 1417 1415
f 1272 1418 1419
f 1272 1419 1273
f 1272 1413 1418
f 1273 1419 1274
f 1274 1419 1276
f 1275 1400 1416
f 1276 1419 1420
f 1276 1420 1421
f 1276 1421 1277
f 1277 1421 1422
f 1277 1422 1423
f 1277 1423 1278
f 1278 1423 1424
f 1278 1424 1279
f 1279 1424 1280
f 1280 1424 1291
f 1280 1291 1281
f 1282 1337 1283
f 1283 1337 1425
f 1283 1425 1426
f 1284 1426 1583
f 1284 1583 1427
f 1285 1427 1428
f 1285 1428 1429
f 1285 1429 1286
f 1286 1429 1430
f 1286 1430 1431
f 1286 1431 1287
f 1287 1431 1288
f 1288 1431 1289
f 1289 1431 1338
f 1290 1291 1432
f 1290 1432 1433
f 1290 1433 1292
f 1291 1424 1423
f 1291 1423 1432
f 1292 1433 1434
f 1292 1434 1293
f 1293 1434 1590
f 1293 1590 1435
f 1294 1435 1295
f 1295 1436 1437
f 1295 1435 1436
f 1296 1437 1438
f 1296 1438 1439
f 1296 1439 1297
f 1297 1439 1440
f 1297 1440 1441
f 1297 1441 1442
f 1297 1442 1298
f 1298 1442 1443
f 1298 1443 1299
f 1299 1443 1444
f 1299 1444 1445
f 1299 1445 1301
f 1301 1445 1304
f 1301 1304 1303
f 1302 1307 1446
f 1302 1446 1308
f 1304 1445 1601
f 1304 1601 1447
f 1304 1447 1305
f 1305 1447 1448
f 1306 1448 1449
f 1306 1449 1307
f 1307 1449 1450
f 1307 1450 1446
f 1308 1446 1451
f 1308 1451 1309
f 1309 1451 1310
f 1310 1452 1453
f 1310 1453 1311
f 1310 1451 1454
f 1310 1454 1455
f 1310 1455 1452
f 1311 1453 1312
f 1312 1453 1456
f 1312 1456 1457
f 1313 1457 1616
f 1313 1616 1458
f 1314 1458 1459
f 1314 1459 1315
f 1315 1459 1460
f 1316 1460 1461
f 1316 1461 1317
f 1317 1461 1464
f 1317 1464 1321
f 1318 1320 1463
f 1318 1463 1323
f 1319 1322 1320
f 1320 1322 1462
f 1320 1462 1463
f 1321 1464 1465
f 1322 1465 1466
f 1322 1466 1462
f 1323 1463 1467
f 1323 1467 1324
f 1324 1467 1468
f 1324 1468 1469
f 1324 1469 1470
f 1324 1470 1471
f 1324 1471 1325
f 1325 1471 1472
f 1325 1472 1473
f 1325 1473 1326
f 1326 1473 1327
f 1327 1473 1474
f 1327 1474 1475
f 1327 1475 1476
f 1327 1476 1328
f 1328 1476 1477
f 1328 1477 1478
f 1328 1478 1329
f 1329 1479 1331
f 1329 1331 1330
f 1329 1478 1480
f 1329 1480 1479
f 1331 1479 1481
f 1331 1481 1482
f 1331 1482 1483
f 1331 1483 1333
f 1332 1334 1335
f 1333 1483 1484
f 1333 1484 1334
f 1334 1484 1485
f 1334 1485 1335
f 1335 1485 1486
f 1335 1486 1336
f 1336 1486 1487
f 1336 1487 1488
f 1336 1488 1337
f 1337 1488 1489
f 1337 1489 1425
f 1338 1490 1341
f 1338 1341 1340
f 1338 1340 1339
f 1338 1431 1490
f 1341 1491 1492
f 1341 1492 1342
f 1341 1490 1493
f 1341 1493 1491
f 1342 1492 1345
f 1343 1494 1344
f 1343 1346 1495
f 1343 1495 1494
f 1344 1494 1347
f 1345 1492 1346
f 1346 1492 1496
f 1346 1496 1495
f 1347 1494 1348
f 1348 1494 1497
f 1348 1497 1498
f 1348 1498 1349
f 1349 1498 1499
f 1349 1499 1500
f 1349 1500 1501
f 1349 1501 1502
f 1349 1502 1503
f 1349 1503 1504
f 1349 1504 1505
f 1349 1505 1350
f 1350 1505 1506
f 1350 1506 1507
f 1350 1507 1508
f 1350 1508 1351
f 1351 1508 1509
f 1351 1509 1352
f 1352 1509 1510
f 1352 1510 1353
f 1353 1510 1354
f 1354 1510 1511
f 1354 1511 1355
f 1355 1357 1356
f 1355 1511 1512
f 1355 1512 1678
f 1355 1678 1513
f 1355 1513 1358
f 1355 1358 1357
f 1358 1513 1514
f 1358 1514 1360
f 1358 1360 1359
f 1360 1514 1515
f 1360 1515 1361
f 1361 1363 1362
f 1361 1515 1363
f 1363 1515 1366
f 1364 1365 1516
f 1364 1516 1517
f 1364 1517 1367
f 1365 1518 1516
f 1365 1519 1683
f 1365 1683 1518
f 1366 1515 1519
f 1367 1520 1368
f 1367 1517 1681
f 1367 1681 1520
f 1368 1521 1369
f 1368 1520 1522
f 1368 1522 1523
f 1368 1523 1524
f 1368 1524 1525
f 1368 1525 1521
f 1369 1526 1372
f 1369 1372 1371
f 1369 1371 1370
f 1369 1521 1526
f 1372 1527 1373
f 1372 1526 1528
f 1372 1528 1527
f 1373 1529 1376
f 1373 1376 1374
f 1373 1527 1529
f 1375 1377 1530
f 1376 1529 1531
f 1376 1531 1377
f 1377 1531 1532
f 1377 1532 1530
f 1378 1379 1533
f 1378 1533 1534
f 1378 1534 1535
f 1378 1535 1382
f 1379 1536 1534
f 1379 1534 1533
f 1380 1537 1538
f 1380 1538 1383
f 1380 1383 1386
f 1380 1386 1381
f 1380 1382 1535
f 1380 1535 1539
f 1380 1539 1537
f 1383 1540 1541
f 1383 1541 1542
f 1383 1542 1384
f 1383 1538 1543
f 1383 1543 1540
f 1384 1542 1544
f 1384 1544 1385
f 1385 1544 1545
f 1385 1545 1387
f 1387 1545 1718
f 1387 1718 1546
f 1387 1546 1547
f 1387 1547 1388
f 1389 1547 1548
f 1389 1548 1391
f 1390 1393 1396
f 1391 1548 1549
f 1391 1549 1550
f 1391 1550 1551
f 1391 1551 1392
f 1392 1551 1552
f 1392 1552 1553
f 1392 1553 1393
f 1393 1553 1396
f 1394 1396 1554
f 1394 1554 1398
f 1394 1398 1397
f 1396 1553 1555
f 1396 1555 1417
f 1396 1417 1554
f 1398 1554 1416
f 1398 1416 1400
f 1398 1400 1399
f 1401 1556 1557
f 1401 1557 1402
f 1402 1557 1558
f 1402 1558 1403
f 1403 1559 1560
f 1403 1560 1404
f 1403 1558 1561
f 1403 1561 1562
f 1403 1562 1563
f 1403 1563 1559
f 1404 1560 1564
f 1404 1564 1565
f 1404 1565 1405
f 1405 1565 1406
f 1406 1566 1567
f 1406 1567 1413
f 1406 1413 1407
f 1406 1565 1566
f 1408 1568 1409
f 1409 1568 1569
f 1409 1569 1410
f 1410 1570 1411
f 1410 1569 1551
f 1410 1551 1550
f 1410 1550 1571
f 1410 1571 1572
f 1410 1572 1570
f 1411 1570 1412
f 1412 1570 1572
f 1412 1572 1571
f 1412 1571 1549
f 1412 1549 1573
f 1412 1573 1574
f 1412 1574 1556
f 1413 1567 1575
f 1413 1575 1576
f 1413 1576 1418
f 1414 1577 1568
f 1414 1415 1417
f 1414 1417 1578
f 1414 1578 1577
f 1416 1554 1417
f 1417 1555 1578
f 1418 1576 1419
f 1419 1576 1420
f 1420 1579 1421
f 1420 1576 1579
f 1421 1580 1422
f 1421 1579 1580
f 1422 1580 1581
f 1422 1581 1433
f 1422 1433 1432
f 1422 1432 1423
f 1425 1489 1582
f 1425 1582 1426
f 1426 1582 1742
f 1426 1742 1583
f 1427 1583 1584
f 1427 1584 1428
f 1428 1584 1585
f 1428 1585 1586
f 1428 1586 1587
f 1428 1587 1429
f 1429 1587 1430
f 1430 1587 1588
f 1430 1588 1493
f 1430 1493 1431
f 1431 1493 1490
f 1433 1581 1589
f 1433 1589 1434
f 1434 1589 1590
f 1435 1590 1591
f 1435 1591 1436
f 1436 1591 1437
f 1437 1592 1593
f 1437 1593 1594
f 1437 1594 1438
f 1437 1591 1592
f 1438 1594 1595
f 1438 1595 1439
f 1439 1595 1440
f 1440 1595 1596
f 1440 1596 1441
f 1441 1597 1442
f 1441 1596 1597
f 1442 1597 1598
f 1442 1598 1599
f 1442 1599 1443
f 1443 1599 1600
f 1443 1600 1444
f 1444 1601 1445
f 1444 1600 1602
f 1444 1602 1606
f 1444 1606 1601
f 1446 1450 1603
f 1446 1603 1604
f 1446 1604 1605
f 1446 1605 1451
f 1447 1601 1606
f 1447 1606 1607
f 1447 1607 1448
f 1448 1607 1608
f 1448 1608 1449
f 1449 1608 1609
f 1449 1609 1603
f 1449 1603 1450
f 1451 1605 1610
f 1451 1610 1454
f 1452 1455 1611
f 1452 1611 1453
f 1453 1611 1612
f 1453 1612 1456
f 1454 1610 1455
f 1455 1613 1611
f 1455 1610 1614
f 1455 1614 1613
f 1456 1612 1774
f 1456 1774 1615
f 1456 1615 1616
f 1456 1616 1457
f 1458 1616 1459
f 1459 1616 1615
f 1459 1615 1617
f 1459 1617 1618
f 1459 1618 1460
f 1460 1618 1619
f 1460 1619 1620
f 1460 1620 1461
f 1461 1620 1621
f 1461 1621 1622
f 1461 1622 1625
f 1461 1625 1464
f 1462 1466 1623
f 1462 1623 1784
f 1462 1784 1624
f 1462 1624 1467
f 1462 1467 1463
f 1464 1625 1626
f 1464 1626 1627
f 1464 1627 1466
f 1464 1466 1465
f 1466 1627 1628
f 1466 1628 1623
f 1467 1624 1629
f 1467 1629 1468
f 1468 1629 1631
f 1468 1631 1469
f 1469 1630 1471
f 1469 1471 1470
f 1469 1631 1632
f 1469 1632 1633
f 1469 1633 1792
f 1469 1792 1630
f 1471 1630 1634
f 1471 1634 1635
f 1471 1635 1474
f 1471 1474 1472
f 1472 1474 1473
f 1474 1635 1636
f 1474 1636 1637
f 1474 1637 1475
f 1475 1637 1638
f 1475 1638 1639
f 1475 1639 1476
f 1476 1639 1477
f 1477 1640 1480
f 1477 1480 1478
f 1477 1639 1641
f 1477 1641 1640
f 1479 1480 1481
f 1480 1642 1482
f 1480 1482 1481
f 1480 1640 1643
f 1480 1643 1642
f 1482 1642 1644
f 1482 1644 1645
f 1482 1645 1483
f 1483 1645 1646
f 1483 1646 1484
f 1484 1646 1647
f 1484 1647 1485
f 1485 1647 1648
f 1485 1648 1486
f 1486 1648 1649
f 1486 1649 1487
f 1487 1649 1650
f 1487 1650 1651
f 1487 1651 1652
f 1487 1652 1488
f 1488 1652 1489
f 1489 1652 1653
f 1489 1653 1654
f 1489 1654 1655
f 1489 1655 1582
f 1491 1656 1496
f 1491 1496 1492
f 1491 1493 1588
f 1491 1588 1656
f 1494 1495 1657
f 1494 1657 1497
f 1495 1496 1658
f 1495 1658 1657
f 1496 1656 1658
f 1497 1657 1659
f 1497 1659 1498
f 1498 1659 1499
f 1499 1659 1660
f 1499 1660 1661
f 1499 1661 1662
f 1499 1662 1663
f 1499 1663 1500
f 1500 1664 1665
f 1500 1665 1666
f 1500 1666 1501
f 1500 1663 1664
f 1501 1666 1831
f 1501 1831 1667
f 1501 1667 1668
f 1501 1668 1502
f 1502 1668 1503
f 1503 1668 1669
f 1503 1669 1670
f 1503 1670 1504
f 1504 1670 1506
f 1504 1506 1505
f 1506 1670 1671
f 1506 1671 1672
f 1506 1672 1507
f 1507 1672 1508
f 1508 1672 1673
f 1508 1673 1674
f 1508 1674 1509
f 1509 1674 1511
f 1509 1511 1510
f 1511 1674 1675
f 1511 1675 1676
f 1511 1676 1677
f 1511 1677 1512
f 1512 1677 1841
f 1512 1841 1678
f 1513 1678 1679
f 1513 1679 1680
f 1513 1680 1514
f 1514 1680 1515
f 1515 1680 1519
f 1516 1518 1517
f 1517 1518 1682
f 1517 1682 1681
f 1518 1683 1682
f 1519 1680 1683
f 1520 1681 1688
f 1520 1688 1522
f 1521 1525 1684
f 1521 1684 1685
f 1521 1685 1686
f 1521 1686 1687
f 1521 1687 1528
f 1521 1528 1526
f 1522 1688 1523
f 1523 1688 1689
f 1523 1689 1524
f 1524 1689 1525
f 1525 1689 1690
f 1525 1690 1684
f 1527 1528 1687
f 1527 1687 1686
f 1527 1686 1691
f 1527 1691 1692
f 1527 1692 1693
f 1527 1693 1529
f 1529 1693 1531
f 1531 1694 1532
f 1531 1693 1695
f 1531 1695 1696
f 1531 1696 1694
f 1532 1694 1697
f 1534 1536 1698
f 1534 1698 1699
f 1534 1699 1700
f 1534 1700 1701
f 1534 1701 1539
f 1534 1539 1535
f 1537 1543 1538
f 1537 1539 1701
f 1537 1701 1702
f 1537 1702 1703
f 1537 1703 1704
f 1537 1704 1705
f 1537 1705 1706
f 1537 1706 1543
f 1540 1543 1706
f 1540 1706 1707
f 1540 1707 1708
f 1540 1708 1709
f 1540 1709 1710
f 1540 1710 1711
f 1540 1711 1712
f 1540 1712 1713
f 1540 1713 1541
f 1541 1713 1714
f 1541 1714 1715
f 1541 1715 1716
f 1541 1716 1542
f 1542 1716 1544
f 1544 1716 1890
f 1544 1890 1717
f 1544 1717 1718
f 1544 1718 1545
f 1546 1718 1719
f 1546 1719 1720
f 1546 1720 1548
f 1546 1548 1547
f 1548 1720 1549
f 1549 1720 1573
f 1549 1571 1550
f 1551 1569 1568
f 1551 1568 1577
f 1551 1577 1552
f 1552 1578 1555
f 1552 1555 1553
f 1552 1577 1578
f 1556 1574 1557
f 1557 1721 1558
f 1557 1574 1722
f 1557 1722 1723
f 1557 1723 1721
f 1558 1721 1731
f 1558 1731 1561
f 1559 1563 1724
f 1559 1724 1725
f 1559 1725 1726
f 1559 1726 1727
f 1559 1727 1728
f 1559 1728 1729
f 1559 1729 1730
f 1559 1730 1560
f 1560 1730 1564
f 1561 1731 1562
f 1562 1731 1732
f 1562 1732 1733
f 1562 1733 1563
f 1563 1733 1734
f 1563 1734 1724
f 1564 1730 1735
f 1564 1735 1736
f 1564 1736 1566
f 1564 1566 1565
f 1566 1736 1567
f 1567 1736 1737
f 1567 1737 1738
f 1567 1738 1739
f 1567 1739 1575
f 1573 1720 1719
f 1573 1719 1574
f 1574 1719 1722
f 1575 1739 1576
f 1576 1739 1738
f 1576 1738 1579
f 1579 1738 1740
f 1579 1740 1580
f 1580 1740 1741
f 1580 1741 1589
f 1580 1589 1581
f 1582 1655 1742
f 1583 1742 1743
f 1583 1743 1584
f 1584 1743 1744
f 1584 1744 1585
f 1585 1744 1919
f 1585 1919 1745
f 1585 1745 1586
f 1586 1745 1746
f 1586 1746 1587
f 1587 1746 1747
f 1587 1747 1588
f 1588 1747 1656
f 1589 1741 1748
f 1589 1748 1749
f 1589 1749 1590
f 1590 1749 1750
f 1590 1750 1591
f 1591 1750 1592
f 1592 1751 1752
f 1592 1752 1594
f 1592 1594 1593
f 1592 1750 1753
f 1592 1753 1751
f 1594 1752 1754
f 1594 1754 1755
f 1594 1755 1595
f 1595 1755 1756
f 1595 1756 1757
f 1595 1757 1759
f 1595 1759 1596
f 1596 1758 1597
f 1596 1759 1758
f 1597 1758 1760
f 1597 1760 1598
f 1598 1760 1599
f 1599 1761 1762
f 1599 1762 1600
f 1599 1760 1761
f 1600 1762 1602
f 1602 1762 1941
f 1602 1941 1763
f 1602 1763 1606
f 1603 1609 1764
f 1603 1764 1604
f 1604 1764 1605
f 1605 1764 1765
f 1605 1765 1766
f 1605 1766 1610
f 1606 1763 1767
f 1606 1767 1607
f 1607 1767 1768
f 1607 1768 1608
f 1608 1768 1769
f 1608 1769 1609
f 1609 1769 1770
f 1609 1770 1764
f 1610 1766 1771
f 1610 1771 1614
f 1611 1613 1772
f 1611 1772 1612
f 1612 1772 1773
f 1612 1773 1774
f 1613 1614 1775
f 1613 1775 1776
f 1613 1776 1772
f 1614 1771 1775
f 1615 1774 1777
f 1615 1777 1617
f 1617 1777 1778
f 1617 1778 1618
f 1618 1778 1619
f 1619 1778 1779
f 1619 1779 1780
f 1619 1780 1781
f 1619 1781 1621
f 1619 1621 1620
f 1621 1781 1782
f 1621 1782 1783
f 1621 1783 1622
f 1622 1783 1786
f 1622 1786 1625
f 1623 1628 1784
f 1624 1784 1785
f 1624 1785 1629
f 1625 1786 1626
f 1626 1628 1627
f 1626 1786 1787
f 1626 1787 1788
f 1626 1788 1628
f 1628 1785 1784
f 1628 1788 1789
f 1628 1789 1790
f 1628 1790 1791
f 1628 1791 1785
f 1629 1785 1631
f 1630 1792 1634
f 1631 1785 1793
f 1631 1793 1794
f 1631 1794 1632
f 1632 1794 1795
f 1632 1795 1796
f 1632 1796 1797
f 1632 1797 1633
f 1633 1797 1798
f 1633 1798 1792
f 1634 1792 1799
f 1634 1799 1636
f 1634 1636 1635
f 1636 1799 1800
f 1636 1800 1637
f 1637 1800 1801
f 1637 1801 1802
f 1637 1802 1638
f 1638 1802 1639
f 1639 1802 1803
f 1639 1803 1641
f 1640 1641 1643
f 1641 1803 1804
f 1641 1804 1805
f 1641 1805 1643
f 1642 1643 1644
f 1643 1806 1644
f 1643 1805 1806
f 1644 1806 1807
f 1644 1807 1645
f 1645 1807 1808
f 1645 1808 1646
f 1646 1808 1809
f 1646 1809 1647
f 1647 1809 1810
f 1647 1810 1648
f 1648 1810 1811
f 1648 1811 1649
f 1649 1811 1812
f 1649 1812 1813
f 1649 1813 1650
f 1650 1813 1814
f 1650 1814 1651
f 1651 1814 1815
f 1651 1815 1652
f 1652 1815 1653
f 1653 1815 1654
f 1654 1816 1655
f 1654 1815 1817
f 1654 1817 1818
f 1654 1818 1816
f 1655 1743 1742
f 1655 1816 1743
f 1656 1747 1819
f 1656 1819 1658
f 1657 1820 1660
f 1657 1660 1659
f 1657 1658 1819
f 1657 1819 1821
f 1657 1821 1820
f 1660 1820 1822
f 1660 1822 1661
f 1661 1822 1663
f 1661 1663 1662
f 1663 1823 1664
f 1663 1822 1824
f 1663 1824 1823
f 1664 1823 1825
f 1664 1825 1826
f 1664 1826 1827
f 1664 1827 1828
f 1664 1828 1829
f 1664 1829 1665
f 1665 1829 1830
f 1665 1830 1666
f 1666 1830 1831
f 1667 1832 1668
f 1667 1831 1833
f 1667 1833 1834
f 1667 1834 1832
f 1668 1832 1669
f 1669 1832 1835
f 1669 1835 1836
f 1669 1836 1670
f 1670 1836 1671
f 1671 1836 1837
f 1671 1837 1672
f 1672 1837 1838
f 1672 1838 1839
f 1672 1839 1673
f 1673 1675 1674
f 1673 1839 1675
f 1675 1839 1676
f 1676 1839 1677
f 1677 1840 2032
f 1677 2032 1841
f 1677 1839 1840
f 1678 1841 1842
f 1678 1842 1679
f 1679 1842 1843
f 1679 1843 1844
f 1679 1844 1683
f 1679 1683 1680
f 1681 1845 1688
f 1681 1682 1846
f 1681 1846 2034
f 1681 2034 1845
f 1682 1683 1844
f 1682 1844 1846
f 1684 1690 1847
f 1684 1847 1848
f 1684 1848 1685
f 1685 1849 1686
f 1685 1848 1849
f 1686 1849 1850
f 1686 1850 1851
f 1686 1851 1852
f 1686 1852 1691
f 1688 1845 1853
f 1688 1853 1689
f 1689 1853 2042
f 1689 2042 1854
f 1689 1854 1856
f 1689 1856 1690
f 1690 1855 1847
f 1690 1856 2043
f 1690 2043 1855
f 1691 1852 1692
f 1692 1852 1857
f 1692 1857 1858
f 1692 1858 1859
f 1692 1859 1695
f 1692 1695 1693
f 1694 1696 1860
f 1694 1860 1697
f 1695 1859 1696
f 1696 1859 1861
f 1696 1861 1862
f 1696 1862 1863
f 1696 1863 1864
f 1696 1864 1860
f 1698 1865 1700
f 1698 1700 1699
f 1700 1866 1867
f 1700 1867 1868
f 1700 1868 1869
f 1700 1869 1870
f 1700 1870 1701
f 1700 1865 1871
f 1700 1871 1872
f 1700 1872 1873
f 1700 1873 1866
f 1701 1870 1869
f 1701 1869 1702
f 1702 1874 1703
f 1702 1869 1874
f 1703 1874 1875
f 1703 1875 1876
f 1703 1876 1704
f 1704 1876 1706
f 1704 1706 1705
f 1706 1876 1707
f 1707 1877 1878
f 1707 1878 1879
f 1707 1879 1708
f 1707 1876 1880
f 1707 1880 1881
f 1707 1881 1877
f 1708 1879 1882
f 1708 1882 1883
f 1708 1883 1884
f 1708 1884 1709
f 1709 1884 1710
f 1710 1884 1885
f 1710 1885 1886
f 1710 1886 1711
f 1711 1886 1712
f 1712 1886 1887
f 1712 1887 1714
f 1712 1714 1713
f 1714 1887 2074
f 1714 2074 1888
f 1714 1888 1889
f 1714 1889 1715
f 1715 1889 1890
f 1715 1890 1716
f 1717 1890 1891
f 1717 1891 1892
f 1717 1892 1718
f 1718 1892 1719
f 1719 1892 1722
f 1721 1723 1731
f 1722 1891 1723
f 1722 1892 1891
f 1723 1891 1893
f 1723 1893 1894
f 1723 1894 1731
f 1724 1734 1895
f 1724 1895 1725
f 1725 1895 1896
f 1725 1896 1726
f 1726 1896 1727
f 1727 1896 1897
f 1727 1897 2081
f 1727 2081 1898
f 1727 1898 1728
f 1728 1899 1900
f 1728 1900 1901
f 1728 1901 1729
f 1728 1898 1902
f 1728 1902 1903
f 1728 1903 1904
f 1728 1904 1905
f 1728 1905 1899
f 1729 1901 1906
f 1729 1906 1907
f 1729 1907 1730
f 1730 1907 1735
f 1731 1908 1732
f 1731 1894 1909
f 1731 1909 1908
f 1732 1908 1910
f 1732 1910 1733
f 1733 1910 1911
f 1733 1911 1734
f 1734 1911 1895
f 1735 1912 1736
f 1735 1907 1912
f 1736 1913 1914
f 1736 1914 1915
f 1736 1915 1737
f 1736 1912 1913
f 1737 1915 1738
f 1738 1915 1916
f 1738 1916 1740
f 1740 1916 1741
f 1741 1916 1748
f 1743 1816 1917
f 1743 1917 1744
f 1744 1917 1918
f 1744 1918 1919
f 1745 1919 1920
f 1745 1920 1921
f 1745 1921 1922
f 1745 1922 1923
f 1745 1923 1746
f 1746 1923 1747
f 1747 1923 1819
f 1748 1916 1924
f 1748 1924 1753
f 1748 1753 1750
f 1748 1750 1749
f 1751 1753 1924
f 1751 1924 1925
f 1751 1925 1926
f 1751 1926 1752
f 1752 1926 1927
f 1752 1927 1928
f 1752 1928 1755
f 1752 1755 1754
f 1755 1928 1756
f 1756 1929 1930
f 1756 1930 1931
f 1756 1931 1757
f 1756 1928 1929
f 1757 1931 1934
f 1757 1934 1759
f 1758 1932 1760
f 1758 1759 1933
f 1758 1933 2096
f 1758 2096 1932
f 1759 1934 1933
f 1760 1932 1935
f 1760 1935 1936
f 1760 1936 1937
f 1760 1937 1938
f 1760 1938 1939
f 1760 1939 1940
f 1760 1940 1761
f 1761 1940 1762
f 1762 1940 1941
f 1763 1941 1942
f 1763 1942 1943
f 1763 1943 1767
f 1764 1770 1944
f 1764 1944 1945
f 1764 1945 1946
f 1764 1946 1765
f 1765 1946 1947
f 1765 1947 1766
f 1766 1947 1948
f 1766 1948 1771
f 1767 1943 1949
f 1767 1949 1768
f 1768 1949 1950
f 1768 1950 1769
f 1769 1950 1951
f 1769 1951 1952
f 1769 1952 1770
f 1770 1952 1953
f 1770 1953 1944
f 1771 1948 1954
f 1771 1954 1955
f 1771 1955 1775
f 1772 1776 1956
f 1772 1956 1773
f 1773 1956 2124
f 1773 2124 1957
f 1773 1957 1777
f 1773 1777 1774
f 1775 1955 1958
f 1775 1958 1776
f 1776 1958 1959
f 1776 1959 1956
f 1777 1957 1960
f 1777 1960 1778
f 1778 1960 1961
f 1778 1961 1779
f 1779 1961 1962
f 1779 1962 1780
f 1780 1962 1782
f 1780 1782 1781
f 1782 1962 1963
f 1782 1963 1964
f 1782 1964 1965
f 1782 1965 1783
f 1783 1965 1966
f 1783 1966 1786
f 1785 1791 1793
f 1786 1966 1787
f 1787 1967 1968
f 1787 1968 1789
f 1787 1789 1788
f 1787 1966 1969
f 1787 1969 1970
f 1787 1970 1967
f 1789 1968 1790
f 1790 1968 1791
f 1791 1971 1793
f 1791 1968 1971
f 1792 1798 1972
f 1792 1972 1799
f 1793 1971 1973
f 1793 1973 1794
f 1794 1973 1974
f 1794 1974 1975
f 1794 1975 1795
f 1795 1975 1796
f 1796 1976 1797
f 1796 1975 1976
f 1797 1976 1977
f 1797 1977 1978
f 1797 1978 1798
f 1798 1978 1979
f 1798 1979 1980
f 1798 1980 1981
f 1798 1981 1972
f 1799 1972 1982
f 1799 1982 1983
f 1799 1983 1800
f 1800 1983 1984
f 1800 1984 1985
f 1800 1985 1986
f 1800 1986 1801
f 1801 1986 1802
f 1802 1986 1987
f 1802 1987 1803
f 1803 1987 1988
f 1803 1988 1804
f 1804 1988 1989
f 1804 1989 1990
f 1804 1990 1991
f 1804 1991 1805
f 1805 1991 1806
f 1806 1991 1992
f 1806 1992 1807
f 1807 1992 1993
f 1807 1993 1808
f 1808 1993 1994
f 1808 1994 1809
f 1809 1994 2161
f 1809 2161 1995
f 1809 1995 1810
f 1810 1995 1811
f 1811 1995 1996
f 1811 1996 1997
f 1811 1997 1812
f 1812 1997 1998
f 1812 1998 1813
f 1813 1998 1999
f 1813 1999 1814
f 1814 1999 2000
f 1814 2000 2001
f 1814 2001 1815
f 1815 2001 1817
f 1816 1818 1917
f 1817 2002 2003
f 1817 2003 1818
f 1817 2001 2004
f 1817 2004 2002
f 1818 2003 1917
f 1819 1923 1821
f 1820 2005 1822
f 1820 1821 1923
f 1820 1923 2006
f 1820 2006 2007
f 1820 2007 2005
f 1822 2005 1824
f 1823 1824 2008
f 1823 2008 1825
f 1824 2005 2009
f 1824 2009 2008
f 1825 2010 2011
f 1825 2011 2012
f 1825 2012 2013
f 1825 2013 2014
f 1825 2014 1826
f 1825 2008 2015
f 1825 2015 2010
f 1826 2014 2016
f 1826 2016 2017
f 1826 2017 1827
f 1827 2017 1828
f 1828 2017 2018
f 1828 2018 2019
f 1828 2019 1829
f 1829 2019 1830
f 1830 2019 2020
f 1830 2020 1833
f 1830 1833 1831
f 1832 1834 2021
f 1832 2021 1835
f 1833 2020 2022
f 1833 2022 1834
f 1834 2022 2023
f 1834 2023 2021
f 1835 2021 2024
f 1835 2024 2025
f 1835 2025 2026
f 1835 2026 1836
f 1836 2027 1837
f 1836 2026 2028
f 1836 2028 2027
f 1837 2027 2029
f 1837 2029 2030
f 1837 2030 2031
f 1837 2031 1838
f 1838 2031 1839
f 1839 2031 1840
f 1840 2031 2030
f 1840 2030 2032
f 1841 2032 1842
f 1842 2032 2033
f 1842 2033 1843
f 1843 2033 1846
f 1843 1846 1844
f 1845 2034 2042
f 1845 2042 1853
f 1846 2033 2029
f 1846 2029 2034
f 1847 1855 1848
f 1848 2035 1849
f 1848 1855 2043
f 1848 2043 2036
f 1848 2036 2200
f 1848 2200 2035
f 1849 2035 2037
f 1849 2037 1850
f 1850 2038 1851
f 1850 2037 2038
f 1851 2038 2039
f 1851 2039 2040
f 1851 2040 2041
f 1851 2041 1857
f 1851 1857 1852
f 1854 2042 2028
f 1854 2028 1856
f 1856 2028 2026
f 1856 2026 2025
f 1856 2025 2043
f 1857 2041 1858
f 1858 2044 2045
f 1858 2045 2046
f 1858 2046 2047
f 1858 2047 1859
f 1858 2041 2048
f 1858 2048 2044
f 1859 2047 1861
f 1861 2049 1862
f 1861 2047 2049
f 1862 2049 2050
f 1862 2050 2051
f 1862 2051 2052
f 1862 2052 2053
f 1862 2053 2054
f 1862 2054 2055
f 1862 2055 2056
f 1862 2056 1864
f 1862 1864 1863
f 1866 1873 2057
f 1866 2057 1867
f 1867 2058 2059
f 1867 2059 2060
f 1867 2060 1868
f 1867 2057 2061
f 1867 2061 2058
f 1868 2060 1874
f 1868 1874 1869
f 1874 2060 2059
f 1874 2059 2062
f 1874 2062 2063
f 1874 2063 1880
f 1874 1880 1875
f 1875 1880 1876
f 1877 1881 2064
f 1877 2064 1878
f 1878 2064 2065
f 1878 2065 1882
f 1878 1882 1879
f 1880 2063 2066
f 1880 2066 1881
f 1881 2066 2229
f 1881 2229 2067
f 1881 2067 2064
f 1882 2065 2068
f 1882 2068 2069
f 1882 2069 2070
f 1882 2070 1883
f 1883 2070 2071
f 1883 2071 1884
f 1884 2071 2072
f 1884 2072 1885
f 1885 2072 2073
f 1885 2073 1886
f 1886 2073 2074
f 1886 2074 1887
f 1888 2075 1893
f 1888 1893 1889
f 1888 2074 2076
f 1888 2076 2075
f 1889 1893 1891
f 1889 1891 1890
f 1893 2077 1894
f 1893 2075 2077
f 1894 2077 1909
f 1895 2078 1896
f 1895 1911 2079
f 1895 2079 2078
f 1896 2078 2080
f 1896 2080 1897
f 1897 2080 2241
f 1897 2241 2081
f 1898 2081 2082
f 1898 2082 1902
f 1899 1905 1929
f 1899 1929 1927
f 1899 1927 1900
f 1900 1927 1926
f 1900 1926 2083
f 1900 2083 1901
f 1901 2083 1906
f 1902 2082 2084
f 1902 2084 1903
f 1903 2084 2085
f 1903 2085 1904
f 1904 2085 2086
f 1904 2086 1905
f 1905 2086 1930
f 1905 1930 1929
f 1906 2083 1913
f 1906 1913 1912
f 1906 1912 1907
f 1908 1909 1910
f 1909 2077 1910
f 1910 2077 2087
f 1910 2087 2088
f 1910 2088 1911
f 1911 2088 2079
f 1913 2083 2089
f 1913 2089 1924
f 1913 1924 1914
f 1914 1924 1916
f 1914 1916 1915
f 1917 2003 1918
f 1918 2003 2090
f 1918 2090 1919
f 1919 2090 2091
f 1919 2091 1920
f 1920 2091 2092
f 1920 2092 1921
f 1921 2093 1922
f 1921 2092 2093
f 1922 2093 2007
f 1922 2007 1923
f 1923 2007 2006
f 1924 2089 1925
f 1925 2089 1926
f 1926 2089 2083
f 1927 1929 1928
f 1930 2086 2094
f 1930 2094 2095
f 1930 2095 1931
f 1931 2095 2098
f 1931 2098 1934
f 1932 2096 1935
f 1933 1934 2097
f 1933 2097 2096
f 1934 2098 2099
f 1934 2099 2097
f 1935 2096 2100
f 1935 2100 1936
f 1936 2100 2101
f 1936 2101 2102
f 1936 2102 1937
f 1937 2103 1939
f 1937 1939 1938
f 1937 2102 2104
f 1937 2104 2103
f 1939 1942 1941
f 1939 1941 1940
f 1939 2103 1942
f 1942 2103 2105
f 1942 2105 1943
f 1943 2105 2106
f 1943 2106 2107
f 1943 2107 2108
f 1943 2108 1949
f 1944 1953 1945
f 1945 2109 2110
f 1945 2110 2111
f 1945 2111 2112
f 1945 2112 1946
f 1945 1953 2109
f 1946 2112 1947
f 1947 2112 2113
f 1947 2113 1948
f 1948 2113 1954
f 1949 2108 2114
f 1949 2114 2115
f 1949 2115 1950
f 1950 2115 2116
f 1950 2116 1951
f 1951 2116 2117
f 1951 2117 2118
f 1951 2118 1952
f 1952 2118 1953
f 1953 2118 2109
f 1954 2113 2119
f 1954 2119 2120
f 1954 2120 1955
f 1955 2120 2121
f 1955 2121 1958
f 1956 1959 2122
f 1956 2122 2123
f 1956 2123 2124
f 1957 2124 2125
f 1957 2125 1960
f 1958 2121 2126
f 1958 2126 2127
f 1958 2127 2128
f 1958 2128 1959
f 1959 2128 2122
f 1960 2125 2129
f 1960 2129 1961
f 1961 2129 1962
f 1962 2130 2131
f 1962 2131 1963
f 1962 2129 2130
f 1963 2131 2132
f 1963 2132 2133
f 1963 2133 1964
f 1964 2133 2134
f 1964 2134 2135
f 1964 2135 1965
f 1965 2135 2136
f 1965 2136 1966
f 1966 2136 1969
f 1967 2137 1968
f 1967 1970 2137
f 1968 2137 2138
f 1968 2138 1973
f 1968 1973 1971
f 1969 2136 2139
f 1969 2139 1970
f 1970 2139 2140
f 1970 2140 2141
f 1970 2141 2137
f 1972 1981 2142
f 1972 2142 1982
f 1973 2138 1974
f 1974 2138 2143
f 1974 2143 1975
f 1975 2143 2144
f 1975 2144 2145
f 1975 2145 1977
f 1975 1977 1976
f 1977 1980 1979
f 1977 1979 1978
f 1977 2145 2146
f 1977 2146 2147
f 1977 2147 1980
f 1980 2147 2148
f 1980 2148 2149
f 1980 2149 2142
f 1980 2142 1981
f 1982 2142 2149
f 1982 2149 2150
f 1982 2150 1983
f 1983 2150 1984
f 1984 2150 2151
f 1984 2151 1985
f 1985 2151 2152
f 1985 2152 1986
f 1986 2152 2153
f 1986 2153 1987
f 1987 2153 2154
f 1987 2154 1988
f 1988 2154 1989
f 1989 2154 2155
f 1989 2155 2156
f 1989 2156 1990
f 1990 2157 1991
f 1990 2156 2157
f 1991 2157 1992
f 1992 2157 2158
f 1992 2158 1993
f 1993 2158 2159
f 1993 2159 1994
f 1994 2159 2160
f 1994 2160 2161
f 1995 2161 2162
f 1995 2162 1996
f 1996 2162 1997
f 1997 2163 2164
f 1997 2164 2165
f 1997 2165 1998
f 1997 2162 2163
f 1998 2165 1999
f 1999 2165 2166
f 1999 2166 2000
f 2000 2166 2167
f 2000 2167 2168
f 2000 2168 2001
f 2001 2168 2004
f 2002 2169 2003
f 2002 2004 2170
f 2002 2170 2171
f 2002 2171 2169
f 2003 2169 2172
f 2003 2172 2090
f 2004 2168 2173
f 2004 2173 2170
f 2005 2174 2009
f 2005 2007 2093
f 2005 2093 2174
f 2008 2009 2175
f 2008 2175 2015
f 2009 2174 2175
f 2010 2015 2176
f 2010 2176 2177
f 2010 2177 2171
f 2010 2171 2178
f 2010 2178 2179
f 2010 2179 2180
f 2010 2180 2181
f 2010 2181 2182
f 2010 2182 2011
f 2011 2182 2183
f 2011 2183 2184
f 2011 2184 2185
f 2011 2185 2012
f 2012 2185 2013
f 2013 2185 2186
f 2013 2186 2014
f 2014 2186 2187
f 2014 2187 2016
f 2015 2175 2252
f 2015 2252 2176
f 2016 2187 2188
f 2016 2188 2189
f 2016 2189 2362
f 2016 2362 2190
f 2016 2190 2017
f 2017 2190 2018
f 2018 2190 2191
f 2018 2191 2019
f 2019 2191 2192
f 2019 2192 2020
f 2020 2192 2193
f 2020 2193 2022
f 2021 2023 2194
f 2021 2194 2024
f 2022 2193 2195
f 2022 2195 2196
f 2022 2196 2197
f 2022 2197 2023
f 2023 2197 2194
f 2024 2194 2025
f 2025 2194 2198
f 2025 2198 2036
f 2025 2036 2043
f 2027 2028 2199
f 2027 2199 2029
f 2028 2042 2199
f 2029 2033 2032
f 2029 2032 2030
f 2029 2199 2034
f 2034 2199 2042
f 2035 2200 2203
f 2035 2203 2037
f 2036 2198 2197
f 2036 2197 2200
f 2037 2201 2202
f 2037 2202 2038
f 2037 2203 2370
f 2037 2370 2201
f 2038 2202 2204
f 2038 2204 2039
f 2039 2205 2040
f 2039 2204 2206
f 2039 2206 2205
f 2040 2207 2048
f 2040 2048 2041
f 2040 2205 2208
f 2040 2208 2209
f 2040 2209 2210
f 2040 2210 2211
f 2040 2211 2212
f 2040 2212 2207
f 2044 2213 2046
f 2044 2046 2045
f 2044 2048 2207
f 2044 2207 2214
f 2044 2214 2213
f 2046 2215 2047
f 2046 2213 2215
f 2047 2215 2050
f 2047 2050 2049
f 2050 2215 2051
f 2051 2215 2216
f 2051 2216 2052
f 2052 2216 2217
f 2052 2217 2218
f 2052 2218 2219
f 2052 2219 2220
f 2052 2220 2221
f 2052 2221 2054
f 2052 2054 2053
f 2057 2222 2223
f 2057 2223 2061
f 2058 2061 2224
f 2058 2224 2225
f 2058 2225 2059
f 2059 2225 2062
f 2061 2223 2224
f 2062 2225 2226
f 2062 2226 2063
f 2063 2226 2066
f 2064 2068 2065
f 2064 2067 2230
f 2064 2230 2227
f 2064 2227 2068
f 2066 2226 2228
f 2066 2228 2400
f 2066 2400 2229
f 2067 2229 2401
f 2067 2401 2230
f 2068 2227 2231
f 2068 2231 2232
f 2068 2232 2069
f 2069 2232 2070
f 2070 2232 2233
f 2070 2233 2234
f 2070 2234 2071
f 2071 2234 2072
f 2072 2234 2235
f 2072 2235 2073
f 2073 2235 2236
f 2073 2236 2076
f 2073 2076 2074
f 2075 2076 2077
f 2076 2236 2237
f 2076 2237 2087
f 2076 2087 2077
f 2078 2079 2238
f 2078 2238 2242
f 2078 2242 2080
f 2079 2088 2237
f 2079 2237 2239
f 2079 2239 2234
f 2079 2234 2240
f 2079 2240 2238
f 2080 2242 2241
f 2081 2241 2082
f 2082 2241 2243
f 2082 2243 2244
f 2082 2244 2084
f 2084 2245 2246
f 2084 2246 2085
f 2084 2244 2247
f 2084 2247 2245
f 2085 2246 2086
f 2086 2246 2245
f 2086 2245 2248
f 2086 2248 2249
f 2086 2249 2250
f 2086 2250 2094
f 2087 2237 2088
f 2090 2172 2091
f 2091 2172 2092
f 2092 2172 2251
f 2092 2251 2252
f 2092 2252 2174
f 2092 2174 2093
f 2094 2250 2095
f 2095 2250 2253
f 2095 2253 2098
f 2096 2097 2100
f 2097 2099 2259
f 2097 2259 2254
f 2097 2254 2100
f 2098 2253 2255
f 2098 2255 2099
f 2099 2255 2256
f 2099 2256 2257
f 2099 2257 2258
f 2099 2258 2259
f 2100 2254 2101
f 2101 2260 2261
f 2101 2261 2102
f 2101 2254 2262
f 2101 2262 2263
f 2101 2263 2264
f 2101 2264 2265
f 2101 2265 2266
f 2101 2266 2260
f 2102 2261 2267
f 2102 2267 2104
f 2103 2104 2268
f 2103 2268 2107
f 2103 2107 2106
f 2103 2106 2105
f 2104 2267 2268
f 2107 2268 2269
f 2107 2269 2270
f 2107 2270 2271
f 2107 2271 2272
f 2107 2272 2114
f 2107 2114 2108
f 2109 2118 2273
f 2109 2273 2274
f 2109 2274 2110
f 2110 2274 2275
f 2110 2275 2276
f 2110 2276 2111
f 2111 2277 2112
f 2111 2276 2278
f 2111 2278 2277
f 2112 2277 2113
f 2113 2277 2279
f 2113 2279 2119
f 2114 2272 2115
f 2115 2272 2116
f 2116 2272 2117
f 2117 2272 2280
f 2117 2280 2281
f 2117 2281 2282
f 2117 2282 2273
f 2117 2273 2118
f 2119 2283 2120
f 2119 2279 2284
f 2119 2284 2283
f 2120 2283 2126
f 2120 2126 2121
f 2122 2285 2123
f 2122 2128 2286
f 2122 2286 2287
f 2122 2287 2285
f 2123 2285 2288
f 2123 2288 2124
f 2124 2288 2289
f 2124 2289 2125
f 2125 2289 2290
f 2125 2290 2291
f 2125 2291 2129
f 2126 2286 2127
f 2126 2283 2292
f 2126 2292 2293
f 2126 2293 2294
f 2126 2294 2286
f 2127 2286 2128
f 2129 2291 2130
f 2130 2295 2131
f 2130 2291 2295
f 2131 2296 2297
f 2131 2297 2132
f 2131 2295 2296
f 2132 2298 2299
f 2132 2299 2134
f 2132 2134 2133
f 2132 2297 2296
f 2132 2296 2300
f 2132 2300 2298
f 2134 2299 2459
f 2134 2459 2301
f 2134 2301 2302
f 2134 2302 2135
f 2135 2302 2303
f 2135 2303 2136
f 2136 2303 2139
f 2137 2141 2304
f 2137 2304 2305
f 2137 2305 2143
f 2137 2143 2138
f 2139 2303 2306
f 2139 2306 2309
f 2139 2309 2140
f 2140 2307 2308
f 2140 2308 2141
f 2140 2309 2310
f 2140 2310 2307
f 2141 2308 2305
f 2141 2305 2304
f 2143 2305 2311
f 2143 2311 2144
f 2144 2312 2145
f 2144 2311 2312
f 2145 2312 2146
f 2146 2313 2147
f 2146 2312 2314
f 2146 2314 2315
f 2146 2315 2313
f 2147 2313 2316
f 2147 2316 2148
f 2148 2316 2317
f 2148 2317 2318
f 2148 2318 2319
f 2148 2319 2149
f 2149 2319 2320
f 2149 2320 2321
f 2149 2321 2150
f 2150 2321 2151
f 2151 2321 2322
f 2151 2322 2323
f 2151 2323 2152
f 2152 2323 2324
f 2152 2324 2153
f 2153 2324 2325
f 2153 2325 2154
f 2154 2325 2326
f 2154 2326 2155
f 2155 2327 2156
f 2155 2326 2328
f 2155 2328 2327
f 2156 2327 2329
f 2156 2329 2157
f 2157 2330 2331
f 2157 2331 2158
f 2157 2329 2330
f 2158 2331 2332
f 2158 2332 2159
f 2159 2332 2333
f 2159 2333 2334
f 2159 2334 2335
f 2159 2335 2336
f 2159 2336 2160
f 2160 2336 2337
f 2160 2337 2338
f 2160 2338 2161
f 2161 2338 2162
f 2162 2338 2163
f 2163 2339 2340
f 2163 2340 2164
f 2163 2338 2339
f 2164 2340 2341
f 2164 2341 2165
f 2165 2341 2342
f 2165 2342 2166
f 2166 2342 2343
f 2166 2343 2167
f 2167 2343 2344
f 2167 2344 2345
f 2167 2345 2346
f 2167 2346 2168
f 2168 2346 2347
f 2168 2347 2173
f 2169 2177 2172
f 2169 2171 2177
f 2170 2173 2171
f 2171 2173 2178
f 2172 2177 2251
f 2173 2347 2348
f 2173 2348 2178
f 2174 2252 2175
f 2176 2252 2251
f 2176 2251 2177
f 2178 2348 2349
f 2178 2349 2179
f 2179 2349 2180
f 2180 2349 2350
f 2180 2350 2351
f 2180 2351 2181
f 2181 2351 2183
f 2181 2183 2182
f 2183 2351 2352
f 2183 2352 2353
f 2183 2353 2354
f 2183 2354 2184
f 2184 2354 2356
f 2184 2356 2185
f 2185 2355 2186
f 2185 2356 2355
f 2186 2355 2188
f 2186 2188 2187
f 2188 2357 2189
f 2188 2355 2358
f 2188 2358 2359
f 2188 2359 2360
f 2188 2360 2361
f 2188 2361 2363
f 2188 2363 2357
f 2189 2357 2363
f 2189 2363 2364
f 2189 2364 2362
f 2190 2362 2191
f 2191 2362 2365
f 2191 2365 2192
f 2192 2365 2366
f 2192 2366 2367
f 2192 2367 2193
f 2193 2367 2195
f 2194 2197 2198
f 2195 2367 2196
f 2196 2367 2368
f 2196 2368 2369
f 2196 2369 2370
f 2196 2370 2203
f 2196 2203 2197
f 2197 2203 2200
f 2201 2371 2204
f 2201 2204 2202
f 2201 2370 2524
f 2201 2524 2371
f 2204 2371 2373
f 2204 2373 2206
f 2205 2206 2372
f 2205 2372 2208
f 2206 2373 2372
f 2207 2212 2374
f 2207 2374 2375
f 2207 2375 2376
f 2207 2376 2377
f 2207 2377 2214
f 2208 2372 2378
f 2208 2378 2209
f 2209 2378 2210
f 2210 2378 2379
f 2210 2379 2380
f 2210 2380 2211
f 2211 2380 2212
f 2212 2380 2381
f 2212 2381 2382
f 2212 2382 2375
f 2212 2375 2374
f 2213 2214 2215
f 2214 2377 2383
f 2214 2383 2384
f 2214 2384 2215
f 2215 2385 2217
f 2215 2217 2216
f 2215 2384 2385
f 2217 2385 2386
f 2217 2386 2218
f 2218 2387 2219
f 2218 2386 2388
f 2218 2388 2387
f 2219 2387 2389
f 2219 2389 2390
f 2219 2390 2220
f 2222 2391 2223
f 2223 2392 2393
f 2223 2393 2224
f 2223 2391 2392
f 2224 2393 2394
f 2224 2394 2225
f 2225 2394 2226
f 2226 2394 2395
f 2226 2395 2228
f 2227 2230 2247
f 2227 2247 2396
f 2227 2396 2397
f 2227 2397 2398
f 2227 2398 2231
f 2228 2395 2399
f 2228 2399 2552
f 2228 2552 2400
f 2229 2400 2410
f 2229 2410 2401
f 2230 2401 2402
f 2230 2402 2403
f 2230 2403 2404
f 2230 2404 2247
f 2231 2398 2405
f 2231 2405 2406
f 2231 2406 2232
f 2232 2406 2233
f 2233 2406 2405
f 2233 2405 2407
f 2233 2407 2408
f 2233 2408 2234
f 2234 2408 2242
f 2234 2242 2240
f 2234 2239 2235
f 2235 2239 2237
f 2235 2237 2236
f 2238 2240 2242
f 2241 2242 2407
f 2241 2407 2243
f 2242 2408 2407
f 2243 2407 2244
f 2244 2407 2396
f 2244 2396 2247
f 2245 2403 2248
f 2245 2247 2404
f 2245 2404 2403
f 2248 2403 2249
f 2249 2409 2253
f 2249 2253 2250
f 2249 2403 2402
f 2249 2402 2410
f 2249 2410 2554
f 2249 2554 2409
f 2253 2409 2256
f 2253 2256 2255
f 2254 2259 2262
f 2256 2411 2257
f 2256 2409 2412
f 2256 2412 2411
f 2257 2411 2414
f 2257 2414 2258
f 2258 2413 2415
f 2258 2415 2259
f 2258 2414 2413
f 2259 2415 2262
f 2260 2266 2416
f 2260 2416 2417
f 2260 2417 2418
f 2260 2418 2419
f 2260 2419 2420
f 2260 2420 2421
f 2260 2421 2422
f 2260 2422 2261
f 2261 2422 2267
f 2262 2415 2263
f 2263 2415 2423
f 2263 2423 2424
f 2263 2424 2264
f 2264 2424 2265
f 2265 2424 2425
f 2265 2425 2426
f 2265 2426 2266
f 2266 2426 2416
f 2267 2269 2268
f 2267 2422 2269
f 2269 2422 2270
f 2270 2422 2421
f 2270 2421 2427
f 2270 2427 2271
f 2271 2428 2280
f 2271 2280 2272
f 2271 2427 2428
f 2273 2282 2429
f 2273 2429 2430
f 2273 2430 2274
f 2274 2430 2275
f 2275 2430 2431
f 2275 2431 2432
f 2275 2432 2276
f 2276 2432 2433
f 2276 2433 2278
f 2277 2278 2434
f 2277 2434 2279
f 2278 2433 2435
f 2278 2435 2434
f 2279 2434 2436
f 2279 2436 2284
f 2280 2428 2427
f 2280 2427 2437
f 2280 2437 2281
f 2281 2437 2438
f 2281 2438 2282
f 2282 2438 2439
f 2282 2439 2429
f 2283 2284 2440
f 2283 2440 2292
f 2284 2436 2441
f 2284 2441 2442
f 2284 2442 2440
f 2285 2287 2290
f 2285 2290 2288
f 2286 2294 2443
f 2286 2443 2287
f 2287 2443 2444
f 2287 2444 2445
f 2287 2445 2446
f 2287 2446 2290
f 2288 2290 2289
f 2290 2446 2447
f 2290 2447 2295
f 2290 2295 2291
f 2292 2440 2442
f 2292 2442 2448
f 2292 2448 2293
f 2293 2448 2449
f 2293 2449 2294
f 2294 2449 2450
f 2294 2450 2451
f 2294 2451 2443
f 2295 2447 2300
f 2295 2300 2296
f 2298 2300 2452
f 2298 2452 2453
f 2298 2453 2454
f 2298 2454 2455
f 2298 2455 2456
f 2298 2456 2457
f 2298 2457 2458
f 2298 2458 2299
f 2299 2458 2600
f 2299 2600 2459
f 2300 2447 2590
f 2300 2590 2452
f 2301 2459 2460
f 2301 2460 2302
f 2302 2461 2303
f 2302 2460 2462
f 2302 2462 2463
f 2302 2463 2461
f 2303 2461 2306
f 2305 2308 2311
f 2306 2464 2309
f 2306 2461 2465
f 2306 2465 2466
f 2306 2466 2464
f 2307 2467 2468
f 2307 2468 2308
f 2307 2310 2467
f 2308 2468 2469
f 2308 2469 2470
f 2308 2470 2311
f 2309 2464 2310
f 2310 2471 2472
f 2310 2472 2473
f 2310 2473 2467
f 2310 2464 2474
f 2310 2474 2471
f 2311 2470 2312
f 2312 2470 2314
f 2313 2475 2476
f 2313 2476 2316
f 2313 2315 2475
f 2314 2470 2469
f 2314 2469 2315
f 2315 2476 2475
f 2315 2469 2477
f 2315 2477 2476
f 2316 2476 2317
f 2317 2476 2318
f 2318 2478 2319
f 2318 2476 2479
f 2318 2479 2480
f 2318 2480 2478
f 2319 2478 2320
f 2320 2478 2481
f 2320 2481 2482
f 2320 2482 2321
f 2321 2482 2322
f 2322 2482 2481
f 2322 2481 2483
f 2322 2483 2484
f 2322 2484 2323
f 2323 2484 2485
f 2323 2485 2324
f 2324 2485 2486
f 2324 2486 2325
f 2325 2486 2487
f 2325 2487 2326
f 2326 2487 2488
f 2326 2488 2328
f 2327 2489 2329
f 2327 2328 2490
f 2327 2490 2489
f 2328 2488 2491
f 2328 2491 2490
f 2329 2492 2330
f 2329 2489 2493
f 2329 2493 2494
f 2329 2494 2492
f 2330 2492 2331
f 2331 2492 2332
f 2332 2492 2334
f 2332 2334 2333
f 2334 2492 2495
f 2334 2495 2496
f 2334 2496 2497
f 2334 2497 2498
f 2334 2498 2337
f 2334 2337 2335
f 2335 2337 2336
f 2337 2498 2499
f 2337 2499 2339
f 2337 2339 2338
f 2339 2499 2500
f 2339 2500 2340
f 2340 2500 2501
f 2340 2501 2341
f 2341 2501 2502
f 2341 2502 2343
f 2341 2343 2342
f 2343 2502 2344
f 2344 2503 2504
f 2344 2504 2505
f 2344 2505 2506
f 2344 2506 2345
f 2344 2502 2503
f 2345 2506 2507
f 2345 2507 2346
f 2346 2507 2508
f 2346 2508 2347
f 2347 2508 2509
f 2347 2509 2348
f 2348 2509 2349
f 2349 2510 2350
f 2349 2509 2511
f 2349 2511 2512
f 2349 2512 2510
f 2350 2510 2352
f 2350 2352 2351
f 2352 2510 2513
f 2352 2513 2514
f 2352 2514 2353
f 2353 2514 2515
f 2353 2515 2354
f 2354 2515 2516
f 2354 2516 2517
f 2354 2517 2356
f 2355 2356 2358
f 2356 2517 2360
f 2356 2360 2359
f 2356 2359 2358
f 2360 2363 2361
f 2360 2517 2518
f 2360 2518 2363
f 2362 2364 2519
f 2362 2519 2365
f 2363 2518 2520
f 2363 2520 2521
f 2363 2521 2364
f 2364 2521 2519
f 2365 2519 2366
f 2366 2519 2522
f 2366 2522 2367
f 2367 2522 2523
f 2367 2523 2368
f 2368 2523 2369
f 2369 2523 2370
f 2370 2523 2524
f 2371 2524 2526
f 2371 2526 2373
f 2372 2373 2526
f 2372 2526 2525
f 2372 2525 2531
f 2372 2531 2378
f 2375 2382 2527
f 2375 2527 2528
f 2375 2528 2376
f 2376 2528 2377
f 2377 2528 2529
f 2377 2529 2530
f 2377 2530 2383
f 2378 2531 2533
f 2378 2533 2379
f 2379 2532 2380
f 2379 2533 2683
f 2379 2683 2532
f 2380 2534 2381
f 2380 2532 2534
f 2381 2534 2382
f 2382 2534 2535
f 2382 2535 2527
f 2383 2536 2537
f 2383 2537 2384
f 2383 2530 2536
f 2384 2537 2386
f 2384 2386 2385
f 2386 2537 2539
f 2386 2539 2388
f 2387 2388 2538
f 2387 2538 2389
f 2388 2539 2540
f 2388 2540 2538
f 2389 2538 2541
f 2389 2541 2390
f 2390 2541 2542
f 2391 2543 2392
f 2392 2544 2545
f 2392 2545 2393
f 2392 2543 2544
f 2393 2545 2546
f 2393 2546 2394
f 2394 2546 2395
f 2395 2547 2399
f 2395 2546 2547
f 2396 2407 2548
f 2396 2548 2405
f 2396 2405 2549
f 2396 2549 2397
f 2397 2549 2398
f 2398 2549 2405
f 2399 2547 2550
f 2399 2550 2551
f 2399 2551 2706
f 2399 2706 2552
f 2400 2552 2553
f 2400 2553 2410
f 2401 2410 2402
f 2405 2548 2407
f 2409 2554 2412
f 2410 2553 2554
f 2411 2412 2555
f 2411 2555 2556
f 2411 2556 2414
f 2412 2554 2553
f 2412 2553 2557
f 2412 2557 2555
f 2413 2558 2423
f 2413 2423 2415
f 2413 2414 2559
f 2413 2559 2558
f 2414 2556 2559
f 2416 2426 2560
f 2416 2560 2417
f 2417 2560 2561
f 2417 2561 2562
f 2417 2562 2418
f 2418 2562 2563
f 2418 2563 2419
f 2419 2563 2564
f 2419 2564 2420
f 2420 2565 2427
f 2420 2427 2421
f 2420 2564 2566
f 2420 2566 2567
f 2420 2567 2568
f 2420 2568 2565
f 2423 2558 2424
f 2424 2558 2569
f 2424 2569 2570
f 2424 2570 2425
f 2425 2570 2571
f 2425 2571 2572
f 2425 2572 2573
f 2425 2573 2574
f 2425 2574 2426
f 2426 2574 2575
f 2426 2575 2560
f 2427 2565 2437
f 2429 2439 2430
f 2430 2439 2431
f 2431 2439 2576
f 2431 2576 2577
f 2431 2577 2578
f 2431 2578 2579
f 2431 2579 2580
f 2431 2580 2432
f 2432 2580 2581
f 2432 2581 2582
f 2432 2582 2433
f 2433 2582 2583
f 2433 2583 2435
f 2434 2435 2584
f 2434 2584 2436
f 2435 2583 2585
f 2435 2585 2584
f 2436 2584 2586
f 2436 2586 2441
f 2437 2565 2576
f 2437 2576 2438
f 2438 2576 2439
f 2441 2586 2442
f 2442 2586 2587
f 2442 2587 2448
f 2443 2451 2444
f 2444 2451 2588
f 2444 2588 2589
f 2444 2589 2445
f 2445 2590 2446
f 2445 2589 2591
f 2445 2591 2590
f 2446 2590 2447
f 2448 2587 2449
f 2449 2592 2450
f 2449 2587 2593
f 2449 2593 2592
f 2450 2592 2451
f 2451 2592 2588
f 2452 2590 2591
f 2452 2591 2453
f 2453 2594 2595
f 2453 2595 2596
f 2453 2596 2597
f 2453 2597 2454
f 2453 2591 2589
f 2453 2589 2594
f 2454 2597 2763
f 2454 2763 2598
f 2454 2598 2599
f 2454 2599 2455
f 2455 2599 2456
f 2456 2599 2457
f 2457 2599 2600
f 2457 2600 2458
f 2459 2600 2601
f 2459 2601 2460
f 2460 2601 2462
f 2461 2463 2602
f 2461 2602 2603
f 2461 2603 2465
f 2462 2604 2776
f 2462 2776 2605
f 2462 2605 2606
f 2462 2606 2463
f 2462 2601 2604
f 2463 2606 2773
f 2463 2773 2602
f 2464 2466 2474
f 2465 2603 2607
f 2465 2607 2466
f 2466 2607 2618
f 2466 2618 2474
f 2467 2473 2468
f 2468 2473 2608
f 2468 2608 2609
f 2468 2609 2469
f 2469 2609 2610
f 2469 2610 2611
f 2469 2611 2477
f 2471 2612 2613
f 2471 2613 2614
f 2471 2614 2472
f 2471 2474 2615
f 2471 2615 2612
f 2472 2614 2473
f 2473 2609 2608
f 2473 2614 2616
f 2473 2616 2617
f 2473 2617 2609
f 2474 2618 2790
f 2474 2790 2615
f 2476 2477 2479
f 2477 2611 2619
f 2477 2619 2620
f 2477 2620 2621
f 2477 2621 2622
f 2477 2622 2479
f 2478 2480 2481
f 2479 2622 2623
f 2479 2623 2624
f 2479 2624 2480
f 2480 2625 2481
f 2480 2624 2626
f 2480 2626 2627
f 2480 2627 2628
f 2480 2628 2629
f 2480 2629 2630
f 2480 2630 2625
f 2481 2625 2483
f 2483 2625 2484
f 2484 2625 2631
f 2484 2631 2485
f 2485 2631 2632
f 2485 2632 2486
f 2486 2632 2633
f 2486 2633 2487
f 2487 2633 2634
f 2487 2634 2488
f 2488 2634 2635
f 2488 2635 2491
f 2489 2490 2636
f 2489 2636 2637
f 2489 2637 2493
f 2490 2491 2636
f 2491 2635 2636
f 2492 2494 2495
f 2493 2637 2638
f 2493 2638 2494
f 2494 2638 2639
f 2494 2639 2640
f 2494 2640 2495
f 2495 2640 2641
f 2495 2641 2496
f 2496 2641 2642
f 2496 2642 2643
f 2496 2643 2497
f 2497 2644 2498
f 2497 2643 2644
f 2498 2644 2499
f 2499 2644 2645
f 2499 2645 2500
f 2500 2645 2501
f 2501 2645 2646
f 2501 2646 2647
f 2501 2647 2648
f 2501 2648 2649
f 2501 2649 2650
f 2501 2650 2651
f 2501 2651 2502
f 2502 2651 2652
f 2502 2652 2503
f 2503 2652 2653
f 2503 2653 2504
f 2504 2653 2654
f 2504 2654 2655
f 2504 2655 2505
f 2505 2656 2506
f 2505 2655 2657
f 2505 2657 2658
f 2505 2658 2659
f 2505 2659 2656
f 2506 2656 2660
f 2506 2660 2661
f 2506 2661 2507
f 2507 2661 2662
f 2507 2662 2508
f 2508 2662 2511
f 2508 2511 2509
f 2510 2512 2513
f 2511 2662 2846
f 2511 2846 2663
f 2511 2663 2664
f 2511 2664 2512
f 2512 2664 2513
f 2513 2664 2665
f 2513 2665 2666
f 2513 2666 2667
f 2513 2667 2514
f 2514 2667 2515
f 2515 2667 2668
f 2515 2668 2516
f 2516 2668 2669
f 2516 2669 2670
f 2516 2670 2671
f 2516 2671 2517
f 2517 2671 2672
f 2517 2672 2518
f 2518 2672 2520
f 2519 2521 2673
f 2519 2673 2523
f 2519 2523 2522
f 2520 2672 2674
f 2520 2674 2675
f 2520 2675 2521
f 2521 2676 2673
f 2521 2675 2531
f 2521 2531 2525
f 2521 2525 2676
f 2523 2673 2676
f 2523 2676 2526
f 2523 2526 2524
f 2525 2526 2676
f 2527 2535 2677
f 2527 2677 2528
f 2528 2678 2529
f 2528 2677 2685
f 2528 2685 2679
f 2528 2679 2848
f 2528 2848 2678
f 2529 2678 2530
f 2530 2680 2681
f 2530 2681 2536
f 2530 2678 2682
f 2530 2682 2680
f 2531 2675 2674
f 2531 2674 2533
f 2532 2683 2684
f 2532 2684 2534
f 2533 2674 2671
f 2533 2671 2683
f 2534 2684 2535
f 2535 2685 2677
f 2535 2684 2686
f 2535 2686 2687
f 2535 2687 2688
f 2535 2688 2685
f 2536 2689 2539
f 2536 2539 2537
f 2536 2681 2690
f 2536 2690 2689
f 2538 2691 2541
f 2538 2540 2691
f 2539 2689 2692
f 2539 2692 2540
f 2540 2692 2855
f 2540 2855 2693
f 2540 2693 2694
f 2540 2694 2695
f 2540 2695 2691
f 2541 2691 2695
f 2541 2695 2696
f 2541 2696 2542
f 2542 2696 2697
f 2543 2698 2544
f 2544 2699 2700
f 2544 2700 2545
f 2544 2698 2701
f 2544 2701 2699
f 2545 2700 2546
f 2546 2702 2550
f 2546 2550 2547
f 2546 2700 2703
f 2546 2703 2702
f 2550 2702 2704
f 2550 2704 2551
f 2551 2704 2705
f 2551 2705 2709
f 2551 2709 2706
f 2552 2706 2707
f 2552 2707 2553
f 2553 2707 2557
f 2555 2708 2556
f 2555 2557 2707
f 2555 2707 2709
f 2555 2709 2868
f 2555 2868 2708
f 2556 2708 2710
f 2556 2710 2559
f 2558 2559 2569
f 2559 2710 2569
f 2560 2711 2561
f 2560 2575 2712
f 2560 2712 2711
f 2561 2711 2562
f 2562 2711 2713
f 2562 2713 2563
f 2563 2714 2564
f 2563 2713 2715
f 2563 2715 2716
f 2563 2716 2714
f 2564 2714 2566
f 2565 2568 2717
f 2565 2717 2718
f 2565 2718 2576
f 2566 2714 2719
f 2566 2719 2720
f 2566 2720 2567
f 2567 2720 2721
f 2567 2721 2568
f 2568 2721 2717
f 2569 2722 2571
f 2569 2571 2570
f 2569 2710 2723
f 2569 2723 2724
f 2569 2724 2722
f 2571 2722 2725
f 2571 2725 2572
f 2572 2725 2573
f 2573 2575 2574
f 2573 2725 2726
f 2573 2726 2727
f 2573 2727 2728
f 2573 2728 2729
f 2573 2729 2575
f 2575 2729 2712
f 2576 2718 2730
f 2576 2730 2731
f 2576 2731 2732
f 2576 2732 2733
f 2576 2733 2577
f 2577 2733 2734
f 2577 2734 2578
f 2578 2734 2735
f 2578 2735 2579
f 2579 2735 2736
f 2579 2736 2737
f 2579 2737 2580
f 2580 2737 2738
f 2580 2738 2739
f 2580 2739 2581
f 2581 2739 2582
f 2582 2739 2740
f 2582 2740 2741
f 2582 2741 2583
f 2583 2741 2585
f 2584 2585 2742
f 2584 2742 2743
f 2584 2743 2586
f 2585 2741 2744
f 2585 2744 2745
f 2585 2745 2742
f 2586 2743 2746
f 2586 2746 2747
f 2586 2747 2748
f 2586 2748 2749
f 2586 2749 2587
f 2587 2749 2750
f 2587 2750 2751
f 2587 2751 2752
f 2587 2752 2753
f 2587 2753 2754
f 2587 2754 2593
f 2588 2592 2589
f 2589 2592 2594
f 2592 2593 2594
f 2593 2754 2755
f 2593 2755 2756
f 2593 2756 2594
f 2594 2756 2757
f 2594 2757 2758
f 2594 2758 2759
f 2594 2759 2760
f 2594 2760 2595
f 2595 2760 2761
f 2595 2761 2596
f 2596 2761 2762
f 2596 2762 2763
f 2596 2763 2597
f 2598 2763 2764
f 2598 2764 2765
f 2598 2765 2766
f 2598 2766 2767
f 2598 2767 2599
f 2599 2767 2766
f 2599 2766 2768
f 2599 2768 2769
f 2599 2769 2770
f 2599 2770 2600
f 2600 2770 2769
f 2600 2769 2771
f 2600 2771 2772
f 2600 2772 2601
f 2601 2772 2775
f 2601 2775 2604
f 2602 2773 2929
f 2602 2929 2774
f 2602 2774 2603
f 2603 2774 2607
f 2604 2775 2933
f 2604 2933 2776
f 2605 2776 2777
f 2605 2777 2778
f 2605 2778 2779
f 2605 2779 2606
f 2606 2779 2780
f 2606 2780 2773
f 2607 2774 2781
f 2607 2781 2618
f 2609 2617 2610
f 2610 2782 2783
f 2610 2783 2611
f 2610 2617 2784
f 2610 2784 2782
f 2611 2783 2782
f 2611 2782 2785
f 2611 2785 2619
f 2612 2786 2787
f 2612 2787 2788
f 2612 2788 2613
f 2612 2615 2789
f 2612 2789 2786
f 2613 2788 2616
f 2613 2616 2614
f 2615 2790 2947
f 2615 2947 2789
f 2616 2788 2791
f 2616 2791 2617
f 2617 2792 2793
f 2617 2793 2784
f 2617 2791 2792
f 2618 2781 2794
f 2618 2794 2795
f 2618 2795 2796
f 2618 2796 2790
f 2619 2785 2782
f 2619 2782 2797
f 2619 2797 2620
f 2620 2797 2798
f 2620 2798 2799
f 2620 2799 2621
f 2621 2799 2800
f 2621 2800 2622
f 2622 2800 2623
f 2623 2800 2801
f 2623 2801 2802
f 2623 2802 2624
f 2624 2802 2803
f 2624 2803 2626
f 2625 2630 2804
f 2625 2804 2805
f 2625 2805 2806
f 2625 2806 2807
f 2625 2807 2631
f 2626 2803 2627
f 2627 2803 2808
f 2627 2808 2809
f 2627 2809 2628
f 2628 2809 2810
f 2628 2810 2629
f 2629 2810 2630
f 2630 2810 2811
f 2630 2811 2812
f 2630 2812 2804
f 2631 2807 2813
f 2631 2813 2632
f 2632 2813 2814
f 2632 2814 2815
f 2632 2815 2633
f 2633 2815 2816
f 2633 2816 2634
f 2634 2816 2817
f 2634 2817 2818
f 2634 2818 2635
f 2635 2819 2636
f 2635 2818 2820
f 2635 2820 2821
f 2635 2821 2822
f 2635 2822 2823
f 2635 2823 2824
f 2635 2824 2819
f 2636 2819 2637
f 2637 2819 2638
f 2638 2641 2639
f 2638 2819 2825
f 2638 2825 2641
f 2639 2641 2640
f 2641 2825 2826
f 2641 2826 2642
f 2642 2826 2646
f 2642 2646 2643
f 2643 2646 2645
f 2643 2645 2644
f 2646 2826 2827
f 2646 2827 2828
f 2646 2828 2829
f 2646 2829 2830
f 2646 2830 2647
f 2647 2830 2831
f 2647 2831 2832
f 2647 2832 2833
f 2647 2833 2648
f 2648 2833 2649
f 2649 2833 2834
f 2649 2834 2835
f 2649 2835 2650
f 2650 2835 2652
f 2650 2652 2651
f 2652 2835 2836
f 2652 2836 2653
f 2653 2836 2654
f 2654 2836 2837
f 2654 2837 2838
f 2654 2838 2655
f 2655 2838 2657
f 2656 2659 2660
f 2657 2838 2839
f 2657 2839 2840
f 2657 2840 2658
f 2658 2840 3010
f 2658 3010 2841
f 2658 2841 2659
f 2659 2841 2842
f 2659 2842 2843
f 2659 2843 2844
f 2659 2844 2845
f 2659 2845 2660
f 2660 2662 2661
f 2660 2845 2846
f 2660 2846 2662
f 2663 2846 2847
f 2663 2847 2665
f 2663 2665 2664
f 2665 2847 2848
f 2665 2848 2666
f 2666 2848 2679
f 2666 2679 2667
f 2667 2679 2849
f 2667 2849 2669
f 2667 2669 2668
f 2669 2849 2688
f 2669 2688 2687
f 2669 2687 2686
f 2669 2686 2670
f 2670 2686 2671
f 2671 2674 2672
f 2671 2686 2683
f 2678 2848 2852
f 2678 2852 2682
f 2679 2688 2849
f 2679 2685 2688
f 2680 2850 2690
f 2680 2690 2681
f 2680 2682 2852
f 2680 2852 2851
f 2680 2851 2850
f 2683 2686 2684
f 2689 2853 2855
f 2689 2855 2692
f 2689 2690 2854
f 2689 2854 2853
f 2690 2850 2854
f 2693 2855 3014
f 2693 3014 2856
f 2693 2856 2857
f 2693 2857 2694
f 2694 2857 2858
f 2694 2858 2859
f 2694 2859 2696
f 2694 2696 2695
f 2696 2859 2860
f 2696 2860 2697
f 2699 2861 2703
f 2699 2703 2700
f 2699 2701 2862
f 2699 2862 2861
f 2702 2863 2704
f 2702 2703 2864
f 2702 2864 2863
f 2703 2861 2865
f 2703 2865 2864
f 2704 2866 2705
f 2704 2863 3023
f 2704 3023 2866
f 2705 2866 2867
f 2705 2867 2868
f 2705 2868 2709
f 2706 2709 2707
f 2708 2868 3031
f 2708 3031 2869
f 2708 2869 2710
f 2710 2869 2723
f 2711 2712 2713
f 2712 2729 2870
f 2712 2870 2713
f 2713 2870 2871
f 2713 2871 2715
f 2714 2872 2719
f 2714 2716 2873
f 2714 2873 2872
f 2715 2874 2716
f 2715 2871 2875
f 2715 2875 2876
f 2715 2876 2874
f 2716 2874 2873
f 2717 2721 2877
f 2717 2877 2878
f 2717 2878 2718
f 2718 2878 2730
f 2719 2872 2720
f 2720 2879 2721
f 2720 2872 2873
f 2720 2873 2880
f 2720 2880 2879
f 2721 2879 2877
f 2722 2724 2726
f 2722 2726 2725
f 2723 2869 3031
f 2723 3031 2881
f 2723 2881 2882
f 2723 2882 2724
f 2724 2882 2883
f 2724 2883 2726
f 2726 2883 2884
f 2726 2884 2727
f 2727 2884 2885
f 2727 2885 2728
f 2728 2885 3032
f 2728 3032 2870
f 2728 2870 2729
f 2730 2878 2886
f 2730 2886 2731
f 2731 2886 2887
f 2731 2887 2888
f 2731 2888 2732
f 2732 2888 2733
f 2733 2888 2889
f 2733 2889 2734
f 2734 2890 2735
f 2734 2889 2891
f 2734 2891 2892
f 2734 2892 2890
f 2735 2890 2736
f 2736 2890 2893
f 2736 2893 2894
f 2736 2894 2896
f 2736 2896 2737
f 2737 2895 2738
f 2737 2896 2897
f 2737 2897 2895
f 2738 2895 2898
f 2738 2898 2739
f 2739 2898 2899
f 2739 2899 2740
f 2740 2899 2900
f 2740 2900 2741
f 2741 2900 2903
f 2741 2903 2744
f 2742 2745 2743
f 2743 2745 2901
f 2743 2901 2902
f 2743 2902 2746
f 2744 2903 2745
f 2745 2903 2904
f 2745 2904 2901
f 2746 2902 2747
f 2747 2902 2905
f 2747 2905 2748
f 2748 2905 2906
f 2748 2906 2907
f 2748 2907 2749
f 2749 2907 2908
f 2749 2908 2750
f 2750 2908 2751
f 2751 2908 2909
f 2751 2909 2910
f 2751 2910 2752
f 2752 2910 2911
f 2752 2911 2753
f 2753 2911 2912
f 2753 2912 2754
f 2754 2912 2755
f 2755 2912 2913
f 2755 2913 2914
f 2755 2914 2756
f 2756 2914 2757
f 2757 2914 2915
f 2757 2915 2916
f 2757 2916 2758
f 2758 2916 2917
f 2758 2917 2759
f 2759 2917 2918
f 2759 2918 2760
f 2760 2918 2761
f 2761 2918 2919
f 2761 2919 2920
f 2761 2920 2921
f 2761 2921 2922
f 2761 2922 2762
f 2762 2764 2763
f 2762 2922 2764
f 2764 2922 2923
f 2764 2923 2765
f 2765 2923 2924
f 2765 2924 2766
f 2766 2925 2768
f 2766 2924 2926
f 2766 2926 2925
f 2768 2925 2769
f 2769 2925 2771
f 2771 2925 2927
f 2771 2927 2928
f 2771 2928 2772
f 2772 2928 2932
f 2772 2932 2775
f 2773 2780 2930
f 2773 2930 2931
f 2773 2931 2929
f 2774 2929 2794
f 2774 2794 2781
f 2775 2932 2933
f 2776 2933 2934
f 2776 2934 2777
f 2777 2934 2935
f 2777 2935 2936
f 2777 2936 2937
f 2777 2937 2778
f 2778 2937 2938
f 2778 2938 2779
f 2779 2938 2939
f 2779 2939 2780
f 2780 2939 2940
f 2780 2940 2930
f 2782 2784 2941
f 2782 2941 2942
f 2782 2942 2943
f 2782 2943 2944
f 2782 2944 2797
f 2784 2793 2942
f 2784 2942 2941
f 2786 2791 2787
f 2786 2789 2945
f 2786 2945 2946
f 2786 2946 2791
f 2787 2791 2788
f 2789 2947 3116
f 2789 3116 2945
f 2790 2796 2948
f 2790 2948 2949
f 2790 2949 2947
f 2791 2950 2951
f 2791 2951 2792
f 2791 2946 2950
f 2792 2952 2942
f 2792 2942 2793
f 2792 2951 2953
f 2792 2953 2952
f 2794 2929 2954
f 2794 2954 2955
f 2794 2955 2956
f 2794 2956 2795
f 2795 2956 2957
f 2795 2957 2796
f 2796 2957 2948
f 2797 2944 2958
f 2797 2958 2798
f 2798 2959 2799
f 2798 2958 2960
f 2798 2960 2959
f 2799 2959 2800
f 2800 2959 2961
f 2800 2961 2962
f 2800 2962 2801
f 2801 2963 2802
f 2801 2962 2963
f 2802 2963 2803
f 2803 2964 2808
f 2803 2963 2965
f 2803 2965 2964
f 2804 2812 2805
f 2805 2812 2966
f 2805 2966 2967
f 2805 2967 2806
f 2806 2967 2968
f 2806 2968 2807
f 2807 2968 2977
f 2807 2977 2813
f 2808 2964 2809
f 2809 2964 2969
f 2809 2969 2970
f 2809 2970 2971
f 2809 2971 2810
f 2810 2972 2811
f 2810 2971 2973
f 2810 2973 2972
f 2811 2972 2812
f 2812 2974 2966
f 2812 2972 2975
f 2812 2975 2976
f 2812 2976 2974
f 2813 2977 2978
f 2813 2978 2814
f 2814 2978 2815
f 2815 2978 2979
f 2815 2979 2980
f 2815 2980 2816
f 2816 2980 2817
f 2817 2980 2981
f 2817 2981 2982
f 2817 2982 2818
f 2818 2982 2983
f 2818 2983 2820
f 2819 2824 2984
f 2819 2984 2985
f 2819 2985 2986
f 2819 2986 2987
f 2819 2987 2825
f 2820 2983 2821
f 2821 2983 2988
f 2821 2988 2989
f 2821 2989 2822
f 2822 2989 2990
f 2822 2990 2823
f 2823 2990 2991
f 2823 2991 2824
f 2824 2991 3164
f 2824 3164 2984
f 2825 2987 2992
f 2825 2992 2993
f 2825 2993 2826
f 2826 2993 2994
f 2826 2994 2995
f 2826 2995 2996
f 2826 2996 2827
f 2827 2996 3177
f 2827 3177 2997
f 2827 2997 2828
f 2828 2997 2998
f 2828 2998 2999
f 2828 2999 2829
f 2829 2999 2831
f 2829 2831 2830
f 2831 2999 3000
f 2831 3000 3001
f 2831 3001 2832
f 2832 3001 3002
f 2832 3002 2833
f 2833 3002 3003
f 2833 3003 2834
f 2834 3003 2836
f 2834 2836 2835
f 2836 3003 3004
f 2836 3004 3005
f 2836 3005 2837
f 2837 3005 3006
f 2837 3006 3007
f 2837 3007 2838
f 2838 3007 2839
f 2839 3007 3008
f 2839 3008 3009
f 2839 3009 3010
f 2839 3010 2840
f 2841 3010 2842
f 2842 3010 3011
f 2842 3011 3192
f 2842 3192 3012
f 2842 3012 2854
f 2842 2854 2843
f 2843 2854 2850
f 2843 2850 2844
f 2844 2851 2845
f 2844 2850 2851
f 2845 2851 2846
f 2846 2851 2852
f 2846 2852 2847
f 2847 2852 2848
f 2853 3013 3014
f 2853 3014 2855
f 2853 2854 3013
f 2854 3012 3013
f 2856 3014 3015
f 2856 3015 3016
f 2856 3016 3017
f 2856 3017 3018
f 2856 3018 3019
f 2856 3019 2857
f 2857 3019 3020
f 2857 3020 2858
f 2858 3020 3021
f 2858 3021 2860
f 2858 2860 2859
f 2861 2862 2865
f 2862 3022 2865
f 2863 2864 3024
f 2863 3024 3025
f 2863 3025 3026
f 2863 3026 3023
f 2864 2865 3027
f 2864 3027 3024
f 2865 3022 3027
f 2866 3023 3028
f 2866 3028 2867
f 2867 3028 3029
f 2867 3029 3030
f 2867 3030 3031
f 2867 3031 2868
f 2870 3032 3033
f 2870 3033 2871
f 2871 3033 3037
f 2871 3037 2875
f 2873 3034 3035
f 2873 3035 2880
f 2873 2874 3036
f 2873 3036 3034
f 2874 2876 3036
f 2875 3037 3038
f 2875 3038 2876
f 2876 3038 3219
f 2876 3219 3036
f 2877 3039 2878
f 2877 2879 3040
f 2877 3040 3041
f 2877 3041 3042
f 2877 3042 3039
f 2878 3039 2886
f 2879 2880 3040
f 2880 3035 3043
f 2880 3043 3044
f 2880 3044 3040
f 2881 3031 3045
f 2881 3045 2882
f 2882 3045 3046
f 2882 3046 2883
f 2883 3046 3047
f 2883 3047 2884
f 2884 3047 3048
f 2884 3048 2885
f 2885 3048 3032
f 2886 3049 2887
f 2886 3039 3042
f 2886 3042 3050
f 2886 3050 3051
f 2886 3051 3049
f 2887 3049 2888
f 2888 2891 2889
f 2888 3049 3052
f 2888 3052 2891
f 2890 2892 2893
f 2891 3052 3053
f 2891 3053 3054
f 2891 3054 2892
f 2892 3054 3055
f 2892 3055 3056
f 2892 3056 2893
f 2893 3056 3057
f 2893 3057 2894
f 2894 3057 2896
f 2895 2897 2898
f 2896 3057 3058
f 2896 3058 3059
f 2896 3059 2897
f 2897 3059 2898
f 2898 3060 2899
f 2898 3059 3061
f 2898 3061 3060
f 2899 3060 2900
f 2900 3060 3062
f 2900 3062 2903
f 2901 3063 2902
f 2901 2904 3064
f 2901 3064 3063
f 2902 3063 3065
f 2902 3065 2905
f 2903 3066 2904
f 2903 3062 3067
f 2903 3067 3068
f 2903 3068 3066
f 2904 3066 3064
f 2905 3065 3069
f 2905 3069 2906
f 2906 3069 2907
f 2907 3069 3070
f 2907 3070 2908
f 2908 3071 2909
f 2908 3070 3072
f 2908 3072 3073
f 2908 3073 3071
f 2909 3071 2910
f 2910 3071 3074
f 2910 3074 3075
f 2910 3075 2911
f 2911 3075 2912
f 2912 3075 3076
f 2912 3076 3077
f 2912 3077 2913
f 2913 3077 3078
f 2913 3078 2914
f 2914 3078 2915
f 2915 3078 3079
f 2915 3079 3080
f 2915 3080 2916
f 2916 3080 2917
f 2917 3080 3081
f 2917 3081 2919
f 2917 2919 2918
f 2919 3081 3082
f 2919 3082 3083
f 2919 3083 2921
f 2919 2921 2920
f 2921 3083 3084
f 2921 3084 3085
f 2921 3085 3086
f 2921 3086 3087
f 2921 3087 2922
f 2922 3087 2923
f 2923 3087 3086
f 2923 3086 3088
f 2923 3088 3089
f 2923 3089 2924
f 2924 3089 3090
f 2924 3090 3091
f 2924 3091 2926
f 2925 2926 3091
f 2925 3091 2927
f 2927 3091 3269
f 2927 3269 3092
f 2927 3092 2932
f 2927 2932 2928
f 2929 2931 2954
f 2930 2940 2931
f 2931 2940 3093
f 2931 3093 3122
f 2931 3122 2954
f 2932 3092 3094
f 2932 3094 2933
f 2933 3095 2934
f 2933 3094 3096
f 2933 3096 3095
f 2934 3095 3097
f 2934 3097 3098
f 2934 3098 3099
f 2934 3099 2935
f 2935 3099 3100
f 2935 3100 3101
f 2935 3101 3102
f 2935 3102 3103
f 2935 3103 3104
f 2935 3104 3105
f 2935 3105 2937
f 2935 2937 2936
f 2937 3105 3106
f 2937 3106 3107
f 2937 3107 2938
f 2938 3107 3108
f 2938 3108 2939
f 2939 3108 3109
f 2939 3109 3110
f 2939 3110 3111
f 2939 3111 2940
f 2940 3111 3112
f 2940 3112 3093
f 2942 2952 2943
f 2943 3113 3114
f 2943 3114 2944
f 2943 2952 3115
f 2943 3115 3113
f 2944 3114 2958
f 2945 3116 3117
f 2945 3117 2946
f 2946 3117 3298
f 2946 3298 3118
f 2946 3118 2950
f 2947 2949 3119
f 2947 3119 3116
f 2948 3119 2949
f 2948 2957 3120
f 2948 3120 3119
f 2950 3121 2951
f 2950 3118 3121
f 2951 3121 2953
f 2952 2953 3115
f 2953 3121 3115
f 2954 3122 3123
f 2954 3123 2955
f 2955 3123 3124
f 2955 3124 2956
f 2956 3124 3125
f 2956 3125 3126
f 2956 3126 3127
f 2956 3127 2957
f 2957 3127 3128
f 2957 3128 3129
f 2957 3129 3130
f 2957 3130 3120
f 2958 3114 3113
f 2958 3113 3131
f 2958 3131 3132
f 2958 3132 3133
f 2958 3133 2960
f 2959 2960 3133
f 2959 3133 3134
f 2959 3134 2961
f 2961 3134 3135
f 2961 3135 3136
f 2961 3136 2962
f 2962 3136 2963
f 2963 3136 3137
f 2963 3137 2965
f 2964 2965 3138
f 2964 3138 2969
f 2965 3137 3138
f 2966 3139 2967
f 2966 2974 3139
f 2967 3139 3140
f 2967 3140 2968
f 2968 3140 2977
f 2969 3138 3141
f 2969 3141 3142
f 2969 3142 3143
f 2969 3143 2970
f 2970 3143 2971
f 2971 3143 3144
f 2971 3144 3145
f 2971 3145 3146
f 2971 3146 3147
f 2971 3147 2973
f 2972 2973 2975
f 2973 3147 3148
f 2973 3148 2975
f 2974 3149 3139
f 2974 2976 3150
f 2974 3150 3151
f 2974 3151 3149
f 2975 3148 3152
f 2975 3152 2976
f 2976 3152 3335
f 2976 3335 3153
f 2976 3153 3150
f 2977 3140 3154
f 2977 3154 2978
f 2978 3154 3336
f 2978 3336 3155
f 2978 3155 3156
f 2978 3156 2979
f 2979 3157 2980
f 2979 3156 3159
f 2979 3159 3157
f 2980 3158 2981
f 2980 3157 3159
f 2980 3159 3160
f 2980 3160 3158
f 2981 3158 2982
f 2982 3158 3161
f 2982 3161 3162
f 2982 3162 2983
f 2983 3163 2988
f 2983 3162 3163
f 2984 3164 3165
f 2984 3165 2985
f 2985 3165 2986
f 2986 3165 3166
f 2986 3166 3167
f 2986 3167 2987
f 2987 3167 2992
f 2988 3163 2989
f 2989 3168 2990
f 2989 3163 3169
f 2989 3169 3170
f 2989 3170 3168
f 2990 3168 2991
f 2991 3168 3171
f 2991 3171 3172
f 2991 3172 3164
f 2992 3167 3173
f 2992 3173 3174
f 2992 3174 2993
f 2993 3174 3175
f 2993 3175 2994
f 2994 3175 2995
f 2995 3175 3176
f 2995 3176 3177
f 2995 3177 2996
f 2997 3177 3178
f 2997 3178 2998
f 2998 3178 3179
f 2998 3179 2999
f 2999 3180 3000
f 2999 3179 3181
f 2999 3181 3182
f 2999 3182 3183
f 2999 3183 3180
f 3000 3180 3184
f 3000 3184 3185
f 3000 3185 3001
f 3001 3185 3186
f 3001 3186 3002
f 3002 3186 3003
f 3003 3186 3004
f 3004 3186 3005
f 3005 3186 3187
f 3005 3187 3006
f 3006 3188 3189
f 3006 3189 3007
f 3006 3187 3188
f 3007 3189 3008
f 3008 3189 3190
f 3008 3190 3009
f 3009 3190 3191
f 3009 3191 3010
f 3010 3191 3011
f 3011 3191 3378
f 3011 3378 3192
f 3012 3192 3193
f 3012 3193 3194
f 3012 3194 3013
f 3013 3194 3015
f 3013 3015 3014
f 3015 3194 3195
f 3015 3195 3197
f 3015 3197 3016
f 3016 3196 3017
f 3016 3197 3196
f 3017 3198 3199
f 3017 3199 3018
f 3017 3196 3198
f 3018 3199 3200
f 3018 3200 3019
f 3019 3200 3020
f 3020 3200 3201
f 3020 3201 3021
f 3022 3202 3203
f 3022 3203 3027
f 3023 3026 3204
f 3023 3204 3205
f 3023 3205 3028
f 3024 3027 3203
f 3024 3203 3025
f 3025 3203 3206
f 3025 3206 3026
f 3026 3206 3207
f 3026 3207 3204
f 3028 3205 3208
f 3028 3208 3029
f 3029 3209 3210
f 3029 3210 3030
f 3029 3208 3211
f 3029 3211 3212
f 3029 3212 3209
f 3030 3213 3046
f 3030 3046 3031
f 3030 3210 3213
f 3031 3046 3045
f 3032 3048 3214
f 3032 3214 3033
f 3033 3214 3215
f 3033 3215 3216
f 3033 3216 3037
f 3034 3043 3035
f 3034 3036 3217
f 3034 3217 3218
f 3034 3218 3043
f 3036 3219 3404
f 3036 3404 3217
f 3037 3216 3038
f 3038 3216 3220
f 3038 3220 3219
f 3040 3044 3041
f 3041 3044 3043
f 3041 3043 3221
f 3041 3221 3050
f 3041 3050 3042
f 3043 3218 3221
f 3046 3213 3210
f 3046 3210 3222
f 3046 3222 3047
f 3047 3222 3210
f 3047 3210 3223
f 3047 3223 3048
f 3048 3223 3214
f 3049 3051 3224
f 3049 3224 3053
f 3049 3053 3052
f 3050 3221 3225
f 3050 3225 3226
f 3050 3226 3051
f 3051 3226 3227
f 3051 3227 3228
f 3051 3228 3224
f 3053 3229 3054
f 3053 3224 3230
f 3053 3230 3231
f 3053 3231 3229
f 3054 3229 3055
f 3055 3232 3233
f 3055 3233 3056
f 3055 3229 3234
f 3055 3234 3232
f 3056 3233 3235
f 3056 3235 3057
f 3057 3235 3058
f 3058 3235 3236
f 3058 3236 3237
f 3058 3237 3059
f 3059 3237 3061
f 3060 3061 3238
f 3060 3238 3062
f 3061 3239 3238
f 3061 3237 3240
f 3061 3240 3241
f 3061 3241 3239
f 3062 3238 3067
f 3063 3064 3242
f 3063 3242 3427
f 3063 3427 3243
f 3063 3243 3065
f 3064 3066 3246
f 3064 3246 3244
f 3064 3244 3428
f 3064 3428 3242
f 3065 3243 3245
f 3065 3245 3069
f 3066 3068 3246
f 3067 3238 3239
f 3067 3239 3247
f 3067 3247 3068
f 3068 3247 3248
f 3068 3248 3246
f 3069 3245 3070
f 3070 3245 3072
f 3071 3249 3074
f 3071 3073 3250
f 3071 3250 3251
f 3071 3251 3249
f 3072 3252 3253
f 3072 3253 3254
f 3072 3254 3073
f 3072 3245 3252
f 3073 3254 3250
f 3074 3249 3255
f 3074 3255 3075
f 3075 3255 3076
f 3076 3255 3256
f 3076 3256 3257
f 3076 3257 3442
f 3076 3442 3258
f 3076 3258 3077
f 3077 3258 3078
f 3078 3258 3259
f 3078 3259 3079
f 3079 3259 3260
f 3079 3260 3261
f 3079 3261 3080
f 3080 3261 3081
f 3081 3261 3082
f 3082 3261 3262
f 3082 3262 3083
f 3083 3262 3084
f 3084 3262 3263
f 3084 3263 3264
f 3084 3264 3085
f 3085 3264 3265
f 3085 3265 3088
f 3085 3088 3086
f 3088 3265 3266
f 3088 3266 3267
f 3088 3267 3089
f 3089 3267 3268
f 3089 3268 3090
f 3090 3268 3269
f 3090 3269 3091
f 3092 3269 3094
f 3093 3112 3270
f 3093 3270 3271
f 3093 3271 3272
f 3093 3272 3122
f 3094 3269 3268
f 3094 3268 3273
f 3094 3273 3274
f 3094 3274 3095
f 3094 3095 3096
f 3095 3274 3273
f 3095 3273 3097
f 3097 3273 3275
f 3097 3275 3276
f 3097 3276 3277
f 3097 3277 3278
f 3097 3278 3279
f 3097 3279 3280
f 3097 3280 3098
f 3098 3280 3100
f 3098 3100 3099
f 3100 3280 3279
f 3100 3279 3101
f 3101 3279 3281
f 3101 3281 3282
f 3101 3282 3283
f 3101 3283 3284
f 3101 3284 3102
f 3102 3284 3285
f 3102 3285 3103
f 3103 3286 3104
f 3103 3285 3286
f 3104 3286 3105
f 3105 3286 3106
f 3106 3286 3287
f 3106 3287 3107
f 3107 3287 3288
f 3107 3288 3108
f 3108 3288 3289
f 3108 3289 3109
f 3109 3289 3290
f 3109 3290 3291
f 3109 3291 3110
f 3110 3291 3111
f 3111 3291 3292
f 3111 3292 3112
f 3112 3292 3293
f 3112 3293 3270
f 3113 3115 3131
f 3115 3121 3294
f 3115 3294 3295
f 3115 3295 3296
f 3115 3296 3131
f 3116 3119 3117
f 3117 3119 3130
f 3117 3130 3315
f 3117 3315 3297
f 3117 3297 3298
f 3118 3298 3493
f 3118 3493 3299
f 3118 3299 3121
f 3119 3120 3130
f 3121 3299 3294
f 3122 3272 3300
f 3122 3300 3123
f 3123 3300 3124
f 3124 3300 3301
f 3124 3301 3302
f 3124 3302 3303
f 3124 3303 3304
f 3124 3304 3126
f 3124 3126 3125
f 3126 3304 3127
f 3127 3304 3305
f 3127 3305 3128
f 3128 3305 3306
f 3128 3306 3307
f 3128 3307 3308
f 3128 3308 3129
f 3129 3308 3309
f 3129 3309 3310
f 3129 3310 3311
f 3129 3311 3312
f 3129 3312 3313
f 3129 3313 3314
f 3129 3314 3315
f 3129 3315 3130
f 3131 3296 3316
f 3131 3316 3132
f 3132 3316 3133
f 3133 3316 3317
f 3133 3317 3318
f 3133 3318 3319
f 3133 3319 3134
f 3134 3319 3135
f 3135 3319 3318
f 3135 3318 3320
f 3135 3320 3321
f 3135 3321 3136
f 3136 3321 3322
f 3136 3322 3137
f 3137 3322 3141
f 3137 3141 3138
f 3139 3149 3323
f 3139 3323 3140
f 3140 3323 3336
f 3140 3336 3154
f 3141 3322 3324
f 3141 3324 3142
f 3142 3324 3325
f 3142 3325 3144
f 3142 3144 3143
f 3144 3325 3326
f 3144 3326 3145
f 3145 3326 3327
f 3145 3327 3328
f 3145 3328 3146
f 3146 3329 3147
f 3146 3328 3329
f 3147 3330 3148
f 3147 3329 3331
f 3147 3331 3330
f 3148 3330 3152
f 3149 3151 3332
f 3149 3332 3323
f 3150 3332 3151
f 3150 3153 3332
f 3152 3330 3331
f 3152 3331 3333
f 3152 3333 3334
f 3152 3334 3335
f 3153 3335 3527
f 3153 3527 3332
f 3155 3336 3337
f 3155 3337 3526
f 3155 3526 3338
f 3155 3338 3159
f 3155 3159 3156
f 3158 3160 3339
f 3158 3339 3161
f 3159 3338 3340
f 3159 3340 3341
f 3159 3341 3342
f 3159 3342 3533
f 3159 3533 3343
f 3159 3343 3160
f 3160 3343 3339
f 3161 3339 3344
f 3161 3344 3345
f 3161 3345 3346
f 3161 3346 3347
f 3161 3347 3348
f 3161 3348 3162
f 3162 3349 3163
f 3162 3348 3349
f 3163 3349 3169
f 3164 3172 3165
f 3165 3172 3350
f 3165 3350 3351
f 3165 3351 3166
f 3166 3351 3352
f 3166 3352 3353
f 3166 3353 3167
f 3167 3354 3355
f 3167 3355 3173
f 3167 3353 3354
f 3168 3170 3359
f 3168 3359 3171
f 3169 3349 3356
f 3169 3356 3357
f 3169 3357 3170
f 3170 3357 3358
f 3170 3358 3359
f 3171 3359 3350
f 3171 3350 3172
f 3173 3355 3360
f 3173 3360 3174
f 3174 3360 3175
f 3175 3361 3176
f 3175 3360 3362
f 3175 3362 3363
f 3175 3363 3361
f 3176 3361 3177
f 3177 3361 3364
f 3177 3364 3178
f 3178 3181 3179
f 3178 3364 3365
f 3178 3365 3181
f 3180 3183 3366
f 3180 3366 3184
f 3181 3365 3182
f 3182 3365 3367
f 3182 3367 3183
f 3183 3367 3368
f 3183 3368 3369
f 3183 3369 3370
f 3183 3370 3366
f 3184 3187 3186
f 3184 3186 3185
f 3184 3366 3370
f 3184 3370 3371
f 3184 3371 3188
f 3184 3188 3187
f 3188 3371 3372
f 3188 3372 3373
f 3188 3373 3189
f 3189 3374 3190
f 3189 3373 3561
f 3189 3561 3374
f 3190 3374 3375
f 3190 3375 3376
f 3190 3376 3564
f 3190 3564 3377
f 3190 3377 3378
f 3190 3378 3191
f 3192 3378 3379
f 3192 3379 3193
f 3193 3379 3194
f 3194 3380 3381
f 3194 3381 3195
f 3194 3379 3380
f 3195 3381 3197
f 3196 3197 3382
f 3196 3382 3383
f 3196 3383 3384
f 3196 3384 3198
f 3197 3385 3382
f 3197 3381 3385
f 3198 3384 3383
f 3198 3383 3386
f 3198 3386 3387
f 3198 3387 3388
f 3198 3388 3389
f 3198 3389 3199
f 3199 3389 3200
f 3200 3389 3390
f 3200 3390 3201
f 3202 3391 3206
f 3202 3206 3203
f 3204 3208 3205
f 3204 3207 3392
f 3204 3392 3393
f 3204 3393 3208
f 3206 3391 3394
f 3206 3394 3207
f 3207 3395 3396
f 3207 3396 3393
f 3207 3393 3392
f 3207 3394 3397
f 3207 3397 3395
f 3208 3393 3398
f 3208 3398 3399
f 3208 3399 3400
f 3208 3400 3211
f 3209 3223 3210
f 3209 3212 3401
f 3209 3401 3402
f 3209 3402 3223
f 3211 3400 3212
f 3212 3400 3403
f 3212 3403 3401
f 3214 3223 3215
f 3215 3223 3216
f 3216 3223 3220
f 3217 3404 3405
f 3217 3405 3218
f 3218 3405 3595
f 3218 3595 3406
f 3218 3406 3221
f 3219 3220 3407
f 3219 3407 3408
f 3219 3408 3404
f 3220 3223 3407
f 3221 3406 3225
f 3223 3402 3409
f 3223 3409 3407
f 3224 3228 3230
f 3225 3406 3595
f 3225 3595 3410
f 3225 3410 3411
f 3225 3411 3226
f 3226 3411 3412
f 3226 3412 3227
f 3227 3412 3413
f 3227 3413 3414
f 3227 3414 3230
f 3227 3230 3228
f 3229 3231 3234
f 3230 3414 3415
f 3230 3415 3231
f 3231 3415 3416
f 3231 3416 3234
f 3232 3417 3233
f 3232 3234 3418
f 3232 3418 3419
f 3232 3419 3417
f 3233 3417 3235
f 3234 3416 3420
f 3234 3420 3421
f 3234 3421 3418
f 3235 3417 3236
f 3236 3417 3419
f 3236 3419 3422
f 3236 3422 3237
f 3237 3422 3240
f 3239 3241 3423
f 3239 3423 3424
f 3239 3424 3425
f 3239 3425 3247
f 3240 3422 3426
f 3240 3426 3241
f 3241 3426 3423
f 3242 3428 3427
f 3243 3427 3245
f 3244 3429 3428
f 3244 3246 3430
f 3244 3430 3431
f 3244 3431 3429
f 3245 3427 3252
f 3246 3248 3430
f 3247 3425 3248
f 3248 3425 3610
f 3248 3610 3432
f 3248 3432 3614
f 3248 3614 3430
f 3249 3251 3433
f 3249 3433 3255
f 3250 3254 3434
f 3250 3434 3435
f 3250 3435 3436
f 3250 3436 3251
f 3251 3436 3437
f 3251 3437 3433
f 3252 3438 3253
f 3252 3427 3438
f 3253 3438 3439
f 3253 3439 3440
f 3253 3440 3434
f 3253 3434 3254
f 3255 3433 3256
f 3256 3433 3441
f 3256 3441 3257
f 3257 3441 3443
f 3257 3443 3444
f 3257 3444 3442
f 3258 3442 3259
f 3259 3442 3445
f 3259 3445 3260
f 3260 3446 3261
f 3260 3445 3447
f 3260 3447 3448
f 3260 3448 3446
f 3261 3446 3262
f 3262 3446 3449
f 3262 3449 3263
f 3263 3449 3629
f 3263 3629 3450
f 3263 3450 3451
f 3263 3451 3264
f 3264 3451 3265
f 3265 3451 3452
f 3265 3452 3266
f 3266 3452 3453
f 3266 3453 3275
f 3266 3275 3267
f 3267 3275 3273
f 3267 3273 3268
f 3270 3293 3454
f 3270 3454 3271
f 3271 3454 3455
f 3271 3455 3272
f 3272 3455 3456
f 3272 3456 3300
f 3275 3453 3457
f 3275 3457 3276
f 3276 3457 3453
f 3276 3453 3458
f 3276 3458 3459
f 3276 3459 3277
f 3277 3460 3461
f 3277 3461 3281
f 3277 3281 3278
f 3277 3459 3462
f 3277 3462 3463
f 3277 3463 3464
f 3277 3464 3460
f 3278 3281 3465
f 3278 3465 3279
f 3279 3465 3281
f 3281 3461 3466
f 3281 3466 3467
f 3281 3467 3468
f 3281 3468 3469
f 3281 3469 3282
f 3282 3469 3470
f 3282 3470 3283
f 3283 3470 3471
f 3283 3471 3284
f 3284 3471 3285
f 3285 3471 3472
f 3285 3472 3473
f 3285 3473 3474
f 3285 3474 3286
f 3286 3474 3287
f 3287 3474 3475
f 3287 3475 3476
f 3287 3476 3477
f 3287 3477 3288
f 3288 3477 3478
f 3288 3478 3479
f 3288 3479 3289
f 3289 3479 3290
f 3290 3479 3291
f 3291 3479 3480
f 3291 3480 3481
f 3291 3481 3482
f 3291 3482 3483
f 3291 3483 3292
f 3292 3483 3484
f 3292 3484 3293
f 3293 3484 3485
f 3293 3485 3454
f 3294 3486 3295
f 3294 3299 3487
f 3294 3487 3488
f 3294 3488 3486
f 3295 3486 3489
f 3295 3489 3490
f 3295 3490 3316
f 3295 3316 3296
f 3297 3491 3492
f 3297 3492 3298
f 3297 3315 3314
f 3297 3314 3491
f 3298 3492 3493
f 3299 3493 3650
f 3299 3650 3487
f 3300 3456 3494
f 3300 3494 3301
f 3301 3494 3456
f 3301 3456 3495
f 3301 3495 3302
f 3302 3495 3496
f 3302 3496 3303
f 3303 3497 3498
f 3303 3498 3307
f 3303 3307 3305
f 3303 3305 3304
f 3303 3496 3499
f 3303 3499 3497
f 3305 3307 3306
f 3307 3498 3500
f 3307 3500 3308
f 3308 3500 3309
f 3309 3501 3502
f 3309 3502 3503
f 3309 3503 3310
f 3309 3500 3498
f 3309 3498 3504
f 3309 3504 3501
f 3310 3503 3670
f 3310 3670 3505
f 3310 3505 3506
f 3310 3506 3311
f 3311 3506 3312
f 3312 3506 3507
f 3312 3507 3508
f 3312 3508 3313
f 3313 3508 3314
f 3314 3508 3491
f 3316 3490 3509
f 3316 3509 3317
f 3317 3509 3318
f 3318 3509 3510
f 3318 3510 3511
f 3318 3511 3512
f 3318 3512 3320
f 3320 3512 3321
f 3321 3512 3511
f 3321 3511 3513
f 3321 3513 3514
f 3321 3514 3515
f 3321 3515 3516
f 3321 3516 3322
f 3322 3517 3324
f 3322 3516 3517
f 3323 3332 3526
f 3323 3526 3337
f 3323 3337 3336
f 3324 3517 3325
f 3325 3517 3518
f 3325 3518 3519
f 3325 3519 3326
f 3326 3519 3680
f 3326 3680 3520
f 3326 3520 3521
f 3326 3521 3327
f 3327 3521 3522
f 3327 3522 3328
f 3328 3522 3684
f 3328 3684 3523
f 3328 3523 3524
f 3328 3524 3329
f 3329 3333 3331
f 3329 3524 3525
f 3329 3525 3333
f 3332 3527 3528
f 3332 3528 3526
f 3333 3525 3334
f 3334 3529 3335
f 3334 3525 3530
f 3334 3530 3529
f 3335 3529 3527
f 3338 3526 3340
f 3339 3343 3533
f 3339 3533 3344
f 3340 3526 3528
f 3340 3528 3531
f 3340 3531 3691
f 3340 3691 3532
f 3340 3532 3342
f 3340 3342 3341
f 3342 3532 3533
f 3344 3533 3345
f 3345 3533 3534
f 3345 3534 3535
f 3345 3535 3536
f 3345 3536 3346
f 3346 3536 3347
f 3347 3537 3538
f 3347 3538 3349
f 3347 3349 3348
f 3347 3536 3539
f 3347 3539 3540
f 3347 3540 3537
f 3349 3538 3356
f 3350 3359 3358
f 3350 3358 3541
f 3350 3541 3542
f 3350 3542 3351
f 3351 3542 3697
f 3351 3697 3543
f 3351 3543 3544
f 3351 3544 3352
f 3352 3544 3545
f 3352 3545 3353
f 3353 3546 3354
f 3353 3545 3703
f 3353 3703 3546
f 3354 3546 3355
f 3355 3546 3362
f 3355 3362 3360
f 3356 3538 3547
f 3356 3547 3357
f 3357 3541 3358
f 3357 3547 3548
f 3357 3548 3549
f 3357 3549 3541
f 3361 3363 3550
f 3361 3550 3551
f 3361 3551 3364
f 3362 3546 3552
f 3362 3552 3363
f 3363 3552 3550
f 3364 3551 3553
f 3364 3553 3554
f 3364 3554 3555
f 3364 3555 3365
f 3365 3555 3367
f 3367 3555 3556
f 3367 3556 3557
f 3367 3557 3368
f 3368 3558 3369
f 3368 3557 3559
f 3368 3559 3558
f 3369 3558 3560
f 3369 3560 3372
f 3369 3372 3371
f 3369 3371 3370
f 3372 3560 3373
f 3373 3560 3561
f 3374 3561 3562
f 3374 3562 3375
f 3375 3562 3563
f 3375 3563 3376
f 3376 3563 3720
f 3376 3720 3564
f 3377 3564 3565
f 3377 3565 3566
f 3377 3566 3567
f 3377 3567 3568
f 3377 3568 3380
f 3377 3380 3379
f 3377 3379 3378
f 3380 3568 3569
f 3380 3569 3381
f 3381 3569 3570
f 3381 3570 3571
f 3381 3571 3572
f 3381 3572 3382
f 3381 3382 3385
f 3382 3572 3573
f 3382 3573 3574
f 3382 3574 3575
f 3382 3575 3383
f 3383 3575 3386
f 3386 3576 3577
f 3386 3577 3578
f 3386 3578 3579
f 3386 3579 3580
f 3386 3580 3387
f 3386 3575 3581
f 3386 3581 3582
f 3386 3582 3576
f 3387 3580 3583
f 3387 3583 3388
f 3393 3396 3398
f 3395 3397 3396
f 3396 3397 3584
f 3396 3584 3585
f 3396 3585 3586
f 3396 3586 3587
f 3396 3587 3588
f 3396 3588 3398
f 3398 3588 3399
f 3399 3589 3401
f 3399 3401 3400
f 3399 3588 3590
f 3399 3590 3591
f 3399 3591 3589
f 3400 3401 3403
f 3401 3589 3592
f 3401 3592 3402
f 3402 3592 3409
f 3404 3408 3405
f 3405 3408 3593
f 3405 3593 3594
f 3405 3594 3595
f 3407 3409 3408
f 3408 3409 3593
f 3409 3596 3593
f 3409 3592 3589
f 3409 3589 3597
f 3409 3597 3596
f 3410 3595 3594
f 3410 3594 3598
f 3410 3598 3411
f 3411 3598 3599
f 3411 3599 3600
f 3411 3600 3601
f 3411 3601 3412
f 3412 3601 3413
f 3413 3601 3602
f 3413 3602 3603
f 3413 3603 3415
f 3413 3415 3414
f 3415 3603 3604
f 3415 3604 3416
f 3416 3604 3607
f 3416 3607 3420
f 3418 3421 3419
f 3419 3421 3420
f 3419 3420 3605
f 3419 3605 3606
f 3419 3606 3422
f 3420 3607 3749
f 3420 3749 3605
f 3422 3606 3426
f 3423 3426 3611
f 3423 3611 3608
f 3423 3608 3609
f 3423 3609 3424
f 3424 3609 3610
f 3424 3610 3425
f 3426 3606 3750
f 3426 3750 3611
f 3427 3428 3429
f 3427 3429 3438
f 3429 3439 3438
f 3429 3431 3612
f 3429 3612 3613
f 3429 3613 3439
f 3430 3614 3615
f 3430 3615 3431
f 3431 3615 3756
f 3431 3756 3612
f 3432 3610 3616
f 3432 3616 3614
f 3433 3437 3617
f 3433 3617 3441
f 3434 3440 3618
f 3434 3618 3435
f 3435 3618 3764
f 3435 3764 3619
f 3435 3619 3620
f 3435 3620 3436
f 3436 3620 3621
f 3436 3621 3437
f 3437 3621 3763
f 3437 3763 3617
f 3439 3613 3618
f 3439 3618 3440
f 3441 3617 3622
f 3441 3622 3623
f 3441 3623 3624
f 3441 3624 3625
f 3441 3625 3443
f 3442 3444 3445
f 3443 3625 3624
f 3443 3624 3444
f 3444 3624 3623
f 3444 3623 3626
f 3444 3626 3627
f 3444 3627 3447
f 3444 3447 3445
f 3446 3448 3449
f 3447 3627 3448
f 3448 3627 3772
f 3448 3772 3628
f 3448 3628 3629
f 3448 3629 3449
f 3450 3629 3459
f 3450 3459 3451
f 3451 3459 3453
f 3451 3453 3452
f 3453 3459 3458
f 3454 3485 3455
f 3455 3485 3630
f 3455 3630 3631
f 3455 3631 3632
f 3455 3632 3456
f 3456 3633 3495
f 3456 3632 3634
f 3456 3634 3635
f 3456 3635 3633
f 3459 3629 3462
f 3460 3464 3636
f 3460 3636 3637
f 3460 3637 3638
f 3460 3638 3639
f 3460 3639 3467
f 3460 3467 3466
f 3460 3466 3461
f 3462 3629 3628
f 3462 3628 3463
f 3463 3628 3464
f 3464 3628 3640
f 3464 3640 3641
f 3464 3641 3636
f 3467 3639 3638
f 3467 3638 3642
f 3467 3642 3643
f 3467 3643 3644
f 3467 3644 3645
f 3467 3645 3646
f 3467 3646 3468
f 3468 3646 3469
f 3469 3646 3470
f 3470 3646 3647
f 3470 3647 3648
f 3470 3648 3471
f 3471 3648 3649
f 3471 3649 3472
f 3473 3475 3474
f 3486 3488 3489
f 3487 3650 3651
f 3487 3651 3488
f 3488 3651 3506
f 3488 3506 3489
f 3489 3506 3672
f 3489 3672 3652
f 3489 3652 3653
f 3489 3653 3654
f 3489 3654 3490
f 3490 3654 3509
f 3491 3508 3492
f 3492 3508 3493
f 3493 3508 3650
f 3495 3655 3656
f 3495 3656 3499
f 3495 3499 3496
f 3495 3633 3635
f 3495 3635 3657
f 3495 3657 3658
f 3495 3658 3659
f 3495 3659 3655
f 3497 3499 3656
f 3497 3656 3660
f 3497 3660 3498
f 3498 3660 3661
f 3498 3661 3662
f 3498 3662 3663
f 3498 3663 3504
f 3501 3664 3665
f 3501 3665 3666
f 3501 3666 3502
f 3501 3504 3663
f 3501 3663 3662
f 3501 3662 3667
f 3501 3667 3664
f 3502 3666 3668
f 3502 3668 3669
f 3502 3669 3670
f 3502 3670 3503
f 3505 3670 3671
f 3505 3671 3672
f 3505 3672 3506
f 3506 3651 3673
f 3506 3673 3507
f 3507 3673 3508
f 3508 3673 3651
f 3508 3651 3650
f 3509 3654 3674
f 3509 3674 3675
f 3509 3675 3510
f 3510 3675 3511
f 3511 3675 3513
f 3513 3675 3676
f 3513 3676 3677
f 3513 3677 3514
f 3514 3677 3515
f 3515 3677 3678
f 3515 3678 3518
f 3515 3518 3517
f 3515 3517 3516
f 3518 3678 3799
f 3518 3799 3679
f 3518 3679 3680
f 3518 3680 3519
f 3520 3680 3681
f 3520 3681 3521
f 3521 3681 3682
f 3521 3682 3683
f 3521 3683 3522
f 3522 3683 3804
f 3522 3804 3684
f 3523 3684 3685
f 3523 3685 3525
f 3523 3525 3524
f 3525 3685 3690
f 3525 3690 3530
f 3527 3529 3528
f 3528 3529 3686
f 3528 3686 3687
f 3528 3687 3531
f 3529 3530 3688
f 3529 3688 3689
f 3529 3689 3686
f 3530 3690 3810
f 3530 3810 3688
f 3531 3687 3691
f 3532 3691 3692
f 3532 3692 3534
f 3532 3534 3533
f 3534 3692 3535
f 3535 3693 3536
f 3535 3692 3694
f 3535 3694 3693
f 3536 3693 3540
f 3536 3540 3539
f 3537 3540 3695
f 3537 3695 3547
f 3537 3547 3538
f 3540 3693 3696
f 3540 3696 3695
f 3541 3549 3697
f 3541 3697 3542
f 3543 3697 3698
f 3543 3698 3544
f 3544 3698 3699
f 3544 3699 3700
f 3544 3700 3545
f 3545 3700 3701
f 3545 3701 3702
f 3545 3702 3703
f 3546 3703 3552
f 3547 3695 3704
f 3547 3704 3548
f 3548 3705 3549
f 3548 3704 3706
f 3548 3706 3707
f 3548 3707 3705
f 3549 3705 3708
f 3549 3708 3697
f 3550 3552 3709
f 3550 3709 3553
f 3550 3553 3551
f 3552 3703 3710
f 3552 3710 3709
f 3553 3709 3711
f 3553 3711 3554
f 3554 3556 3555
f 3554 3711 3712
f 3554 3712 3713
f 3554 3713 3714
f 3554 3714 3556
f 3556 3714 3557
f 3557 3714 3715
f 3557 3715 3716
f 3557 3716 3559
f 3558 3559 3717
f 3558 3717 3560
f 3559 3716 3715
f 3559 3715 3836
f 3559 3836 3718
f 3559 3718 3837
f 3559 3837 3717
f 3560 3562 3561
f 3560 3717 3719
f 3560 3719 3562
f 3562 3719 3563
f 3563 3719 3839
f 3563 3839 3720
f 3564 3720 3721
f 3564 3721 3565
f 3565 3721 3566
f 3566 3721 3567
f 3567 3722 3569
f 3567 3569 3568
f 3567 3721 3722
f 3569 3723 3570
f 3569 3722 3724
f 3569 3724 3723
f 3570 3723 3725
f 3570 3725 3726
f 3570 3726 3571
f 3571 3726 3727
f 3571 3727 3573
f 3571 3573 3572
f 3573 3727 3726
f 3573 3726 3574
f 3574 3726 3728
f 3574 3728 3729
f 3574 3729 3730
f 3574 3730 3581
f 3574 3581 3575
f 3576 3582 3577
f 3577 3582 3731
f 3581 3730 3582
f 3582 3730 3729
f 3582 3729 3732
f 3582 3732 3733
f 3582 3733 3734
f 3582 3734 3731
f 3586 3735 3587
f 3587 3736 3590
f 3587 3590 3588
f 3587 3735 3736
f 3589 3737 3738
f 3589 3738 3597
f 3589 3591 3739
f 3589 3739 3740
f 3589 3740 3737
f 3590 3736 3591
f 3591 3736 3739
f 3593 3596 3594
f 3594 3596 3598
f 3596 3741 3598
f 3596 3597 3738
f 3596 3738 3737
f 3596 3737 3742
f 3596 3742 3741
f 3598 3741 3599
f 3599 3741 3600
f 3600 3741 3743
f 3600 3743 3744
f 3600 3744 3602
f 3600 3602 3601
f 3602 3744 3745
f 3602 3745 3603
f 3603 3745 3604
f 3604 3745 3746
f 3604 3746 3747
f 3604 3747 3748
f 3604 3748 3607
f 3605 3749 3750
f 3605 3750 3606
f 3607 3748 3751
f 3607 3751 3749
f 3608 3611 3752
f 3608 3752 3869
f 3608 3869 3753
f 3608 3753 3609
f 3609 3753 3754
f 3609 3754 3610
f 3610 3754 3755
f 3610 3755 3616
f 3611 3750 3752
f 3612 3756 3757
f 3612 3757 3613
f 3613 3757 3764
f 3613 3764 3618
f 3614 3616 3758
f 3614 3758 3759
f 3614 3759 3615
f 3615 3759 3760
f 3615 3760 3756
f 3616 3755 3761
f 3616 3761 3762
f 3616 3762 3758
f 3617 3763 3770
f 3617 3770 3622
f 3619 3764 3765
f 3619 3765 3757
f 3619 3757 3766
f 3619 3766 3620
f 3620 3766 3621
f 3621 3766 3767
f 3621 3767 3768
f 3621 3768 3769
f 3621 3769 3763
f 3622 3770 3771
f 3622 3771 3623
f 3623 3771 3641
f 3623 3641 3626
f 3626 3641 3772
f 3626 3772 3627
f 3628 3772 3640
f 3636 3641 3771
f 3636 3771 3637
f 3637 3773 3638
f 3637 3771 3773
f 3638 3773 3769
f 3638 3769 3768
f 3638 3768 3774
f 3638 3774 3775
f 3638 3775 3643
f 3638 3643 3642
f 3640 3772 3641
f 3643 3775 3776
f 3643 3776 3777
f 3643 3777 3644
f 3644 3777 3778
f 3644 3778 3779
f 3644 3779 3645
f 3645 3779 3646
f 3646 3779 3780
f 3646 3780 3781
f 3646 3781 3647
f 3647 3781 3782
f 3647 3782 3648
f 3652 3672 3671
f 3652 3671 3674
f 3652 3674 3653
f 3653 3674 3654
f 3655 3659 3783
f 3655 3783 3784
f 3655 3784 3656
f 3656 3784 3785
f 3656 3785 3786
f 3656 3786 3660
f 3660 3786 3661
f 3661 3786 3787
f 3661 3787 3662
f 3662 3788 3789
f 3662 3789 3667
f 3662 3787 3790
f 3662 3790 3788
f 3664 3791 3792
f 3664 3792 3793
f 3664 3793 3794
f 3664 3794 3665
f 3664 3667 3789
f 3664 3789 3788
f 3664 3788 3795
f 3664 3795 3791
f 3665 3794 3796
f 3665 3796 3666
f 3666 3796 3668
f 3668 3796 3797
f 3668 3797 3798
f 3668 3798 3669
f 3669 3798 3670
f 3670 3798 3671
f 3671 3798 3676
f 3671 3676 3674
f 3674 3676 3675
f 3676 3798 3797
f 3676 3797 3677
f 3677 3797 3799
f 3677 3799 3678
f 3679 3799 3796
f 3679 3796 3800
f 3679 3800 3680
f 3680 3800 3801
f 3680 3801 3681
f 3681 3801 3792
f 3681 3792 3682
f 3682 3792 3802
f 3682 3802 3803
f 3682 3803 3683
f 3683 3803 3804
f 3684 3804 3685
f 3685 3804 3805
f 3685 3805 3806
f 3685 3806 3690
f 3686 3689 3687
f 3687 3689 3807
f 3687 3807 3808
f 3687 3808 3809
f 3687 3809 3691
f 3688 3810 3902
f 3688 3902 3811
f 3688 3811 3689
f 3689 3811 3807
f 3690 3806 3810
f 3691 3809 3812
f 3691 3812 3692
f 3692 3812 3694
f 3693 3694 3813
f 3693 3813 3814
f 3693 3814 3696
f 3694 3812 3815
f 3694 3815 3816
f 3694 3816 3813
f 3695 3696 3814
f 3695 3814 3817
f 3695 3817 3818
f 3695 3818 3704
f 3697 3708 3705
f 3697 3705 3819
f 3697 3819 3820
f 3697 3820 3699
f 3697 3699 3698
f 3699 3820 3700
f 3700 3820 3821
f 3700 3821 3822
f 3700 3822 3701
f 3701 3823 3702
f 3701 3822 3824
f 3701 3824 3823
f 3702 3823 3710
f 3702 3710 3703
f 3704 3818 3706
f 3705 3707 3819
f 3706 3818 3908
f 3706 3908 3825
f 3706 3825 3917
f 3706 3917 3826
f 3706 3826 3707
f 3707 3826 3827
f 3707 3827 3819
f 3709 3710 3828
f 3709 3828 3711
f 3710 3823 3829
f 3710 3829 3830
f 3710 3830 3828
f 3711 3828 3712
f 3712 3831 3832
f 3712 3832 3833
f 3712 3833 3834
f 3712 3834 3713
f 3712 3828 3831
f 3713 3834 3835
f 3713 3835 3714
f 3714 3835 3836
f 3714 3836 3715
f 3717 3837 3839
f 3717 3839 3719
f 3718 3836 3838
f 3718 3838 3837
f 3720 3839 3721
f 3721 3839 3722
f 3722 3839 3724
f 3723 3840 3725
f 3723 3724 3841
f 3723 3841 3842
f 3723 3842 3843
f 3723 3843 3844
f 3723 3844 3845
f 3723 3845 3840
f 3724 3839 3837
f 3724 3837 3841
f 3725 3846 3726
f 3725 3840 3846
f 3726 3846 3728
f 3728 3847 3848
f 3728 3848 3732
f 3728 3732 3729
f 3728 3846 3840
f 3728 3840 3849
f 3728 3849 3850
f 3728 3850 3847
f 3731 3734 3733
f 3731 3733 3852
f 3731 3852 3851
f 3732 3848 3733
f 3733 3848 3853
f 3733 3853 3854
f 3733 3854 3852
f 3735 3855 3736
f 3736 3856 3739
f 3736 3855 3857
f 3736 3857 3856
f 3737 3858 3859
f 3737 3859 3742
f 3737 3740 3860
f 3737 3860 3861
f 3737 3861 3858
f 3739 3856 3740
f 3740 3856 3860
f 3741 3742 3859
f 3741 3859 3862
f 3741 3862 3863
f 3741 3863 3743
f 3743 3863 3864
f 3743 3864 3865
f 3743 3865 3866
f 3743 3866 3867
f 3743 3867 3747
f 3743 3747 3746
f 3743 3746 3745
f 3743 3745 3744
f 3747 3867 3751
f 3747 3751 3748
f 3749 3751 3750
f 3750 3751 3867
f 3750 3867 3868
f 3750 3868 3869
f 3750 3869 3752
f 3753 3869 3870
f 3753 3870 3871
f 3753 3871 3754
f 3754 3871 3755
f 3755 3871 3761
f 3756 3760 3757
f 3757 3760 3875
f 3757 3875 3872
f 3757 3872 3873
f 3757 3873 3766
f 3757 3765 3764
f 3758 3762 3759
f 3759 3762 3874
f 3759 3874 3875
f 3759 3875 3760
f 3761 3871 3876
f 3761 3876 3877
f 3761 3877 3878
f 3761 3878 3762
f 3762 3878 3879
f 3762 3879 3880
f 3762 3880 3874
f 3763 3769 3770
f 3766 3873 3774
f 3766 3774 3767
f 3767 3774 3768
f 3769 3773 3770
f 3770 3773 3771
f 3774 3874 3775
f 3774 3873 3872
f 3774 3872 3874
f 3775 3881 3776
f 3775 3874 3881
f 3776 3881 3777
f 3777 3882 3883
f 3777 3883 3778
f 3777 3881 3884
f 3777 3884 3879
f 3777 3879 3882
f 3778 3883 3885
f 3778 3885 3779
f 3779 3885 3780
f 3780 3885 3886
f 3780 3886 3887
f 3780 3887 3781
f 3784 3888 3889
f 3784 3889 3786
f 3784 3786 3785
f 3786 3889 3787
f 3787 3890 3790
f 3787 3889 3890
f 3788 3790 3891
f 3788 3891 3892
f 3788 3892 3795
f 3790 3890 3893
f 3790 3893 3891
f 3791 3802 3792
f 3791 3795 3894
f 3791 3894 3895
f 3791 3895 3896
f 3791 3896 3803
f 3791 3803 3802
f 3792 3801 3793
f 3793 3801 3800
f 3793 3800 3794
f 3794 3800 3796
f 3795 3892 3897
f 3795 3897 3894
f 3796 3799 3797
f 3803 3896 3804
f 3804 3896 3805
f 3805 3896 3895
f 3805 3895 3806
f 3806 3895 3956
f 3806 3956 3898
f 3806 3898 3810
f 3807 3811 3902
f 3807 3902 3899
f 3807 3899 3900
f 3807 3900 3809
f 3807 3809 3808
f 3809 3900 3903
f 3809 3903 3812
f 3810 3898 3901
f 3810 3901 3902
f 3812 3903 3904
f 3812 3904 3815
f 3813 3816 3814
f 3814 3816 3907
f 3814 3907 3905
f 3814 3905 3966
f 3814 3966 3906
f 3814 3906 3817
f 3815 3904 3816
f 3816 3904 3907
f 3817 3906 3818
f 3818 3906 3966
f 3818 3966 3908
f 3819 3827 3821
f 3819 3821 3820
f 3821 3827 3909
f 3821 3909 3910
f 3821 3910 3822
f 3822 3910 3911
f 3822 3911 3824
f 3823 3824 3829
f 3824 3911 3919
f 3824 3919 3829
f 3825 3908 3912
f 3825 3912 3913
f 3825 3913 3914
f 3825 3914 3915
f 3825 3915 3916
f 3825 3916 3917
f 3826 3917 3827
f 3827 3917 3918
f 3827 3918 3909
f 3828 3830 3831
f 3829 3919 3920
f 3829 3920 3830
f 3830 3920 3832
f 3830 3832 3831
f 3832 3920 3921
f 3832 3921 3922
f 3832 3922 3923
f 3832 3923 3924
f 3832 3924 3833
f 3833 3924 3845
f 3833 3845 3834
f 3834 3845 3925
f 3834 3925 3835
f 3835 3925 3836
f 3836 3925 3843
f 3836 3843 3838
f 3837 3838 3842
f 3837 3842 3841
f 3838 3843 3842
f 3840 3845 3924
f 3840 3924 3923
f 3840 3923 3922
f 3840 3922 3926
f 3840 3926 3849
f 3843 3925 3844
f 3844 3925 3845
f 3847 3850 3926
f 3847 3926 3927
f 3847 3927 3928
f 3847 3928 3929
f 3847 3929 3930
f 3847 3930 3853
f 3847 3853 3848
f 3849 3926 3850
f 3851 3852 3932
f 3851 3932 3931
f 3852 3854 3932
f 3853 3930 3854
f 3854 3930 3933
f 3854 3933 3932
f 3855 3934 3857
f 3856 3935 3860
f 3856 3857 3934
f 3856 3934 3936
f 3856 3936 3935
f 3858 3861 3937
f 3858 3937 3938
f 3858 3938 3864
f 3858 3864 3863
f 3858 3863 3862
f 3858 3862 3859
f 3860 3935 3861
f 3861 3935 3939
f 3861 3939 3937
f 3864 3938 3865
f 3865 3938 3866
f 3866 3870 3869
f 3866 3869 3868
f 3866 3868 3867
f 3866 3938 3940
f 3866 3940 3870
f 3870 3940 3941
f 3870 3941 3942
f 3870 3942 3871
f 3871 3942 3943
f 3871 3943 3876
f 3872 3875 3874
f 3874 3880 3884
f 3874 3884 3881
f 3876 3943 3877
f 3877 3943 3944
f 3877 3944 3945
f 3877 3945 3879
f 3877 3879 3878
f 3879 3884 3880
f 3879 3945 3882
f 3882 3945 3946
f 3882 3946 3883
f 3883 3946 3947
f 3883 3947 3885
f 3885 3947 3948
f 3885 3948 3886
f 3888 3949 3950
f 3888 3950 3889
f 3889 3950 3890
f 3890 3950 3893
f 3891 3951 3952
f 3891 3952 3953
f 3891 3953 3897
f 3891 3897 3892
f 3891 3893 3954
f 3891 3954 3951
f 3893 3950 3954
f 3894 3955 3956
f 3894 3956 3895
f 3894 3897 3953
f 3894 3953 3955
f 3898 3956 3960
f 3898 3960 3901
f 3899 3902 3901
f 3899 3901 3957
f 3899 3957 3900
f 3900 3957 3958
f 3900 3958 3959
f 3900 3959 3903
f 3901 3960 4004
f 3901 4004 3957
f 3903 3959 3958
f 3903 3958 3961
f 3903 3961 3967
f 3903 3967 3962
f 3903 3962 3904
f 3904 3962 3907
f 3905 3907 3963
f 3905 3963 3964
f 3905 3964 3971
f 3905 3971 3965
f 3905 3965 3966
f 3907 3962 3967
f 3907 3967 3963
f 3908 3966 3965
f 3908 3965 3912
f 3909 3918 3973
f 3909 3973 3968
f 3909 3968 3969
f 3909 3969 3910
f 3910 3969 3970
f 3910 3970 3911
f 3911 3970 3974
f 3911 3974 3919
f 3912 3965 3971
f 3912 3971 3913
f 3913 3971 3972
f 3913 3972 3914
f 3914 3972 3915
f 3915 3972 3973
f 3915 3973 3918
f 3915 3918 3916
f 3916 3918 3917
f 3919 3974 3920
f 3920 3974 3921
f 3921 3974 3922
f 3922 3975 3926
f 3922 3974 3975
f 3926 3975 3976
f 3926 3976 3977
f 3926 3977 3927
f 3927 3977 3928
f 3928 3977 3929
f 3929 3978 3979
f 3929 3979 3980
f 3929 3980 3981
f 3929 3981 3930
f 3929 3977 3978
f 3930 3981 3933
f 3931 3932 3982
f 3932 3933 3983
f 3932 3983 3984
f 3932 3984 3985
f 3932 3985 3982
f 3933 3981 3983
f 3934 3986 3936
f 3935 3936 3987
f 3935 3987 3939
f 3936 3986 3988
f 3936 3988 3989
f 3936 3989 3987
f 3937 3990 3941
f 3937 3941 3938
f 3937 3939 3991
f 3937 3991 3990
f 3938 3941 3940
f 3939 3987 3991
f 3941 3943 3942
f 3941 3990 3943
f 3943 3990 3992
f 3943 3992 3944
f 3944 3993 3994
f 3944 3994 3945
f 3944 3992 3993
f 3945 3994 3946
f 3946 3994 3995
f 3946 3995 3947
f 3947 3995 3948
f 3948 3995 3996
f 3949 3997 3998
f 3949 3998 3950
f 3950 3998 3999
f 3950 3999 3954
f 3951 3954 3999
f 3951 3999 4000
f 3951 4000 3952
f 3952 4000 4001
f 3952 4001 4002
f 3952 4002 3955
f 3952 3955 3953
f 3955 3960 3956
f 3955 4002 4003
f 3955 4003 3960
f 3957 4004 4005
f 3957 4005 3958
f 3958 4005 4006
f 3958 4006 3961
f 3960 4003 4004
f 3961 4006 3967
f 3963 3967 4007
f 3963 4007 4008
f 3963 4008 3964
f 3964 4008 3971
f 3967 4006 4009
f 3967 4009 4007
f 3968 3973 3972
f 3968 3972 3977
f 3968 3977 4010
f 3968 4010 3969
f 3969 4010 3976
f 3969 3976 3970
f 3970 3976 3975
f 3970 3975 3974
f 3971 4008 3972
f 3972 4008 3978
f 3972 3978 3977
f 3976 4010 3977
f 3978 4011 3979
f 3978 4008 4011
f 3979 4011 3980
f 3980 4012 3981
f 3980 4011 4008
f 3980 4008 4013
f 3980 4013 4012
f 3981 4012 4014
f 3981 4014 3983
f 3982 3985 4016
f 3982 4016 4015
f 3983 4014 3984
f 3984 4014 4017
f 3984 4017 4018
f 3984 4018 4016
f 3984 4016 3985
f 3987 4019 3991
f 3987 3989 4020
f 3987 4020 4021
f 3987 4021 4019
f 3990 3991 4022
f 3990 4022 3992
f 3991 4019 4022
f 3992 4022 3993
f 3993 4022 4023
f 3993 4023 4024
f 3993 4024 3994
f 3994 4024 3995
f 3995 4024 3996
f 3996 4024 4025
f 3997 4026 4027
f 3997 4027 3998
f 3998 4027 3999
f 3999 4028 4000
f 3999 4027 4028
f 4000 4028 4029
f 4000 4029 4001
f 4001 4030 4031
f 4001 4031 4003
f 4001 4003 4002
f 4001 4029 4030
f 4003 4031 4009
f 4003 4009 4005
f 4003 4005 4004
f 4005 4009 4006
f 4007 4009 4032
f 4007 4032 4012
f 4007 4012 4013
f 4007 4013 4008
f 4009 4031 4030
f 4009 4030 4032
f 4012 4032 4030
f 4012 4030 4014
f 4014 4030 4017
f 4015 4016 4034
f 4015 4034 4033
f 4016 4018 4034
f 4017 4029 4018
f 4017 4030 4029
f 4018 4029 4028
f 4018 4028 4034
f 4019 4023 4022
f 4019 4021 4025
f 4019 4025 4023
f 4023 4025 4024
f 4026 4033 4034
f 4026 4034 4027
f 4027 4034 4028

