# https://github.com/mikedh/trimesh
v 0.00018143 0.28459064 1.00136361
v 0.00018143 0.28459064 1.00129664
v -0.00009735 0.28459064 1.00136361
v 0.00425164 0.28420116 1.00555427
v 0.01579318 0.28375601 1.00659858
v -0.00009735 0.28459064 1.00129664
v 0.01579318 0.28347779 0.99604830
v 0.00425164 0.28397857 0.99709261
v -0.01576485 0.28370035 1.00659858
v -0.00427907 0.28420116 1.00555427
v 0.00525525 0.28236490 1.01713547
v 0.01579318 0.28197542 1.01713547
v 0.02633111 0.28303264 1.00659858
v -0.00427907 0.28397857 0.99709261
v -0.01576485 0.28342212 0.99604830
v 0.01579318 0.28114076 0.98552478
v 0.00525525 0.28147464 0.98552478
v 0.02633111 0.28275442 0.99604830
v -0.02630278 0.28292135 1.00659858
v -0.01576485 0.28191976 1.01713547
v -0.00522692 0.28230927 1.01713547
v -0.00522692 0.27846991 1.02767237
v 0.00525525 0.27846991 1.02767237
v 0.01579318 0.27813605 1.02767237
v 0.02633111 0.28119642 1.01713547
v 0.03686904 0.28186413 1.00659858
v -0.00522692 0.28147464 0.98552478
v -0.01576485 0.28108513 0.98552478
v -0.02630278 0.28264312 0.99604830
v 0.01579318 0.27674495 0.97532262
v 0.02633111 0.28036176 0.98552478
v 0.02633111 0.27635547 0.97595187
v 0.00458618 0.27635547 0.97399713
v -0.00472512 0.27635547 0.97397037
v 0.03686904 0.28158590 0.99604830
v -0.03684071 0.28169720 1.00659858
v -0.02630278 0.28108513 1.01713547
v -0.01576485 0.27802476 1.02767237
v -0.01576485 0.27479747 1.03419264
v -0.00522692 0.27502002 1.03452737
v 0.00525525 0.27502002 1.03455413
v 0.01579318 0.27485310 1.03427296
v 0.02633111 0.27446358 1.03363032
v 0.02633111 0.27730139 1.02767237
v 0.03686904 0.28002791 1.01713547
v 0.04740697 0.28030613 1.00659858
v -0.01576485 0.27668932 0.97536279
v -0.02630278 0.27629980 0.97607237
v -0.02630278 0.28025046 0.98552478
v -0.03684071 0.28141898 0.99604830
v 0.01579318 0.27379588 0.97006086
v 0.00759701 0.27396280 0.96981986
v 0.02633111 0.27340636 0.97067673
v 0.03686904 0.27919327 0.98552478
v 0.03686904 0.27574339 0.97699621
v 0.00057173 0.27401844 0.96969936
v -0.00087793 0.27401844 0.96969936
v -0.00790322 0.27396280 0.96977972
v 0.04740697 0.28002791 0.99604830
v -0.04737864 0.28002791 1.00659858
v -0.04737864 0.27819169 1.01713547
v -0.03684071 0.27980535 1.01713547
v -0.02630278 0.27719010 1.02767237
v -0.02630278 0.27440795 1.03353659
v -0.01576485 0.27123629 1.03945440
v -0.00522692 0.27151451 1.03978910
v 0.00525525 0.27151451 1.03982927
v 0.01579318 0.27129192 1.03953472
v 0.02633111 0.27090244 1.03890546
v 0.03246430 0.27412973 1.03313495
v 0.03636723 0.27591032 1.02830162
v 0.04740697 0.27552080 1.02563728
v 0.04740697 0.27846991 1.01713547
v 0.05794490 0.27830298 1.00659858
v -0.01576485 0.27379588 0.97008765
v -0.02630278 0.27335073 0.97081065
v -0.03684071 0.27563210 0.97717027
v -0.03684071 0.27902632 0.98552478
v -0.04737864 0.27974968 0.99604830
v 0.01579318 0.26934444 0.96443764
v 0.02633111 0.26856541 0.96443764
v 0.00458618 0.27056858 0.96548195
v 0.03686904 0.27279429 0.97172107
v 0.03625572 0.26678485 0.96364771
v 0.04740697 0.27763524 0.98552478
v 0.04740697 0.27496439 0.97846896
v -0.00472512 0.27056858 0.96548195
v -0.01576485 0.26928877 0.96443764
v 0.05794490 0.27802476 0.99604830
v 0.06625258 0.27479747 0.98847030
v -0.05791657 0.27802476 1.00659858
v -0.06661454 0.27485310 1.01492632
v -0.05864140 0.27579902 1.01792540
v -0.06260008 0.27390717 1.02195538
v -0.05557480 0.27463051 1.02376286
v -0.04737864 0.27540954 1.02540966
v -0.03611588 0.27579902 1.02820789
v -0.03210143 0.27407410 1.03305459
v -0.02630278 0.27079114 1.03879834
v -0.02630278 0.26556070 1.04601484
v -0.01576485 0.26600585 1.04652360
v -0.00522692 0.26622841 1.04677801
v 0.00525525 0.26622841 1.04679139
v 0.01579318 0.26606148 1.04656378
v 0.02633111 0.26561633 1.04610858
v 0.03686904 0.26500426 1.04537220
v 0.03636723 0.27079114 1.03727204
v 0.04740697 0.26845414 1.03820923
v 0.03948958 0.27362895 1.03222452
v 0.04740697 0.27301688 1.03091242
v 0.05593767 0.27468617 1.02392353
v 0.06296296 0.27396280 1.02222317
v 0.05883700 0.27596595 1.01808605
v 0.06848283 0.27474180 1.01451127
v 0.07394694 0.27407410 1.01206115
v 0.06848283 0.27591032 1.00659858
v 0.07489479 0.27435232 0.99876620
v -0.02630278 0.26845414 0.96443764
v -0.03611588 0.26667355 0.96370123
v -0.03684071 0.27268303 0.97190851
v -0.04737864 0.27485310 0.97869657
v -0.04737864 0.27735702 0.98552478
v -0.06572244 0.27463051 0.98885856
v -0.05791657 0.27774654 0.99604830
v 0.01579318 0.26428089 0.95830560
v 0.00525525 0.26450348 0.95811816
v 0.02633111 0.26389141 0.95873403
v 0.03235278 0.26355756 0.95906876
v 0.04740697 0.27195966 0.97319382
v 0.04740697 0.26672919 0.96564259
v 0.03937807 0.26305675 0.95961770
v 0.05783338 0.27557647 0.98517670
v 0.05426499 0.27435232 0.97962039
v -0.00522692 0.26444782 0.95813154
v -0.01576485 0.26428089 0.95834577
v -0.02630278 0.26383575 0.95878759
v 0.06926341 0.27540954 0.99557968
v 0.07327786 0.27390717 0.99173715
v 0.06926341 0.27290558 0.98517670
v 0.06129027 0.27362895 0.98144125
v -0.07447617 0.27424102 0.99970340
v -0.07447617 0.27424102 1.00438946
v -0.06945811 0.27529824 1.00737512
v -0.07363983 0.27396280 1.01141848
v -0.06945811 0.27329510 1.01792540
v -0.05864140 0.27223788 1.02743137
v -0.07904818 0.27084681 1.01713547
v -0.08958611 0.26472604 1.02500802
v -0.07954999 0.26628404 1.02840874
v -0.06851025 0.26973392 1.02767237
v -0.04737864 0.27290558 1.03068480
v -0.03912671 0.27357329 1.03207722
v -0.04737864 0.26823155 1.03820923
v -0.03611588 0.27067985 1.03723186
v -0.03684071 0.26489297 1.04523829
v -0.03684071 0.25960688 1.05051343
v -0.02630278 0.25999638 1.05127660
v -0.01576485 0.26033023 1.05178536
v -0.00522692 0.26055281 1.05205315
v 0.00525525 0.26055281 1.05206653
v 0.01579318 0.26038588 1.05183892
v 0.02633111 0.26005203 1.05138372
v 0.03686904 0.25966253 1.05063393
v 0.05465528 0.25331920 1.05427565
v 0.04740697 0.25910609 1.04961642
v 0.04740697 0.26416963 1.04435466
v 0.05337288 0.26361319 1.04368523
v 0.05733158 0.26617278 1.03875817
v 0.06848283 0.26544941 1.03594656
v 0.05883700 0.27234914 1.02752508
v 0.06848283 0.27001214 1.02767237
v 0.07974559 0.26650663 1.02854262
v 0.08955869 0.26494863 1.02539628
v 0.06848283 0.27329510 1.01978641
v 0.07807290 0.27168144 1.01619825
v 0.08955869 0.26784207 1.01713547
v 0.10550497 0.26355756 1.01207453
v 0.08955869 0.26978958 1.00659858
v 0.08002437 0.27279429 1.00659858
v 0.07478328 0.27429666 1.00659858
v 0.08955869 0.26951136 0.99604830
v 0.07868622 0.27284995 0.99557968
v -0.03210143 0.26355756 0.95909553
v -0.03912671 0.26300111 0.95969802
v -0.04737864 0.26656226 0.96577650
v -0.04737864 0.27184836 0.97342144
v -0.05373485 0.27424102 0.97979444
v -0.05752627 0.27535388 0.98541770
v -0.06076013 0.27346202 0.98182950
v -0.06895630 0.27268303 0.98541770
v -0.07904818 0.26995651 0.98552478
v -0.07274773 0.27374025 0.99267434
v -0.06895630 0.27518695 0.99612862
v 0.01579318 0.25888351 0.95303046
v 0.00525525 0.25905045 0.95284302
v -0.00522692 0.25905045 0.95285643
v 0.02733472 0.25738116 0.95249494
v 0.03625572 0.25905045 0.95517267
v 0.03151644 0.25292970 0.94863898
v 0.05783338 0.27129192 0.97565735
v 0.06848283 0.26444782 0.96840068
v 0.05794490 0.26567197 0.96687437
v 0.05794490 0.26133182 0.96159923
v 0.04740697 0.26238904 0.96038087
v 0.04740697 0.25710294 0.95506555
v 0.06848283 0.26845414 0.97498792
v -0.01576485 0.25877223 0.95307063
v -0.02702761 0.25732551 0.95256188
v 0.09797787 0.26467041 0.98730550
v 0.09061805 0.26633970 0.98448047
v 0.07902075 0.27029036 0.98552478
v 0.08777449 0.26467041 0.97810746
v 0.07840744 0.26561633 0.97474692
v -0.07843486 0.27262736 0.99612862
v -0.08958611 0.26912185 0.99604830
v -0.08958611 0.26940007 1.00659858
v -0.07843486 0.27284995 1.00737512
v -0.10519786 0.26339061 1.01085617
v -0.08958611 0.26750822 1.01713547
v -0.06851025 0.26533811 1.03578588
v -0.09544051 0.26372448 1.02289261
v -0.08958611 0.26216647 1.03028316
v -0.08339717 0.26322369 1.03241196
v -0.07637188 0.26428089 1.03416587
v -0.05713598 0.26600585 1.03869123
v -0.05312153 0.26355756 1.04360487
v -0.04737864 0.26405834 1.04423416
v -0.05445968 0.25326356 1.05423550
v -0.04737864 0.25370870 1.05454341
v -0.03684071 0.25432078 1.05482461
v -0.02630278 0.25476592 1.05494511
v -0.01576485 0.25504415 1.05501202
v -0.00522692 0.25526672 1.05505223
v 0.00525525 0.25526672 1.05505223
v 0.01579318 0.25509978 1.05502540
v 0.02633111 0.25482157 1.05497188
v 0.03686904 0.25437643 1.05485138
v 0.04740697 0.25382000 1.05458362
v 0.06168056 0.25226198 1.05375351
v 0.05749885 0.25804887 1.04871937
v 0.04740697 0.24764360 1.05602960
v 0.07902075 0.24419374 1.05486476
v 0.08716116 0.24319216 1.05448988
v 0.06848283 0.25654651 1.04763488
v 0.06039817 0.26283417 1.04262750
v 0.06848283 0.26183260 1.04122170
v 0.07673475 0.26433656 1.03429975
v 0.08376003 0.26333497 1.03262616
v 0.08955869 0.26233339 1.03067142
v 0.09580338 0.26383575 1.02320054
v 0.09965056 0.26455911 1.01619825
v 0.10968669 0.26049717 1.01619825
v 0.12139550 0.25504415 1.01690786
v 0.12724990 0.25331920 1.01323934
v 0.12117248 0.25704729 1.00659858
v 0.11135937 0.26155439 1.00659858
v 0.10611829 0.26378011 1.00659858
v 0.10009661 0.26606148 1.00659858
v 0.10282867 0.26250032 1.01910359
v 0.10622980 0.26383575 0.99879297
v 0.10093295 0.26539378 0.99557968
v 0.10500316 0.26333497 0.99176391
v -0.03104206 0.25287406 0.94867916
v -0.03611588 0.25899481 0.95526637
v -0.04737864 0.25704729 0.95517267
v -0.04737864 0.26227775 0.96050136
v -0.05791657 0.26556070 0.96704843
v -0.06851025 0.26428089 0.96864167
v -0.05752627 0.27112499 0.97576443
v -0.06851025 0.26806463 0.97498792
v -0.07815609 0.26539378 0.97489418
v -0.08735586 0.26450348 0.97834846
v -0.09438115 0.26333497 0.98066470
v -0.09036670 0.26606148 0.98472147
v -0.09761501 0.26450348 0.98769375
v 0.01579318 0.25359743 0.94811681
v 0.02449115 0.25326356 0.94835781
v 0.00525525 0.25376435 0.94798293
v -0.00522692 0.25376435 0.94799631
v -0.01576485 0.25354178 0.94817037
v 0.03686904 0.25242891 0.94898710
v 0.05794490 0.24508401 0.94696539
v 0.04740697 0.24614123 0.94659051
v 0.07450450 0.26372448 0.96940481
v 0.06848283 0.26005203 0.96312554
v 0.06848283 0.25482157 0.95731484
v 0.05794490 0.25604572 0.95608310
v 0.04740697 0.25142734 0.94979041
v -0.02401677 0.25320793 0.94842475
v 0.09479977 0.26344626 0.98027644
v 0.10093295 0.26255597 0.98448047
v 0.08152979 0.26261162 0.97109179
v 0.09061805 0.26172132 0.97474692
v -0.10464030 0.26322369 0.99283501
v -0.10073736 0.26511556 0.99622235
v -0.10581118 0.26366882 0.99986407
v -0.10581118 0.26366882 1.00382711
v -0.10101614 0.26528248 1.00704039
v -0.10302337 0.26255597 1.01713547
v -0.09778228 0.26461475 1.01713547
v -0.10988138 0.26166567 1.00704039
v -0.12119990 0.25665779 1.00659858
v -0.12694279 0.25320793 1.01275738
v -0.11066197 0.25943995 1.01713547
v -0.06851025 0.26172132 1.04104764
v -0.06014682 0.26277854 1.04253380
v -0.11779877 0.25382000 1.02420468
v -0.11049470 0.25532235 1.02769913
v -0.09939921 0.26021895 1.02690920
v -0.10687055 0.25359743 1.03389808
v -0.07954999 0.26071975 1.03790130
v -0.10012404 0.25493285 1.03585282
v -0.08986489 0.25654651 1.03891884
v -0.06851025 0.25649087 1.04754115
v -0.05730325 0.25799323 1.04866581
v -0.06148497 0.25226198 1.05372671
v -0.08685405 0.24308087 1.05444974
v -0.07904818 0.24408244 1.05483800
v -0.05797232 0.24831132 1.05518611
v -0.04737864 0.24764360 1.05597601
v -0.03684071 0.24764360 1.05635089
v -0.02630278 0.24764360 1.05653836
v -0.01576485 0.24764360 1.05664547
v -0.00522692 0.24764360 1.05671238
v 0.00525525 0.24764360 1.05672576
v 0.01579318 0.24764360 1.05667224
v 0.02633111 0.24764360 1.05657850
v 0.03686904 0.24764360 1.05639109
v 0.09418645 0.24202365 1.05387401
v 0.07902075 0.25504415 1.04598808
v 0.06848283 0.23712706 1.05680612
v 0.07902075 0.23712706 1.05639109
v 0.09022776 0.23796171 1.05534675
v 0.10009661 0.23517955 1.05506561
v 0.11063454 0.23295383 1.05453003
v 0.11621017 0.23200789 1.05411501
v 0.08682663 0.25382000 1.04452871
v 0.07974559 0.26083103 1.03796824
v 0.09006049 0.25676909 1.03899917
v 0.10009661 0.25509978 1.03609382
v 0.10712190 0.25370870 1.03407214
v 0.09965056 0.26044153 1.02709664
v 0.11805012 0.25393128 1.02445905
v 0.12507541 0.25226198 1.02026840
v 0.12803049 0.25376435 1.00659858
v 0.13115284 0.25014754 1.01690786
v 0.14224834 0.24430501 1.01622504
v 0.14765668 0.24246879 1.01211471
v 0.13327158 0.25098219 1.00659858
v 0.12769595 0.25359743 0.99604830
v 0.12117248 0.25671344 0.99604830
v 0.11007698 0.26166567 0.99557968
v 0.11063454 0.25888351 0.98552478
v 0.12685961 0.25315228 0.99022422
v -0.03684071 0.25231763 0.94906742
v -0.02630278 0.19506085 0.92269172
v -0.04737864 0.24602996 0.94664407
v -0.05791657 0.24491709 0.94703236
v -0.04737864 0.25126041 0.94989753
v -0.05791657 0.25020319 0.95092845
v -0.05791657 0.25593442 0.95620359
v -0.05791657 0.26122053 0.96177329
v -0.06851025 0.25988510 0.96336653
v -0.07408588 0.26361319 0.96956548
v -0.08111117 0.26250032 0.97131940
v -0.09036670 0.26144310 0.97489418
v -0.10101614 0.25693601 0.97401051
v -0.11066197 0.25476592 0.97710330
v -0.11690667 0.25337485 0.97943295
v -0.10073736 0.26233339 0.98472147
v 0.01512411 0.19628499 0.92269172
v 0.00525525 0.19678579 0.92269172
v 0.02633111 0.19506085 0.92269172
v 0.02175910 0.19556164 0.92269172
v -0.00522692 0.19678579 0.92269172
v -0.01442670 0.19634064 0.92269172
v -0.01515153 0.19628499 0.92269172
v 0.06848283 0.24385987 0.94763482
v 0.04740697 0.19111019 0.92269172
v 0.03608845 0.19361413 0.92269172
v 0.08955869 0.25604572 0.96593715
v 0.08336974 0.25265148 0.95948382
v 0.07634446 0.25370870 0.95838595
v 0.06848283 0.24909032 0.95205309
v 0.05794490 0.25031447 0.95082134
v 0.11715803 0.25354178 0.97917857
v 0.10968669 0.25459900 0.97538956
v 0.10009661 0.25832709 0.97498792
v 0.10009661 0.25409820 0.96826679
v 0.10556073 0.25298535 0.96961904
v -0.10988138 0.26144310 0.99622235
v -0.11066197 0.25849401 0.98552478
v -0.12649674 0.25298535 0.99070622
v -0.12119990 0.25626829 0.99604830
v -0.12727732 0.25337485 0.99604830
v -0.12761185 0.25354178 1.00659858
v -0.13285295 0.25075962 1.00659858
v -0.14729380 0.24224622 1.01001268
v -0.14049154 0.24441631 1.01713547
v -0.13095724 0.24986934 1.01661330
v -0.12482405 0.25215071 1.01978641
v -0.12125565 0.25476592 1.01661330
v -0.08657527 0.25370870 1.04442160
v -0.07904818 0.25493285 1.04584079
v -0.11389583 0.25203941 1.03123373
v -0.13837283 0.24319216 1.02396368
v -0.13162630 0.24502838 1.02755187
v -0.12125565 0.25031447 1.02769913
v -0.12019629 0.24447194 1.03788792
v -0.11049470 0.24914597 1.03772724
v -0.10012404 0.25114912 1.04112799
v -0.09360056 0.25248456 1.04289529
v -0.09387934 0.24180107 1.05379365
v -0.11595881 0.23189661 1.05403465
v -0.11066197 0.23273125 1.05446312
v -0.10012404 0.23490133 1.05502540
v -0.09003216 0.23779477 1.05529323
v -0.07904818 0.23712706 1.05635089
v -0.06851025 0.23712706 1.05680612
v -0.05791657 0.23712706 1.05712747
v -0.04737864 0.23712706 1.05735502
v -0.03684071 0.23712706 1.05751573
v -0.02630278 0.23712706 1.05760946
v -0.01576485 0.23712706 1.05767637
v -0.00522692 0.23712706 1.05771652
v 0.00525525 0.23712706 1.05771652
v 0.01579318 0.23712706 1.05768975
v 0.02633111 0.23712706 1.05763623
v 0.03686904 0.23712706 1.05752911
v 0.04740697 0.23712706 1.05736846
v 0.05794490 0.23712706 1.05712747
v 0.10009661 0.24608560 1.04747421
v 0.07902075 0.22661050 1.05748896
v 0.08955869 0.22661050 1.05714085
v 0.10009661 0.22661050 1.05669900
v 0.11063454 0.22661050 1.05592248
v 0.12028037 0.22633228 1.05491829
v 0.12953592 0.22260420 1.05459700
v 0.13656119 0.22099055 1.05390077
v 0.12981469 0.23373283 1.04551947
v 0.11972281 0.23640369 1.04810346
v 0.11063454 0.24380424 1.04507765
v 0.09390767 0.25259584 1.04304256
v 0.10009661 0.25137169 1.04136896
v 0.11063454 0.24936854 1.03783436
v 0.12033613 0.24475016 1.03802180
v 0.11414719 0.25215071 1.03148811
v 0.11063454 0.25548929 1.02784639
v 0.12139550 0.25059269 1.02784639
v 0.13182190 0.24530659 1.02779287
v 0.13873569 0.24341472 1.02435197
v 0.13299279 0.25081526 0.99604830
v 0.14576097 0.24135593 1.01914377
v 0.15183840 0.23846249 1.01622504
v 0.15975579 0.23300946 1.01713547
v 0.16131696 0.23412233 1.00659858
v 0.15334383 0.23935278 1.00659858
v 0.14810274 0.24274702 1.00659858
v 0.14224834 0.24608560 1.00659858
v 0.14815850 0.24274702 0.99872603
v 0.12089369 0.25448770 0.98623439
v 0.12418331 0.25181684 0.98320855
v 0.14732215 0.24224622 0.99169697
v 0.14012959 0.24413809 0.98552478
v 0.13087406 0.24947982 0.98623439
v -0.06851025 0.24369294 0.94772855
v -0.03600436 0.19344720 0.92269172
v -0.03717525 0.19322463 0.92269172
v -0.04737864 0.19077633 0.92269172
v -0.07508949 0.24280265 0.94831766
v -0.06851025 0.24897904 0.95218697
v -0.06851025 0.25465465 0.95746214
v -0.07598159 0.25359743 0.95847965
v -0.08300687 0.25254020 0.95961770
v -0.08958611 0.25582315 0.96617814
v -0.09811681 0.25420950 0.96807936
v -0.10514210 0.25287406 0.96984666
v -0.11066197 0.25159426 0.97182816
v -0.12069809 0.24909032 0.97555023
v -0.12660826 0.24246879 0.96959228
v -0.13078997 0.24397116 0.97571088
v -0.13753648 0.24269137 0.97971412
v -0.12393195 0.25164991 0.98369054
v -0.12069809 0.25426513 0.98652895
v 0.05794490 0.18821675 0.92269172
v 0.07545236 0.24291394 0.94825072
v 0.08955869 0.23512390 0.94683151
v 0.08955869 0.25153863 0.96066201
v 0.08955869 0.24630818 0.95549398
v 0.07941105 0.24775490 0.95375345
v 0.13789936 0.24291394 0.97933921
v 0.13098557 0.24430501 0.97549667
v 0.12089369 0.24942419 0.97538956
v 0.11258601 0.25142734 0.97214951
v 0.10009661 0.24953547 0.96300504
v 0.12702688 0.24269137 0.96935128
v 0.12117248 0.24408244 0.96769107
v 0.10951942 0.24714282 0.96498657
v 0.10650858 0.24291394 0.95866709
v -0.13067845 0.24914597 0.98652895
v -0.13954369 0.24385987 0.98552478
v -0.14684777 0.24196800 0.99341071
v -0.14294482 0.24480581 0.99657047
v -0.13251841 0.25053704 0.99604830
v -0.14773986 0.24252444 1.00043977
v -0.14773986 0.24252444 1.00298362
v -0.14316786 0.24491709 1.00653163
v -0.14573263 0.24130030 1.01713547
v -0.15186583 0.23951971 1.00653163
v -0.16067532 0.23367718 1.00659858
v -0.15961595 0.23289818 1.01516732
v -0.15381730 0.23584727 1.01805928
v -0.10012404 0.24591866 1.04730015
v -0.09019943 0.24781053 1.04910763
v -0.12800216 0.24324779 1.03415246
v -0.13502744 0.24130030 1.03099274
v -0.15794326 0.23178531 1.02219638
v -0.15041617 0.23373283 1.02767237
v -0.14205273 0.23901893 1.02755187
v -0.11595881 0.24241315 1.04352455
v -0.12298410 0.24057693 1.04118152
v -0.11066197 0.24363729 1.04486342
v -0.11947145 0.23623677 1.04792944
v -0.12945182 0.23356590 1.04531865
v -0.13608681 0.22054540 1.05372671
v -0.14846470 0.21136429 1.05436938
v -0.12900576 0.22249292 1.05458362
v -0.12014053 0.22622100 1.05485138
v -0.11066197 0.22661050 1.05581537
v -0.10012404 0.22661050 1.05663209
v -0.08958611 0.22661050 1.05710070
v -0.07904818 0.22661050 1.05747552
v -0.06851025 0.22661050 1.05777011
v -0.05791657 0.22661050 1.05798434
v -0.04737864 0.22661050 1.05813160
v -0.03684071 0.22661050 1.05822534
v -0.02630278 0.22661050 1.05829224
v -0.01576485 0.22661050 1.05833245
v -0.00522692 0.22661050 1.05835922
v 0.00525525 0.22661050 1.05834583
v 0.02633111 0.22661050 1.05829224
v 0.03686904 0.22661050 1.05822534
v 0.04740697 0.22661050 1.05813160
v 0.05794490 0.22661050 1.05797096
v 0.06848283 0.22661050 1.05775672
v 0.08955869 0.21603832 1.05797096
v 0.10009661 0.21603832 1.05767637
v 0.11063454 0.21603832 1.05726135
v 0.12117248 0.21603832 1.05669900
v 0.14224834 0.20552176 1.05645800
v 0.13249100 0.21687296 1.05544049
v 0.14224834 0.21375695 1.05491829
v 0.14877182 0.21158686 1.05444974
v 0.15579710 0.20886035 1.05289664
v 0.14224834 0.21904303 1.05229415
v 0.14944088 0.22260420 1.04480986
v 0.14224834 0.22482993 1.04701901
v 0.13683998 0.23178531 1.04337726
v 0.12323545 0.24079950 1.04139575
v 0.11621017 0.24252444 1.04365843
v 0.12836502 0.24341472 1.03438008
v 0.13539032 0.24152287 1.03138103
v 0.14224834 0.23946406 1.02779287
v 0.15228446 0.23378847 1.02686902
v 0.15836190 0.23206353 1.02282567
v 0.14319619 0.24513966 0.99555292
v 0.16505264 0.22928137 1.01713547
v 0.16109395 0.23395540 0.99604830
v 0.16655805 0.23039424 1.00659858
v 0.15211718 0.23974228 0.99555292
v 0.14542644 0.24113335 0.98552478
v 0.15970003 0.23295383 0.98789457
v 0.15362260 0.23573597 0.98484197
v -0.05250821 0.18938525 0.92269172
v -0.05791657 0.18788289 0.92269172
v -0.08958611 0.23484569 0.94693862
v -0.07904818 0.24769925 0.95386056
v -0.09806106 0.23323203 0.94775532
v -0.08211477 0.24152287 0.94924148
v -0.08958611 0.24608560 0.95568142
v -0.08958611 0.25137169 0.96091639
v -0.10101614 0.24998062 0.96451796
v -0.11004865 0.24575174 0.96421002
v -0.12119990 0.24385987 0.96801242
v -0.12705431 0.23223046 0.95885453
v -0.13034392 0.23634805 0.96522757
v -0.13959945 0.23345461 0.96789192
v -0.14668050 0.23128453 0.97050271
v -0.13363353 0.24046565 0.97268506
v -0.12119990 0.23901893 0.96275066
v -0.14210848 0.23701577 0.97510841
v -0.15013739 0.23356590 0.97751835
v -0.15716268 0.23122889 0.98168224
v -0.14478478 0.24074385 0.98552478
v 0.06814829 0.18482251 0.92269172
v 0.08247764 0.24168980 0.94912098
v 0.10009661 0.23312075 0.94783567
v 0.07902075 0.18042670 0.92269172
v 0.10009661 0.24424937 0.95738178
v 0.08955869 0.24041000 0.95021885
v 0.15769282 0.23161839 0.98086555
v 0.15066753 0.23384411 0.97710330
v 0.14252711 0.23729399 0.97470674
v 0.13405217 0.24074385 0.97231015
v 0.14709912 0.23161839 0.97008765
v 0.14007385 0.23373283 0.96762413
v 0.13455396 0.23044989 0.96059507
v 0.12752869 0.23245303 0.95862695
v 0.12117248 0.23935278 0.96241593
v 0.11353387 0.24124465 0.96034069
v 0.12117248 0.23406668 0.95711402
v 0.10957517 0.23662627 0.95430238
v 0.10561648 0.23195224 0.94854525
v 0.10009661 0.23835121 0.95210664
v -0.15922564 0.23267561 0.98871130
v -0.16039653 0.23351025 0.99604830
v -0.15186583 0.23924149 0.99657047
v -0.16591641 0.22994909 1.00659858
v -0.17294168 0.22466299 1.00659858
v -0.17149201 0.22355014 1.01713547
v -0.16318435 0.22939267 1.01805928
v -0.14796289 0.23211918 1.03333577
v -0.14227575 0.23384411 1.03561183
v -0.13647711 0.23156274 1.04313629
v -0.15571300 0.23022731 1.02767237
v -0.16976357 0.22221470 1.02403065
v -0.16351888 0.22477428 1.02759202
v -0.14227575 0.22449606 1.04669766
v -0.14227575 0.21859789 1.05197280
v -0.15231187 0.20524354 1.05510576
v -0.14227575 0.21331180 1.05483800
v -0.15548998 0.20863777 1.05261546
v -0.16692001 0.19862201 1.05321796
v -0.15989473 0.20157110 1.05459700
v -0.13223964 0.21665039 1.05540028
v -0.12119990 0.21603832 1.05665886
v -0.11066197 0.21603832 1.05722120
v -0.10012404 0.21603832 1.05764961
v -0.08958611 0.21603832 1.05795751
v -0.07904818 0.21603832 1.05819851
v -0.06851025 0.21603832 1.05837260
v -0.05791657 0.21603832 1.05850648
v -0.04737864 0.21603832 1.05861360
v -0.02630278 0.21603832 1.05874748
v -0.01576485 0.21603832 1.05877424
v -0.00522692 0.21603832 1.05877424
v 0.00525525 0.21603832 1.05876086
v 0.03686904 0.21603832 1.05868050
v 0.04740697 0.21603832 1.05860021
v 0.05794490 0.21603832 1.05849310
v 0.06848283 0.21603832 1.05835922
v 0.07902075 0.21603832 1.05818513
v 0.10009661 0.20552176 1.05830563
v 0.11063454 0.20552176 1.05803787
v 0.12117248 0.20552176 1.05767637
v 0.13171041 0.20552176 1.05718099
v 0.15250748 0.20541048 1.05519949
v 0.15278627 0.19494957 1.05684626
v 0.16031334 0.20184932 1.05463714
v 0.16733863 0.19906716 1.05351251
v 0.16432780 0.20618948 1.04969674
v 0.16126120 0.21314487 1.04586758
v 0.15261898 0.21587137 1.04885325
v 0.15646617 0.22021155 1.04218568
v 0.15239597 0.22633228 1.03792809
v 0.14224834 0.23011602 1.04131540
v 0.14838151 0.23239738 1.03367047
v 0.14224834 0.23423360 1.03604029
v 0.13260250 0.23762784 1.03887867
v 0.15540680 0.23006037 1.02984131
v 0.16750590 0.22048975 1.03158185
v 0.17018221 0.22249292 1.02455279
v 0.17213368 0.22399528 1.01713547
v 0.16633502 0.23022731 0.99604830
v 0.17358335 0.22510814 1.00659858
v 0.17146459 0.22349449 0.98552478
v 0.16326843 0.22922572 0.98484197
v -0.05942198 0.18738210 0.92269172
v -0.06800844 0.18443301 0.92269172
v -0.07704096 0.18070492 0.92269172
v -0.07904818 0.17987028 0.92269172
v -0.08958611 0.24013178 0.95040628
v -0.08217053 0.17847920 0.92269172
v -0.11066197 0.22499686 0.94681812
v -0.11896964 0.22288242 0.94767500
v -0.10508635 0.23167403 0.94873272
v -0.10012404 0.24402681 0.95762278
v -0.10608995 0.24274702 0.95885453
v -0.11311524 0.24107772 0.96054151
v -0.13106875 0.22666615 0.95598936
v -0.13993400 0.22316064 0.95754246
v -0.13407959 0.23017167 0.96086286
v -0.12119990 0.23373283 0.95743534
v -0.12198048 0.22649922 0.95155771
v -0.14327937 0.22722258 0.96371465
v -0.15281369 0.22399528 0.96684758
v -0.15889111 0.22193647 0.96902993
v -0.15331549 0.22939267 0.97439881
v -0.16279404 0.22366142 0.97565735
v -0.16915027 0.22171390 0.97962039
v -0.16301708 0.22861365 0.98532396
v -0.15331549 0.23523519 0.98532396
v 0.10974244 0.22661050 0.94704574
v 0.08967020 0.17541882 0.92269172
v 0.15362260 0.22994909 0.97415781
v 0.16956889 0.22204777 0.97909822
v 0.16304541 0.22427349 0.97534941
v 0.14369799 0.22750080 0.96346024
v 0.15930975 0.22221470 0.96872199
v 0.15278627 0.22444042 0.96643252
v 0.14732215 0.22115748 0.95929638
v 0.14029686 0.22338320 0.95732823
v 0.12652507 0.22132440 0.94861222
v 0.12117248 0.22794595 0.95185227
v 0.13053952 0.22588714 0.95446306
v 0.11264177 0.23011602 0.94995109
v 0.12117248 0.22265984 0.94782226
v -0.17076720 0.22299370 0.98552478
v -0.17271867 0.22449606 0.99604830
v -0.16569338 0.22972652 0.99604830
v -0.17823853 0.22054540 1.00659858
v -0.17678887 0.21943253 1.01713547
v -0.16006199 0.22277112 1.03483531
v -0.15203310 0.22605408 1.03759336
v -0.14227575 0.22978217 1.04087358
v -0.14907801 0.22232599 1.04455548
v -0.16708728 0.22015590 1.03105968
v -0.18102634 0.21242151 1.02512852
v -0.17416833 0.21626089 1.02810080
v -0.15225611 0.21564882 1.04858546
v -0.15281369 0.19494957 1.05673915
v -0.14227575 0.20552176 1.05633751
v -0.16340736 0.19506085 1.05533337
v -0.16084258 0.21292230 1.04558641
v -0.16390918 0.20591126 1.04940218
v -0.17204958 0.20318474 1.04618890
v -0.17500467 0.19589549 1.04985738
v -0.17795975 0.18849497 1.05351251
v -0.17093447 0.19161098 1.05466391
v -0.13173782 0.20552176 1.05712747
v -0.12119990 0.20552176 1.05764961
v -0.11066197 0.20552176 1.05803787
v -0.10012404 0.20552176 1.05830563
v -0.08958611 0.20552176 1.05849310
v -0.07904818 0.20552176 1.05865374
v -0.06851025 0.20552176 1.05876086
v -0.05791657 0.20552176 1.05884121
v -0.03684071 0.20552176 1.05896171
v -0.02630278 0.20552176 1.05900185
v -0.01576485 0.20552176 1.05901524
v -0.00522692 0.20552176 1.05901524
v 0.02633111 0.20552176 1.05897509
v 0.03686904 0.20552176 1.05894833
v 0.04740697 0.20552176 1.05889474
v 0.05794490 0.20552176 1.05882783
v 0.06848283 0.20552176 1.05873409
v 0.07902075 0.20552176 1.05862698
v 0.08955869 0.20552176 1.05849310
v 0.11063454 0.19494957 1.05853324
v 0.12117248 0.19494957 1.05830563
v 0.13171041 0.19494957 1.05798434
v 0.14224834 0.19494957 1.05751573
v 0.16365873 0.19533907 1.05540028
v 0.15278627 0.18443301 1.05771652
v 0.16332419 0.18443301 1.05699352
v 0.17152035 0.19205613 1.05470412
v 0.17854565 0.18910704 1.05380707
v 0.17458695 0.19533907 1.05166486
v 0.17386212 0.20290654 1.04596128
v 0.16828649 0.21052964 1.04317644
v 0.16438356 0.21681731 1.03915984
v 0.16048062 0.22304934 1.03515663
v 0.17191065 0.21342308 1.03614738
v 0.17893594 0.21064093 1.03270648
v 0.17458695 0.21659474 1.02862294
v 0.18150073 0.21275536 1.02567745
v 0.17737477 0.21993333 1.01713547
v 0.17336031 0.22494121 0.99604830
v 0.17882442 0.22104620 1.00659858
v 0.17865715 0.22087925 0.99604830
v 0.17670569 0.21937690 0.98552478
v -0.10096038 0.23690449 0.95166483
v -0.08997640 0.17475110 0.92269172
v -0.09822833 0.17018837 0.92269172
v -0.13173782 0.21403515 0.94703236
v -0.13870735 0.21192071 0.94792937
v -0.12599493 0.22104620 0.94881304
v -0.11066197 0.23028294 0.94984397
v -0.11004865 0.23740527 0.95573498
v -0.13173782 0.21932126 0.95017867
v -0.14283331 0.21642781 0.95355263
v -0.14695929 0.22093490 0.95953738
v -0.15889111 0.21136429 0.95865371
v -0.16240376 0.21531495 0.96509366
v -0.17043265 0.21225458 0.96817306
v -0.16591641 0.21926561 0.97260471
v -0.15281369 0.21882046 0.96157244
v -0.17327623 0.21559317 0.97561717
v -0.18041303 0.21186508 0.97864302
v -0.17606404 0.21882046 0.98552478
v 0.09078532 0.17486240 0.92269172
v 0.16633502 0.21959948 0.97208257
v 0.18088741 0.21225458 0.97808070
v 0.17375061 0.21592702 0.97508162
v 0.17090703 0.21258843 0.96781156
v 0.16282239 0.21564882 0.96475896
v 0.15278627 0.21926561 0.96115738
v 0.14319619 0.21665039 0.95332501
v 0.15930975 0.21169814 0.95837254
v 0.15278627 0.21403515 0.95645797
v 0.13355037 0.21909868 0.95029917
v 0.14609551 0.20975064 0.94932180
v 0.13907022 0.21208765 0.94784905
v 0.13070679 0.21576009 0.94727335
v 0.10009661 0.16968759 0.92269172
v 0.09329435 0.17347132 0.92269172
v -0.17795975 0.22037848 0.99604830
v -0.18983583 0.21091914 1.00057368
v -0.18983583 0.21091914 1.00267568
v -0.18537533 0.21448030 1.00634420
v -0.18950129 0.21058529 1.00970474
v -0.18303357 0.21414645 1.01713547
v -0.15610330 0.21993333 1.04186437
v -0.17154778 0.21314487 1.03582606
v -0.16396494 0.21653909 1.03885190
v -0.17857307 0.21025142 1.03215758
v -0.18833040 0.20952807 1.01713547
v -0.19184305 0.20229446 1.02567745
v -0.18950129 0.20006873 1.03270648
v -0.15281369 0.18443301 1.05763623
v -0.14227575 0.19494957 1.05743537
v -0.16335162 0.18443301 1.05689985
v -0.17422408 0.18476686 1.05538690
v -0.16786787 0.21019579 1.04285512
v -0.17907486 0.20018002 1.04341743
v -0.18442747 0.19238998 1.04582740
v -0.18476202 0.18476686 1.05138372
v -0.18849767 0.17792276 1.05352589
v -0.18147239 0.18148392 1.05466391
v -0.13173782 0.19494957 1.05794413
v -0.12119990 0.19494957 1.05829224
v -0.11066197 0.19494957 1.05854662
v -0.10012404 0.19494957 1.05872071
v -0.08958611 0.19494957 1.05884121
v -0.07904818 0.19494957 1.05893495
v -0.06851025 0.19494957 1.05901524
v -0.02630278 0.19494957 1.05914912
v -0.04737864 0.19494957 1.05909559
v -0.01576485 0.19494957 1.05916250
v -0.00522692 0.19494957 1.05916250
v 0.01579318 0.19494957 1.05914912
v 0.02633111 0.19494957 1.05913573
v 0.04740697 0.19494957 1.05908221
v 0.06848283 0.19494957 1.05897509
v 0.07902075 0.19494957 1.05890812
v 0.08955869 0.19494957 1.05881445
v 0.10009661 0.19494957 1.05870733
v 0.12117248 0.18443301 1.05869395
v 0.13171041 0.18443301 1.05849310
v 0.14224834 0.18443301 1.05818513
v 0.17458695 0.18510073 1.05545387
v 0.15278627 0.17386082 1.05829224
v 0.16332419 0.17386082 1.05778349
v 0.17386212 0.17386082 1.05702035
v 0.18211405 0.18204037 1.05470412
v 0.18913933 0.17859048 1.05383383
v 0.18512488 0.18510073 1.05195941
v 0.18356370 0.19422620 1.04593452
v 0.17949350 0.20056952 1.04377893
v 0.18356370 0.20257267 1.03729880
v 0.18991991 0.20045823 1.03318847
v 0.18479034 0.20802570 1.02858277
v 0.19175987 0.20223882 1.02767237
v 0.18852601 0.20969499 1.01945171
v 0.18479034 0.21397952 1.01641248
v 0.18991991 0.21097479 1.01242265
v 0.18440004 0.21637217 1.00659858
v 0.19025446 0.21130864 0.99825741
v 0.18540366 0.21498109 0.99527175
v 0.18958538 0.21069657 0.99122836
v 0.18300614 0.21409080 0.98552478
v -0.10012404 0.16907552 0.92269172
v -0.10268882 0.16751750 0.92269172
v -0.10988138 0.16295477 0.92269172
v -0.15047193 0.20240574 0.94750094
v -0.15749720 0.19973488 0.94893354
v -0.14573263 0.20941677 0.94956279
v -0.11004865 0.16284349 0.92269172
v -0.15281369 0.21359001 0.95684623
v -0.15348275 0.20574433 0.95115607
v -0.16279404 0.20524354 0.95628392
v -0.17020963 0.20157110 0.95810478
v -0.16591641 0.20858212 0.96114400
v -0.17383377 0.20546611 0.96441084
v -0.18147239 0.20229446 0.96766430
v -0.17745794 0.20930549 0.97161396
v -0.18442747 0.20552176 0.97488080
v -0.19128549 0.20173802 0.97816102
v -0.18760557 0.20891599 0.98552478
v -0.18236449 0.21353437 0.98552478
v -0.18916674 0.21030707 0.99354462
v 0.17793233 0.20975064 0.97106502
v 0.18824723 0.20947242 0.98552478
v 0.19170411 0.20212752 0.97761209
v 0.18490186 0.20591126 0.97434525
v 0.16633502 0.20902727 0.96079589
v 0.18189101 0.20268396 0.96731619
v 0.17430816 0.20585561 0.96404935
v 0.17068401 0.20196060 0.95775666
v 0.16226483 0.20463146 0.95455679
v 0.15813886 0.20029130 0.94859881
v 0.15278627 0.20741363 0.95118283
v 0.11046727 0.16312169 0.92269172
v 0.11030000 0.16323299 0.92269172
v 0.15278627 0.20212752 0.94768838
v -0.18515230 0.21431337 0.99666417
v -0.19992771 0.19990180 0.99259402
v -0.20054102 0.20051388 0.99962308
v -0.20054102 0.20051388 1.00441622
v -0.19502116 0.20557741 1.00705377
v -0.20020649 0.20018002 1.01144528
v -0.17528346 0.20669026 1.03962845
v -0.18247600 0.20324039 1.03638837
v -0.19390603 0.20424196 1.01713547
v -0.19920288 0.19917844 1.01713547
v -0.20226947 0.19183356 1.02569083
v -0.19596901 0.19595114 1.02919867
v -0.20009498 0.18955219 1.03271989
v -0.18983583 0.18983039 1.04359149
v -0.18537533 0.19806558 1.03922678
v -0.16335162 0.17386082 1.05768975
v -0.15281369 0.17386082 1.05822534
v -0.14227575 0.18443301 1.05811822
v -0.17388954 0.17386082 1.05691323
v -0.18476202 0.17419468 1.05538690
v -0.19240061 0.18443301 1.04582740
v -0.19596901 0.17502932 1.04989756
v -0.19870106 0.16701672 1.05329828
v -0.20160039 0.16000568 1.05459700
v -0.19167579 0.17091174 1.05465053
v -0.13173782 0.18443301 1.05845295
v -0.12119990 0.18443301 1.05869395
v -0.11066197 0.18443301 1.05885459
v -0.10012404 0.18443301 1.05896171
v -0.08958611 0.18443301 1.05904200
v -0.07904818 0.18443301 1.05910897
v -0.06851025 0.18443301 1.05916250
v -0.03684071 0.18443301 1.05924285
v -0.05791657 0.18443301 1.05920271
v 0.02633111 0.18443301 1.05924285
v 0.03686904 0.18443301 1.05922947
v 0.05794490 0.18443301 1.05917594
v 0.07902075 0.18443301 1.05908221
v 0.08955869 0.18443301 1.05902862
v 0.10009661 0.18443301 1.05894833
v 0.11063454 0.18443301 1.05882783
v 0.13171041 0.17386082 1.05881445
v 0.14224834 0.17386082 1.05861360
v 0.18512488 0.17458418 1.05545387
v 0.15278627 0.16334427 1.05865374
v 0.16332419 0.16334427 1.05830563
v 0.17386212 0.16334427 1.05778349
v 0.18440004 0.16334427 1.05700697
v 0.19215016 0.17157946 1.05470412
v 0.20190750 0.16045083 1.05463714
v 0.19917546 0.16746185 1.05357945
v 0.19538403 0.17458418 1.05175859
v 0.20062512 0.17959206 1.04385925
v 0.19421315 0.18365401 1.04598808
v 0.19019870 0.19021989 1.04396637
v 0.18651878 0.19723094 1.04021753
v 0.19359983 0.19361413 1.03670973
v 0.20045785 0.18994169 1.03321527
v 0.19705672 0.19706401 1.02767237
v 0.19928696 0.19928973 1.01993370
v 0.19460345 0.20513226 1.01618487
v 0.20062512 0.20062517 1.01290464
v 0.19555129 0.20630076 1.00659858
v 0.19031021 0.21130864 1.00659858
v 0.20101540 0.20101467 1.00659858
v 0.20079238 0.20079210 0.99604830
v 0.19426890 0.20696848 0.99527175
v 0.20029058 0.20029130 0.99065266
v 0.19510524 0.20346296 0.98648877
v -0.11629335 0.15839203 0.92269172
v -0.12181322 0.15427444 0.92269172
v -0.16335162 0.19211176 0.94751432
v -0.16887148 0.18994169 0.94849172
v -0.16335162 0.19739786 0.95068746
v -0.17305320 0.19422620 0.95443629
v -0.18102634 0.19149969 0.95779684
v -0.17723490 0.19851073 0.96064863
v -0.18476202 0.19528342 0.96407614
v -0.19206608 0.19205613 0.96751701
v -0.18849767 0.19906716 0.97113196
v -0.19323696 0.20362989 0.98552478
v -0.19518842 0.19517214 0.97462642
v -0.20176767 0.19127711 0.97812085
v -0.19853381 0.19856636 0.98552478
v 0.18891630 0.19951230 0.97059641
v 0.19872940 0.19873330 0.98362360
v 0.20218629 0.19166661 0.97759871
v 0.19560704 0.19561727 0.97409087
v 0.17770929 0.19895586 0.96028713
v 0.18523639 0.19572857 0.96371465
v 0.16516415 0.19734222 0.95072760
v 0.18150073 0.19188919 0.95747552
v 0.17352758 0.19461570 0.95410156
v 0.16929011 0.19033119 0.94826411
v 0.16232057 0.19428185 0.94752773
v 0.12262214 0.15416315 0.92269172
v -0.20366338 0.19328028 0.98552478
v -0.20896021 0.18771595 0.98552478
v -0.21035413 0.18921832 0.99337057
v -0.20544756 0.19489392 0.99650350
v -0.21091168 0.18988604 1.00039962
v -0.21091168 0.18988604 1.00274262
v -0.21057716 0.18944089 1.00977168
v -0.20951778 0.18832803 1.01713547
v -0.21241710 0.18103878 1.02518205
v -0.21029837 0.17859048 1.03221110
v -0.20327307 0.18248550 1.03645531
v -0.20026225 0.17914691 1.04348437
v -0.17388954 0.16334427 1.05767637
v -0.16335162 0.16334427 1.05823872
v -0.15281369 0.16334427 1.05860021
v -0.14227575 0.17386082 1.05856001
v -0.18442747 0.16334427 1.05688647
v -0.19513268 0.16345556 1.05531999
v -0.20321732 0.17213588 1.04626922
v -0.20594938 0.16401199 1.04946912
v -0.20862568 0.15560987 1.05266902
v -0.21146924 0.14859884 1.05442291
v -0.20528030 0.15238258 1.05513252
v -0.13173782 0.17386082 1.05878762
v -0.12119990 0.17386082 1.05894833
v -0.11066197 0.17386082 1.05904200
v -0.12119990 0.16334427 1.05910897
v -0.11066197 0.16334427 1.05917594
v -0.05791657 0.17386082 1.05928300
v -0.03684071 0.17386082 1.05929644
v 0.00525525 0.17386082 1.05929644
v 0.03686904 0.17386082 1.05928300
v 0.04740697 0.17386082 1.05926961
v 0.07902075 0.17386082 1.05918932
v 0.11063454 0.16334427 1.05916250
v 0.08955869 0.17386082 1.05914912
v 0.12117248 0.16334427 1.05910897
v 0.13171041 0.16334427 1.05901524
v 0.12117248 0.17386082 1.05893495
v 0.14224834 0.16334427 1.05888136
v 0.19538403 0.16367813 1.05540028
v 0.16332419 0.15282772 1.05862698
v 0.15278627 0.15282772 1.05888136
v 0.17386212 0.15282772 1.05827886
v 0.18440004 0.15282772 1.05770313
v 0.19499374 0.15282772 1.05684626
v 0.20547591 0.15260515 1.05522626
v 0.21172062 0.14898834 1.05448988
v 0.20893280 0.15599937 1.05303052
v 0.20631225 0.16445713 1.04979044
v 0.20307839 0.17386082 1.04605502
v 0.21066124 0.16846344 1.04336387
v 0.20882128 0.17491804 1.03920002
v 0.21071699 0.17909128 1.03285377
v 0.20268809 0.18365401 1.03732560
v 0.19722397 0.18660310 1.04024433
v 0.20809645 0.18476686 1.02867650
v 0.20224206 0.19177791 1.02767237
v 0.20971339 0.18849497 1.01939815
v 0.20514136 0.19461570 1.01615810
v 0.21094003 0.18988604 1.01236909
v 0.20631225 0.19550600 1.00659858
v 0.21127456 0.19027554 0.99816371
v 0.20698132 0.19422620 0.99521819
v 0.21071699 0.18960782 0.99114803
v 0.20352444 0.19511650 0.98648877
v -0.12811367 0.14898834 0.92269172
v -0.17299744 0.18365401 0.94755450
v -0.13285295 0.14492639 0.92269172
v -0.17957669 0.17959206 0.94838460
v -0.17589677 0.18660310 0.95076778
v -0.18381416 0.18382094 0.95427562
v -0.19150852 0.18103878 0.95778346
v -0.18805163 0.18810545 0.96048795
v -0.19529993 0.18476686 0.96408952
v -0.20226947 0.18148392 0.96769107
v -0.19909135 0.18849497 0.97109179
v -0.21191530 0.18048235 0.97862963
v 0.19950999 0.18894010 0.97056965
v 0.19248470 0.19250126 0.96714213
v 0.20954611 0.18832803 0.98552478
v 0.21227817 0.18092750 0.97800035
v 0.20597771 0.18493381 0.97427831
v 0.18852601 0.18855060 0.96011307
v 0.18423278 0.18421044 0.95396768
v 0.17631539 0.18693695 0.95044646
v 0.19192714 0.18148392 0.95748890
v 0.17324879 0.18382094 0.94728674
v 0.13399640 0.14442561 0.92269172
v 0.17993956 0.17992593 0.94822393
v 0.12451784 0.15254950 0.92269172
v -0.21358798 0.18242987 0.98552478
v -0.21882907 0.17614219 0.98552478
v -0.22039024 0.17803406 0.99604830
v -0.21431281 0.18521201 0.99655705
v -0.22055752 0.17825663 1.00659858
v -0.21448009 0.18532331 1.00638434
v -0.21938663 0.17680991 1.01713547
v -0.21414553 0.18304194 1.01713547
v -0.22228596 0.16985451 1.02409756
v -0.21632004 0.17419468 1.02815436
v -0.22022297 0.16718365 1.03112662
v -0.21319768 0.17157946 1.03589300
v -0.20678573 0.17536319 1.03968201
v -0.21024260 0.16796265 1.04290868
v -0.18442747 0.15282772 1.05760946
v -0.17388954 0.15282772 1.05819851
v -0.17388954 0.14225552 1.05856001
v -0.16335162 0.15282772 1.05858683
v -0.15281369 0.15282772 1.05885459
v -0.14227575 0.16334427 1.05884121
v -0.19496541 0.15282772 1.05672576
v -0.21297467 0.16095162 1.04563996
v -0.21576247 0.15238258 1.04866581
v -0.21347647 0.14225552 1.05490490
v -0.21877331 0.14225552 1.05209329
v -0.22072479 0.13624607 1.05379365
v -0.23198755 0.11615889 1.05411501
v -0.22262049 0.12923503 1.05462376
v -0.20550332 0.14225552 1.05640448
v -0.13173782 0.16334427 1.05900185
v -0.13173782 0.15282772 1.05914912
v -0.12119990 0.15282772 1.05921609
v -0.06851025 0.16334427 1.05929644
v -0.05791657 0.16334427 1.05930982
v -0.12119990 0.14225552 1.05926961
v -0.02630278 0.16334427 1.05932320
v 0.03686904 0.16334427 1.05930982
v -0.00522692 0.16334427 1.05932320
v 0.04740697 0.16334427 1.05929644
v 0.13171041 0.13173897 1.05925623
v 0.13171041 0.14225552 1.05921609
v 0.11063454 0.15282772 1.05921609
v 0.12117248 0.15282772 1.05918932
v 0.13171041 0.15282772 1.05913573
v 0.14224834 0.15282772 1.05904200
v 0.20553167 0.14225552 1.05653836
v 0.17386212 0.14225552 1.05860021
v 0.15278627 0.14225552 1.05904200
v 0.16332419 0.14225552 1.05885459
v 0.18440004 0.13173897 1.05850648
v 0.18440004 0.14225552 1.05818513
v 0.19499374 0.13173897 1.05802448
v 0.19499374 0.14225552 1.05754249
v 0.20553167 0.13173897 1.05724797
v 0.21556778 0.14125395 1.05479779
v 0.22136644 0.13702507 1.05403465
v 0.21874589 0.14409174 1.05207991
v 0.21606960 0.15288336 1.04904069
v 0.21333754 0.16145240 1.04600146
v 0.22036283 0.15672274 1.04235974
v 0.21696170 0.16451278 1.03934728
v 0.21356055 0.17208023 1.03633482
v 0.22058585 0.16762880 1.03167558
v 0.21668292 0.17463982 1.02875682
v 0.21277997 0.18148392 1.02582471
v 0.21991677 0.17742198 1.01713547
v 0.21400661 0.18476686 1.01638569
v 0.21127456 0.19027554 1.00659858
v 0.22103191 0.17875741 1.00849976
v 0.22131067 0.17914691 1.00124311
v 0.22075311 0.17847920 0.99421406
v 0.21411812 0.18304194 0.98552478
v 0.21941497 0.17675426 0.98552478
v -0.18364689 0.17302618 0.94754112
v -0.13458138 0.14331274 0.92269172
v -0.19000309 0.16890857 0.94846493
v -0.18660196 0.17597526 0.95075440
v -0.19424057 0.17308181 0.95439612
v -0.20160039 0.17024401 0.95805122
v -0.19853381 0.17725504 0.96066201
v -0.20544756 0.17380518 0.96442422
v -0.21224983 0.17041094 0.96818644
v -0.20929475 0.17742198 0.97160058
v -0.21559521 0.17330438 0.97557700
v -0.22178414 0.16918679 0.97954006
v 0.20982489 0.17803406 0.97097129
v 0.20274386 0.18192907 0.96728943
v 0.19571856 0.18521201 0.96370123
v 0.22209127 0.16963194 0.97901789
v 0.21601384 0.17380518 0.97498792
v 0.19895242 0.17770019 0.96026037
v 0.18696483 0.17619784 0.95045984
v 0.19460345 0.17347132 0.95410156
v 0.20201902 0.17068916 0.95775666
v 0.18384248 0.17319310 0.94732688
v 0.14208108 0.13641299 0.92269172
v 0.19019870 0.16918679 0.94833105
v -0.22306655 0.17085609 0.98552478
v -0.22451620 0.17274796 0.99604830
v -0.22473923 0.17297053 1.00659858
v -0.22362410 0.17157946 1.01713547
v -0.23182028 0.15805816 1.02237043
v -0.22490650 0.16351119 1.02764557
v -0.23037061 0.15583244 1.02767237
v -0.22284352 0.16017260 1.03491563
v -0.21659883 0.16406763 1.03891884
v -0.21999995 0.15622194 1.04194469
v -0.19496541 0.14225552 1.05743537
v -0.19496541 0.13173897 1.05794413
v -0.18442747 0.14225552 1.05810484
v -0.18442747 0.13173897 1.05846633
v -0.17388954 0.13173897 1.05878762
v -0.16335162 0.14225552 1.05884121
v -0.15281369 0.14225552 1.05904200
v -0.14227575 0.15282772 1.05902862
v -0.20550332 0.13173897 1.05716761
v -0.22245323 0.14921092 1.04464921
v -0.21676608 0.13235105 1.05546725
v -0.22468348 0.14225552 1.04681815
v -0.23366024 0.12968018 1.04542573
v -0.23633654 0.11972005 1.04804993
v -0.24252546 0.11621454 1.04365843
v -0.24380787 0.11065022 1.04506424
v -0.24202366 0.09423550 1.05388739
v -0.24319456 0.08722447 1.05448988
v -0.23293539 0.11065022 1.05454341
v -0.22630040 0.12027649 1.05494511
v -0.21604126 0.12116677 1.05676597
v -0.14227575 0.14225552 1.05916250
v -0.13173782 0.14225552 1.05922947
v -0.14227575 0.08956148 1.05933659
v -0.05791657 0.15282772 1.05932320
v -0.13173782 0.13173897 1.05926961
v -0.15281369 0.10007803 1.05929644
v -0.05791657 0.07904493 1.05939011
v 0.03686904 0.15282772 1.05932320
v -0.02630278 0.07904493 1.05939011
v 0.04740697 0.10007803 1.05936335
v 0.14224834 0.07904493 1.05930982
v 0.15278627 0.07904493 1.05929644
v 0.15278627 0.11065022 1.05925623
v 0.14224834 0.13173897 1.05921609
v 0.14224834 0.14225552 1.05916250
v 0.21606960 0.12116677 1.05684626
v 0.21606960 0.13173897 1.05588227
v 0.17386212 0.13173897 1.05881445
v 0.18440004 0.12116677 1.05873409
v 0.15278627 0.13173897 1.05914912
v 0.16332419 0.13173897 1.05900185
v 0.19499374 0.11065022 1.05862698
v 0.19499374 0.12116677 1.05837260
v 0.20553167 0.11065022 1.05817175
v 0.20553167 0.12116677 1.05778349
v 0.21606960 0.11065022 1.05739523
v 0.22644024 0.12061035 1.05506561
v 0.22248156 0.13173897 1.05450326
v 0.23223890 0.11671533 1.05426227
v 0.23352129 0.13173897 1.04531865
v 0.23201587 0.13724764 1.04364505
v 0.22560390 0.14064187 1.04786246
v 0.22281610 0.14971169 1.04505085
v 0.22984140 0.14425868 1.04090038
v 0.22649601 0.15266078 1.03811553
v 0.22315063 0.16061775 1.03534406
v 0.23017593 0.15560987 1.03002875
v 0.23218316 0.15850331 1.02299969
v 0.22253731 0.17018837 1.02464652
v 0.22409849 0.17213588 1.01713547
v 0.22131067 0.17914691 1.00147070
v 0.22933957 0.16523613 1.01713547
v 0.23045470 0.16668285 1.00659858
v 0.22443304 0.17469547 1.00562121
v 0.23424612 0.16145240 1.00659858
v 0.23028743 0.16646028 0.99604830
v 0.22426576 0.17452854 0.99705243
v 0.23307525 0.15978310 0.98765358
v 0.22354093 0.17146816 0.98552478
v -0.19228910 0.16334427 0.94748756
v -0.13893038 0.13897258 0.92269172
v -0.14327937 0.13452112 0.92269172
v -0.14489630 0.13279618 0.92269172
v -0.19987195 0.15761303 0.94885322
v -0.19753018 0.16334427 0.95059372
v -0.20528030 0.16278784 0.95621698
v -0.21141350 0.15889281 0.95865371
v -0.20862568 0.16590385 0.96115738
v -0.21531643 0.16245397 0.96508028
v -0.22195142 0.15894846 0.96898979
v -0.21927512 0.16601513 0.97252439
v -0.22379137 0.16284349 0.97561717
v -0.23137422 0.15733481 0.98145463
v -0.22875368 0.16306605 0.98519008
v 0.21969374 0.16646028 0.97198884
v 0.21266847 0.17096738 0.96775801
v 0.20592195 0.17436160 0.96400920
v 0.23168133 0.15783561 0.98062455
v 0.22437727 0.16312169 0.97529585
v 0.20904431 0.16646028 0.96072895
v 0.19800458 0.16334427 0.95020546
v 0.21177637 0.15944925 0.95830560
v 0.20553167 0.16312169 0.95569481
v 0.19270773 0.16334427 0.94735368
v 0.14447858 0.13396470 0.92269172
v 0.20023482 0.15805816 0.94863898
v -0.23271237 0.15933796 0.98848369
v -0.22981305 0.16579256 0.99604830
v -0.22998032 0.16607078 1.00659858
v -0.23299115 0.15967183 1.01534138
v -0.22947852 0.16323299 1.01816640
v -0.23594624 0.15382930 1.01816640
v -0.24141034 0.14587233 1.01713547
v -0.24325030 0.13847179 1.02409756
v -0.23918010 0.14208859 1.02763219
v -0.23382749 0.15054634 1.02767237
v -0.23221056 0.14809805 1.03344288
v -0.22613313 0.15216000 1.03770048
v -0.20550332 0.12116677 1.05770313
v -0.20550332 0.11065022 1.05807801
v -0.19496541 0.12116677 1.05829224
v -0.19496541 0.11065022 1.05853324
v -0.18442747 0.12116677 1.05869395
v -0.18442747 0.11065022 1.05885459
v -0.17388954 0.12116677 1.05894833
v -0.16335162 0.13173897 1.05901524
v -0.15281369 0.13173897 1.05914912
v -0.21604126 0.11065022 1.05732826
v -0.22992456 0.14225552 1.04107440
v -0.23170876 0.13669121 1.04327017
v -0.22657919 0.11065022 1.05594925
v -0.24068551 0.12322558 1.04128864
v -0.24464421 0.12033213 1.03795486
v -0.24932773 0.11059459 1.03780759
v -0.25133496 0.10007803 1.04132881
v -0.24603811 0.10007803 1.04746082
v -0.25256159 0.09390165 1.04302917
v -0.25384399 0.08689061 1.04456886
v -0.25512639 0.07904493 1.04605502
v -0.24949499 0.07904493 1.05133016
v -0.25228282 0.06162863 1.05375351
v -0.24419815 0.07904493 1.05487814
v -0.23711712 0.07904493 1.05643124
v -0.23795347 0.09028484 1.05536014
v -0.23516565 0.10007803 1.05507899
v -0.25328642 0.05456195 1.05426227
v -0.22657919 0.10007803 1.05672576
v -0.14227575 0.13173897 1.05922947
v -0.13173782 0.07904493 1.05934997
v -0.15281369 0.07904493 1.05932320
v -0.17388954 -0.01577096 1.05933659
v -0.16335162 -0.01577096 1.05934997
v -0.14227575 0.12116677 1.05926961
v -0.15281369 0.11065022 1.05925623
v -0.16335162 0.10007803 1.05924285
v -0.16335162 0.07904493 1.05929644
v -0.03684071 0.02629524 1.05941694
v -0.02630278 0.03686744 1.05941694
v 0.03686904 -0.05794845 1.05947047
v 0.05794490 0.08956148 1.05936335
v 0.15278627 0.06847273 1.05930982
v 0.16332419 0.06847273 1.05929644
v 0.17386212 0.05795618 1.05928300
v 0.17386212 0.07904493 1.05922947
v 0.17386212 0.08956148 1.05920271
v 0.15278627 0.12116677 1.05921609
v 0.22660751 0.10007803 1.05681950
v 0.22660751 0.11065022 1.05612327
v 0.17386212 0.12116677 1.05896171
v 0.18440004 0.11065022 1.05889474
v 0.17386212 0.10007803 1.05914912
v 0.17386212 0.11065022 1.05906883
v 0.19499374 0.10007803 1.05878762
v 0.20553167 0.08956148 1.05862698
v 0.20553167 0.10007803 1.05842612
v 0.21606960 0.08956148 1.05813160
v 0.21606960 0.10007803 1.05782363
v 0.22660751 0.08956148 1.05728811
v 0.23329826 0.11065022 1.05467729
v 0.24249805 0.09507015 1.05407480
v 0.24417074 0.11065022 1.04550608
v 0.23658789 0.12022084 1.04835787
v 0.24277683 0.11671533 1.04392622
v 0.24099264 0.12372636 1.04165013
v 0.23909692 0.13196154 1.03816909
v 0.23402310 0.14136523 1.03771386
v 0.23251767 0.14859884 1.03387132
v 0.23402310 0.15238258 1.02697614
v 0.23318676 0.15995003 1.01713547
v 0.24350168 0.13891693 1.02457955
v 0.24143868 0.14598361 1.01942494
v 0.23865086 0.15188178 1.01639910
v 0.24255381 0.14781984 1.01239589
v 0.23948722 0.15355108 1.00659858
v 0.24283258 0.14826497 0.99824403
v 0.23402310 0.16117419 0.99604830
v 0.22933957 0.16328862 0.98469471
v 0.24233078 0.14743033 0.99121497
v 0.23591880 0.15371800 0.98469471
v -0.20243674 0.15060199 0.94751432
v -0.14896650 0.12806652 0.92269172
v -0.15331549 0.12289172 0.92269172
v -0.15420759 0.12177886 0.92269172
v -0.21185954 0.13869436 0.94796955
v -0.20946202 0.14570540 0.94953603
v -0.20578211 0.15360672 0.95110251
v -0.21358798 0.15282772 0.95683285
v -0.22094780 0.14692955 0.95953738
v -0.21882907 0.15282772 0.96153229
v -0.22407016 0.15282772 0.96680743
v -0.23137422 0.14676262 0.97035541
v -0.22959002 0.15343980 0.97431848
v -0.23366024 0.15032378 0.97738447
v -0.24280425 0.13769279 0.97956683
v -0.24085278 0.14498203 0.98552478
v -0.23538868 0.15343980 0.98519008
v 0.22231429 0.15944925 0.96861488
v 0.21573505 0.16295477 0.96466522
v 0.23017593 0.15371800 0.97403731
v 0.24127141 0.14570540 0.98552478
v 0.24305562 0.13813793 0.97908483
v 0.23396735 0.15082456 0.97692927
v 0.21941497 0.15282772 0.96099674
v 0.22131067 0.14748598 0.95918926
v 0.21417388 0.15282772 0.95636424
v 0.20597771 0.15382930 0.95060710
v 0.20279961 0.15104714 0.94739385
v 0.15423593 0.12272478 0.92269172
v 0.14648581 0.13168333 0.92269172
v 0.20982489 0.14620618 0.94925486
v 0.21216665 0.13919515 0.94779549
v -0.24202366 0.14692955 0.99307601
v -0.23360448 0.16050647 0.99604830
v -0.23377175 0.16078468 1.00659858
v -0.24230245 0.14737470 1.01058841
v -0.24453270 0.14064187 1.01713547
v -0.25217130 0.12489487 1.01983997
v -0.25384399 0.11782819 1.02431179
v -0.25044286 0.12127806 1.02776607
v -0.24509025 0.13168333 1.02763219
v -0.24135460 0.13518885 1.03112662
v -0.24330604 0.12817781 1.03427296
v -0.23399475 0.14225552 1.03579930
v -0.21604126 0.10007803 1.05772996
v -0.20550332 0.10007803 1.05834583
v -0.21604126 0.08956148 1.05803787
v -0.20550332 0.08956148 1.05854662
v -0.19496541 0.10007803 1.05872071
v -0.19496541 0.08956148 1.05885459
v -0.18442747 0.10007803 1.05897509
v -0.17388954 0.11065022 1.05905544
v -0.16335162 0.12116677 1.05912235
v -0.16335162 0.11065022 1.05918932
v -0.15281369 0.12116677 1.05921609
v -0.22657919 0.08956148 1.05719438
v -0.25211554 0.11404446 1.03134085
v -0.25367671 0.10703342 1.03403196
v -0.25507062 0.10007803 1.03605367
v -0.25674332 0.09006227 1.03899917
v -0.26092503 0.07976829 1.03800841
v -0.26192865 0.06847273 1.04132881
v -0.26293226 0.06068270 1.04270786
v -0.25668756 0.06847273 1.04767503
v -0.25808146 0.05762233 1.04874613
v -0.24832413 0.05801183 1.05521287
v -0.24765503 0.04738399 1.05600277
v -0.23711712 0.06847273 1.05685964
v -0.25964263 0.03686744 1.05070087
v -0.26008868 0.02629524 1.05146404
v -0.25378822 0.04738399 1.05455679
v -0.26427040 0.04738399 1.04442160
v -0.26505101 0.03686744 1.04542573
v -0.16335162 0.06847273 1.05930982
v -0.17388954 0.05795618 1.05928300
v -0.18442747 0.01577869 1.05926961
v -0.18442747 -0.00525441 1.05928300
v -0.18442747 -0.01577096 1.05928300
v -0.17388954 -0.02634315 1.05932320
v -0.16335162 -0.02634315 1.05934997
v -0.14227575 -0.02634315 1.05936335
v -0.18442747 0.07904493 1.05913573
v -0.17388954 0.07904493 1.05922947
v -0.17388954 0.06847273 1.05926961
v 0.02633111 -0.12115904 1.05934997
v 0.03686904 -0.13173124 1.05932320
v 0.04740697 -0.14224779 1.05929644
v 0.08955869 -0.14224779 1.05926961
v 0.13171041 -0.13173124 1.05925623
v 0.14224834 -0.10012594 1.05928300
v 0.15278627 -0.07903719 1.05929644
v 0.15278627 -0.01577096 1.05933659
v -0.14227575 -0.04737626 1.05936335
v -0.13173782 -0.05794845 1.05936335
v -0.04737864 -0.10012594 1.05939011
v -0.01576485 -0.11064249 1.05937673
v 0.17386212 0.01577869 1.05929644
v 0.18440004 0.00526214 1.05926961
v 0.19499374 -0.00525441 1.05922947
v 0.19499374 0.02629524 1.05918932
v 0.18440004 0.06847273 1.05920271
v 0.18440004 0.07904493 1.05916250
v 0.23714545 0.07904493 1.05652498
v 0.23714545 0.08956148 1.05582875
v 0.18440004 0.10007803 1.05900185
v 0.19499374 0.08956148 1.05892150
v 0.18440004 0.08956148 1.05909559
v 0.20553167 0.07904493 1.05876086
v 0.21606960 0.06847273 1.05853324
v 0.21606960 0.07904493 1.05835922
v 0.22660751 0.06847273 1.05794413
v 0.22660751 0.07904493 1.05764961
v 0.23714545 0.06847273 1.05694000
v 0.24567616 0.09918774 1.04904069
v 0.24316712 0.08956148 1.05444974
v 0.25281297 0.06290842 1.05398109
v 0.25554501 0.07904493 1.04649684
v 0.25409534 0.08755832 1.04487680
v 0.25286871 0.09456936 1.04336387
v 0.25169783 0.10007803 1.04181081
v 0.24974635 0.11087280 1.03799503
v 0.24506285 0.12061035 1.03816909
v 0.24355742 0.12862296 1.03462107
v 0.24166171 0.13568964 1.03160861
v 0.23971023 0.14236681 1.02792675
v 0.24556464 0.13196154 1.02792675
v 0.25242265 0.12545130 1.02077719
v 0.25041545 0.13129382 1.01721579
v 0.24444951 0.14236681 1.01639910
v 0.25348203 0.12751010 1.01376151
v 0.25119603 0.13374212 1.00659858
v 0.24640099 0.14225552 1.00659858
v 0.24288834 0.14826497 1.00659858
v 0.25102875 0.13346390 0.99604830
v 0.24539738 0.14325709 0.99525837
v 0.23987751 0.15221564 0.99525837
v 0.24439377 0.14041930 0.98552478
v 0.25331476 0.12712059 0.98975561
v -0.15838930 0.11621454 0.92269172
v -0.16284981 0.10992686 0.92269172
v -0.21403403 0.13173897 0.94708588
v -0.22295503 0.11899669 0.94766161
v -0.22100356 0.12600773 0.94879966
v -0.21927512 0.13173897 0.95016529
v -0.21637580 0.14281196 0.95353925
v -0.22317806 0.13991851 0.95754246
v -0.23020335 0.13418727 0.96082268
v -0.22724826 0.14336839 0.96368785
v -0.23349296 0.13975158 0.96785174
v -0.24252546 0.12673109 0.96953872
v -0.24051825 0.13374212 0.97253777
v -0.23711712 0.14225552 0.97496112
v -0.24408663 0.13084868 0.97563055
v -0.25339795 0.11693790 0.97939277
v -0.25172525 0.12394894 0.98363698
v -0.24927197 0.13073740 0.98650215
v -0.24397514 0.13969593 0.98552478
v 0.23173710 0.14731905 0.96990022
v 0.22460031 0.15282772 0.96625850
v 0.24461679 0.13112690 0.97533600
v 0.24082536 0.13429855 0.97206916
v 0.23742423 0.14275631 0.97449251
v 0.24980211 0.13107126 0.98595322
v 0.25203237 0.12461665 0.98273993
v 0.25376081 0.11760562 0.97885722
v 0.22761113 0.14392481 0.96333974
v 0.23056622 0.13474370 0.96044781
v 0.22354093 0.14047495 0.95726129
v 0.21673867 0.14336839 0.95325807
v 0.16332419 0.11048330 0.92269172
v 0.15540680 0.12116677 0.92269172
v 0.21919194 0.13363083 0.95023223
v 0.22136644 0.12656416 0.94858542
v 0.21584657 0.13073740 0.94723318
v 0.16990342 0.10007803 0.92269172
v 0.22276034 0.12116677 0.94779549
v -0.25300764 0.12656416 0.99066604
v -0.24486724 0.14297889 0.99638300
v -0.24258123 0.14781984 1.00010507
v -0.23934737 0.15193743 0.99638300
v -0.24258123 0.14781984 1.00355935
v -0.23962615 0.15193743 1.00687975
v -0.24497874 0.14320146 1.00687975
v -0.25077740 0.13290748 1.00659858
v -0.25323067 0.12700930 1.01281091
v -0.24994106 0.13101561 1.01665348
v -0.25484759 0.12127806 1.01665348
v -0.25953113 0.11065022 1.01713547
v -0.25540515 0.11059459 1.02776607
v -0.26382435 0.09568223 1.02309343
v -0.22657919 0.07904493 1.05755587
v -0.21604126 0.07904493 1.05825210
v -0.22657919 0.06847273 1.05782363
v -0.20550332 0.07904493 1.05868050
v -0.21604126 0.06847273 1.05839936
v -0.19496541 0.07904493 1.05894833
v -0.17388954 0.10007803 1.05913573
v -0.26031171 0.09957724 1.02702970
v -0.26231893 0.08956148 1.03060448
v -0.26332255 0.08383024 1.03265295
v -0.26438192 0.07676356 1.03436670
v -0.26549702 0.06847273 1.03606706
v -0.26365708 0.05361602 1.04373875
v -0.26622187 0.05745540 1.03879834
v -0.25434579 0.03686744 1.05482461
v -0.24765503 0.03686744 1.05637771
v -0.23711712 0.05795618 1.05716761
v -0.26572006 0.02629524 1.04618890
v -0.26047898 0.01577869 1.05197280
v -0.26850789 0.04738399 1.03820923
v -0.27084964 0.03642229 1.03729880
v -0.27096115 0.02629524 1.03897240
v -0.18442747 0.03686744 1.05924285
v -0.19496541 0.00526214 1.05918932
v -0.19496541 -0.00525441 1.05918932
v -0.18442747 -0.02634315 1.05926961
v -0.17388954 -0.03685971 1.05930982
v -0.15281369 -0.07903719 1.05930982
v -0.14227575 -0.07903719 1.05933659
v -0.14227575 -0.06846500 1.05934997
v -0.19496541 0.06847273 1.05902862
v -0.19496541 0.05795618 1.05906883
v -0.18442747 0.06847273 1.05917594
v -0.18442747 0.05795618 1.05920271
v -0.01576485 -0.16333654 1.05926961
v 0.06848283 -0.15281998 1.05925623
v 0.08955869 -0.15281998 1.05924285
v 0.11063454 -0.15281998 1.05921609
v 0.13171041 -0.14224779 1.05921609
v 0.14224834 -0.13173124 1.05922947
v 0.14224834 -0.12115904 1.05925623
v 0.15278627 -0.10012594 1.05926961
v 0.17386212 -0.05794845 1.05926961
v 0.16332419 -0.02634315 1.05930982
v 0.17386212 -0.01577096 1.05929644
v -0.12119990 -0.13173124 1.05928300
v -0.05791657 -0.12115904 1.05934997
v -0.05791657 -0.14224779 1.05930982
v 0.18440004 -0.01577096 1.05926961
v 0.19499374 -0.02634315 1.05920271
v 0.20553167 -0.00525441 1.05910897
v 0.20553167 0.00526214 1.05910897
v 0.20553167 0.01577869 1.05909559
v 0.19499374 0.05795618 1.05912235
v 0.19499374 0.06847273 1.05908221
v 0.19499374 0.07904493 1.05901524
v 0.24768338 0.04738399 1.05616348
v 0.24863125 0.05884647 1.05530661
v 0.24456102 0.07904493 1.05493173
v 0.20553167 0.06847273 1.05886797
v 0.21606960 0.05795618 1.05864036
v 0.22660751 0.04738399 1.05826548
v 0.22660751 0.05795618 1.05813160
v 0.23714545 0.04738399 1.05747552
v 0.23714545 0.05795618 1.05724797
v 0.25348203 0.05589739 1.05439615
v 0.25933643 0.04738399 1.05016532
v 0.26463328 0.04738399 1.04490359
v 0.26390843 0.05484017 1.04406010
v 0.25705043 0.06847273 1.04804993
v 0.26318362 0.06185121 1.04306935
v 0.26234727 0.06847273 1.04186437
v 0.26078609 0.07904493 1.03962845
v 0.25822131 0.08956148 1.03820923
v 0.25543351 0.10007803 1.03653567
v 0.25387234 0.10753421 1.03433993
v 0.25236690 0.11460089 1.03184961
v 0.25086148 0.12161192 1.02807401
v 0.25415110 0.11844027 1.02482055
v 0.26268180 0.10341662 1.01966591
v 0.26084185 0.10987123 1.01654636
v 0.25532198 0.12161192 1.01721579
v 0.26368540 0.10586492 1.01263688
v 0.25760799 0.12116677 1.00659858
v 0.25398383 0.12845603 1.00659858
v 0.25387234 0.12817781 0.99604830
v 0.25727346 0.12116677 0.99604830
v 0.26351816 0.10547542 0.99069284
v 0.25487593 0.12111113 0.98595322
v -0.16747758 0.10263762 0.92269172
v -0.17009812 0.09818617 0.92269172
v -0.22512952 0.11065022 0.94681812
v -0.23321417 0.09824181 0.94772855
v -0.23182028 0.10530848 0.94866575
v -0.17472588 0.08995099 0.92269172
v -0.23042635 0.11065022 0.94975023
v -0.22652343 0.12200142 0.95149077
v -0.22663495 0.13112690 0.95596260
v -0.23226632 0.12717624 0.95878759
v -0.23639228 0.13045918 0.96518739
v -0.24391938 0.12116677 0.96791868
v -0.25289613 0.10530848 0.96976630
v -0.25166950 0.11065022 0.97173446
v -0.24921623 0.12072163 0.97552344
v -0.23912434 0.12116677 0.96265692
v -0.25479185 0.11065022 0.97700960
v -0.26332255 0.09440243 0.98066470
v -0.25852751 0.11065022 0.98552478
v -0.25429005 0.12072163 0.98650215
v 0.24283258 0.12723188 0.96919061
v 0.23380008 0.14030801 0.96747686
v 0.25158632 0.11298724 0.97182816
v 0.26022853 0.10964865 0.98651556
v 0.26229152 0.10230376 0.98367716
v 0.26362968 0.09523708 0.97995509
v 0.25498744 0.10992686 0.97520212
v 0.23257343 0.12773266 0.95851983
v 0.23669941 0.13101561 0.96481251
v 0.22599421 0.13068175 0.95438273
v 0.22805719 0.12116677 0.95170497
v 0.23023167 0.11282031 0.94985735
v 0.23207163 0.10580928 0.94847831
v 0.17503299 0.09106385 0.92269172
v 0.22666327 0.10987123 0.94703236
v -0.25061013 0.13257363 0.99604830
v -0.26321102 0.10469641 0.99259402
v -0.26148258 0.10992686 0.99608847
v -0.25635302 0.12116677 0.99604830
v -0.25339795 0.12728752 0.99604830
v -0.25356520 0.12762138 1.00659858
v -0.25668756 0.12116677 1.00659858
v -0.26343405 0.10525284 1.01132478
v -0.26265348 0.10330534 1.01713547
v -0.26466070 0.09801923 1.01713547
v -0.26767154 0.08956148 1.01713547
v -0.27163023 0.07804336 1.01613131
v -0.27330293 0.06847273 1.01970609
v -0.26488374 0.08956148 1.02534272
v -0.22657919 0.05795618 1.05802448
v -0.23711712 0.04738399 1.05739523
v -0.20550332 0.06847273 1.05877424
v -0.21604126 0.05795618 1.05853324
v -0.20550332 0.05795618 1.05885459
v -0.26650067 0.07976829 1.02855600
v -0.27006906 0.06847273 1.02767237
v -0.27235505 0.05884647 1.02752508
v -0.27302414 0.04738399 1.03091242
v -0.25484759 0.02629524 1.05495849
v -0.24765503 0.02629524 1.05659188
v -0.26611036 0.01577869 1.04669766
v -0.27140720 0.01577869 1.03964183
v -0.26070200 0.00526214 1.05222717
v -0.26633339 0.00526214 1.04696545
v -0.27363747 0.03964960 1.03223790
v -0.27413925 0.03258292 1.03317509
v -0.27447380 0.02629524 1.03371064
v -0.19496541 0.01577869 1.05917594
v -0.20550332 0.00526214 1.05905544
v -0.20550332 -0.01577096 1.05905544
v -0.20550332 -0.02634315 1.05904200
v -0.19496541 -0.02634315 1.05916250
v -0.19496541 -0.03685971 1.05914912
v -0.18442747 -0.04737626 1.05922947
v -0.16335162 -0.10012594 1.05922947
v -0.15281369 -0.08955374 1.05929644
v -0.13173782 -0.13173124 1.05926961
v -0.20550332 0.04738399 1.05890812
v -0.20550332 0.02629524 1.05900185
v -0.06851025 -0.15281998 1.05928300
v -0.05791657 -0.16333654 1.05925623
v -0.01576485 -0.17390873 1.05922947
v -0.00522692 -0.17390873 1.05922947
v 0.06848283 -0.16333654 1.05921609
v 0.08955869 -0.16333654 1.05918932
v 0.07902075 -0.17390873 1.05913573
v 0.08955869 -0.17390873 1.05910897
v 0.13171041 -0.15281998 1.05913573
v 0.14224834 -0.14224779 1.05916250
v 0.15278627 -0.13173124 1.05916250
v 0.15278627 -0.12115904 1.05921609
v 0.16332419 -0.10012594 1.05922947
v 0.18440004 -0.05794845 1.05921609
v -0.11066197 -0.14224779 1.05926961
v -0.07904818 -0.14224779 1.05929644
v -0.06851025 -0.13173124 1.05932320
v 0.19499374 -0.04737626 1.05914912
v 0.20553167 -0.02634315 1.05908221
v 0.21606960 -0.00525441 1.05889474
v 0.21606960 0.00526214 1.05889474
v 0.20553167 0.04738399 1.05898847
v 0.21606960 0.01577869 1.05888136
v 0.20553167 0.05795618 1.05894833
v 0.24768338 0.03686744 1.05644462
v 0.25459717 0.03686744 1.05486476
v 0.25403959 0.04738399 1.05469073
v 0.21606960 0.04738399 1.05872071
v 0.22660751 0.03686744 1.05837260
v 0.23714545 0.02629524 1.05777011
v 0.23714545 0.03686744 1.05763623
v 0.24768338 0.02629524 1.05664547
v 0.26039580 0.02629524 1.05190586
v 0.25989400 0.03686744 1.05115610
v 0.26541389 0.03686744 1.04589434
v 0.27126827 0.03742387 1.03751304
v 0.26926103 0.04738399 1.03820923
v 0.26664050 0.05817876 1.03901255
v 0.26585991 0.06847273 1.03658923
v 0.26441024 0.07904493 1.03436670
v 0.26357390 0.08449796 1.03306798
v 0.26229152 0.09156463 1.03068480
v 0.26078609 0.09996675 1.02736440
v 0.25587954 0.11087280 1.02807401
v 0.26407570 0.09640559 1.02365574
v 0.26491206 0.09996675 1.01654636
v 0.26848047 0.08956148 1.01713547
v 0.27037618 0.08956148 1.00659858
v 0.26658476 0.10007803 1.00659858
v 0.26401994 0.10664392 1.00659858
v 0.26178970 0.11193002 1.00659858
v 0.26167820 0.11159616 0.99604830
v 0.26390843 0.10636570 0.99604830
v 0.26625021 0.10007803 0.99604830
v 0.27004164 0.08956148 0.99604830
v 0.27411182 0.07398141 0.99058572
v 0.26753259 0.08956148 0.98552478
v 0.26441024 0.09929903 0.98651556
v -0.17851731 0.08216094 0.92269172
v -0.23488687 0.08956148 0.94692524
v -0.24280425 0.07503862 0.94833105
v -0.24152185 0.08204966 0.94925486
v -0.18080330 0.07709742 0.92269172
v -0.24012795 0.08956148 0.95044646
v -0.23689409 0.10113525 0.95162465
v -0.24403089 0.10007803 0.95762278
v -0.24274850 0.10619878 0.95882777
v -0.23739589 0.11009380 0.95564128
v -0.23382749 0.12116677 0.95734164
v -0.24113157 0.11320981 0.96047457
v -0.24581508 0.11009380 0.96416985
v -0.24999682 0.10107961 0.96451796
v -0.25423429 0.09824181 0.96807936
v -0.26248621 0.08115937 0.97129264
v -0.26148258 0.09034049 0.97488080
v -0.25696632 0.10107961 0.97395699
v -0.26231893 0.10074575 0.98472147
v -0.26454919 0.08739140 0.97832170
v -0.26995755 0.07904493 0.98552478
v -0.26611036 0.09034049 0.98472147
v -0.26454919 0.09768537 0.98769375
v 0.24433801 0.12116677 0.96746345
v 0.23954296 0.12116677 0.96218831
v 0.25320324 0.10597620 0.96939143
v 0.27143554 0.07809900 0.98644862
v 0.26457752 0.08956148 0.97820120
v 0.26156670 0.08956148 0.97292606
v 0.25967097 0.09929903 0.97585817
v 0.24138292 0.11376624 0.96020681
v 0.23424612 0.12116677 0.95696673
v 0.23675515 0.10981558 0.95422206
v 0.23318676 0.10007803 0.94776873
v 0.24299985 0.10675521 0.95857339
v 0.23848359 0.10007803 0.95198615
v 0.24049082 0.08956148 0.95008497
v 0.24182898 0.08282866 0.94901386
v 0.18083165 0.07904493 0.92269172
v -0.26371282 0.10592056 0.99962308
v -0.26917695 0.08956148 0.99604830
v -0.26516249 0.10074575 0.99608847
v -0.26371282 0.10592056 1.00429572
v -0.26176138 0.10992686 1.00732157
v -0.26532976 0.10107961 1.00732157
v -0.26956725 0.08956148 1.00659858
v -0.27402773 0.07381447 1.01195404
v -0.27397198 0.06296406 1.02223655
v -0.27469683 0.06847273 1.01444433
v -0.22657919 0.04738399 1.05815836
v -0.23711712 0.03686744 1.05756925
v -0.21604126 0.04738399 1.05862698
v -0.22657919 0.03686744 1.05826548
v -0.21604126 0.03686744 1.05869395
v -0.21604126 0.02629524 1.05876086
v -0.27469683 0.05595303 1.02392353
v -0.27547740 0.04738399 1.02563728
v -0.25523789 0.01577869 1.05505223
v -0.24765503 0.01577869 1.05673915
v -0.27163023 0.00526214 1.03997653
v -0.27491984 0.01577869 1.03436670
v -0.26075776 -0.00525441 1.05226735
v -0.25546092 0.00526214 1.05510576
v -0.26638914 -0.00525441 1.04700559
v -0.27592344 0.03642229 1.02830162
v -0.27742887 0.02629524 1.02767237
v -0.27820946 0.01577869 1.02767237
v -0.21604126 0.00526214 1.05884121
v -0.21604126 -0.00525441 1.05885459
v -0.21604126 -0.01577096 1.05885459
v -0.20550332 -0.03685971 1.05902862
v -0.21604126 -0.02634315 1.05884121
v -0.19496541 -0.05794845 1.05909559
v -0.18442747 -0.06846500 1.05916250
v -0.15281369 -0.10012594 1.05926961
v -0.16335162 -0.11064249 1.05918932
v -0.14227575 -0.13173124 1.05921609
v -0.13173782 -0.14224779 1.05920271
v -0.12119990 -0.15281998 1.05917594
v -0.12119990 -0.14224779 1.05924285
v -0.06851025 -0.16333654 1.05924285
v -0.07904818 -0.15281998 1.05926961
v -0.05791657 -0.17390873 1.05920271
v -0.01576485 -0.18442528 1.05917594
v 0.02633111 -0.18442528 1.05914912
v 0.04740697 -0.18442528 1.05912235
v 0.12117248 -0.16333654 1.05908221
v 0.07902075 -0.18442528 1.05904200
v 0.13171041 -0.16333654 1.05900185
v 0.14224834 -0.15281998 1.05904200
v 0.15278627 -0.14224779 1.05905544
v 0.16332419 -0.13173124 1.05902862
v 0.16332419 -0.12115904 1.05913573
v 0.16332419 -0.11064249 1.05918932
v 0.17386212 -0.08955374 1.05918932
v 0.18440004 -0.07903719 1.05913573
v 0.19499374 -0.05794845 1.05910897
v -0.10012404 -0.15281998 1.05922947
v 0.20553167 -0.03685971 1.05905544
v 0.21606960 -0.02634315 1.05885459
v 0.21606960 -0.01577096 1.05888136
v 0.22660751 0.00526214 1.05856001
v 0.21606960 0.03686744 1.05878762
v 0.22660751 0.01577869 1.05851986
v 0.25509897 0.02629524 1.05498526
v 0.26112063 0.00526214 1.05268240
v 0.26084185 0.01577869 1.05241464
v 0.22660751 0.02629524 1.05845295
v 0.23714545 0.01577869 1.05787722
v 0.24768338 0.01577869 1.05679274
v 0.25554501 0.01577869 1.05506561
v 0.26602718 0.02629524 1.04663072
v 0.27132402 0.02629524 1.03952134
v 0.27439062 0.03425221 1.03353659
v 0.27388883 0.04126325 1.03269310
v 0.27338702 0.04738399 1.03162202
v 0.27232766 0.05795618 1.02946643
v 0.27126827 0.06786066 1.02685564
v 0.26781138 0.07904493 1.02767237
v 0.26496782 0.08867119 1.02736440
v 0.27333125 0.07092103 1.01983997
v 0.27210462 0.07848850 1.01665348
v 0.27427909 0.07459348 1.01281091
v 0.27305246 0.08099244 1.00659858
v 0.27294095 0.08054730 0.99604830
v 0.27377731 0.06201813 0.98099943
v 0.27294095 0.06847273 0.98328887
v 0.27444636 0.07526119 0.99604830
v 0.27617482 0.06847273 0.99604830
v 0.27857234 0.05795618 0.99604830
v 0.27478092 0.06847273 0.98856401
v -0.24369635 0.06847273 0.94772855
v -0.18448323 0.06808323 0.92269172
v -0.18743830 0.05945855 0.92269172
v -0.25021983 0.05795618 0.95094184
v -0.24893744 0.06847273 0.95221376
v -0.24765503 0.07898929 0.95388733
v -0.24603811 0.08956148 0.95572160
v -0.25133496 0.08956148 0.96094318
v -0.25585122 0.08956148 0.96620494
v -0.26360132 0.07414833 0.96955210
v -0.26538552 0.07821028 0.97488080
v -0.26811758 0.06847273 0.97498792
v -0.27352594 0.06079398 0.98172242
v -0.27274535 0.06908481 0.98535072
v -0.27380470 0.07297983 0.99235302
v 0.26279332 0.08216094 0.97078385
v 0.25431837 0.10007803 0.96798562
v 0.24969061 0.10007803 0.96271048
v 0.26597142 0.07882236 0.97457286
v 0.24305562 0.07581763 0.94817037
v 0.23524973 0.08956148 0.94681812
v 0.25175359 0.08956148 0.96042101
v 0.24439377 0.10007803 0.95726129
v 0.24651249 0.08956148 0.95536010
v 0.25281297 0.08394152 0.95929638
v 0.24790640 0.07987958 0.95360619
v 0.24935608 0.06847273 0.95174515
v 0.18495761 0.06908481 0.92269172
v -0.27268960 0.07848850 0.99594118
v -0.27425077 0.07459348 0.99936870
v -0.27268960 0.07971265 1.00659858
v -0.27419500 0.07442655 1.00659858
v -0.27575617 0.06847273 1.00659858
v -0.27820946 0.05795618 1.00659858
v -0.27592344 0.05884647 1.01808605
v -0.27843250 0.04738399 1.01713547
v -0.23711712 0.02629524 1.05770313
v -0.22657919 0.02629524 1.05835922
v -0.23711712 0.01577869 1.05779687
v -0.22657919 0.00526214 1.05846633
v -0.28004943 0.03686744 1.01713547
v -0.24765503 0.00526214 1.05681950
v -0.27163023 -0.00525441 1.03998995
v -0.27508712 0.00526214 1.03470143
v -0.27865553 0.00526214 1.02767237
v -0.26059048 -0.01577096 1.05206653
v -0.25501487 -0.02634315 1.05503879
v -0.25534940 -0.01577096 1.05509237
v -0.25551667 -0.00525441 1.05511914
v -0.24765503 -0.00525441 1.05684626
v -0.26616612 -0.01577096 1.04679139
v -0.28127606 0.02629524 1.01713547
v -0.28205665 0.01577869 1.01713547
v -0.22657919 -0.00525441 1.05847971
v -0.22657919 -0.01577096 1.05847971
v -0.20550332 -0.04737626 1.05898847
v -0.22657919 -0.02634315 1.05845295
v -0.21604126 -0.03685971 1.05880100
v -0.20550332 -0.05794845 1.05893495
v -0.19496541 -0.06846500 1.05904200
v -0.17388954 -0.10012594 1.05912235
v -0.16335162 -0.12115904 1.05912235
v -0.15281369 -0.13173124 1.05914912
v -0.14227575 -0.14224779 1.05913573
v -0.13173782 -0.15281998 1.05910897
v -0.11066197 -0.16333654 1.05912235
v -0.10012404 -0.16333654 1.05916250
v -0.06851025 -0.17390873 1.05917594
v -0.05791657 -0.18442528 1.05910897
v -0.02630278 -0.18442528 1.05916250
v -0.01576485 -0.19494183 1.05908221
v -0.00522692 -0.19494183 1.05908221
v 0.03686904 -0.19494183 1.05905544
v 0.08955869 -0.18442528 1.05898847
v 0.04740697 -0.19494183 1.05902862
v 0.06848283 -0.19494183 1.05894833
v 0.10009661 -0.18442528 1.05890812
v 0.12117248 -0.17390873 1.05890812
v 0.13171041 -0.17390873 1.05877424
v 0.14224834 -0.16333654 1.05885459
v 0.15278627 -0.15281998 1.05886797
v 0.16332419 -0.14224779 1.05886797
v 0.17386212 -0.13173124 1.05882783
v 0.17386212 -0.12115904 1.05897509
v 0.17386212 -0.11064249 1.05906883
v 0.17386212 -0.10012594 1.05913573
v 0.18440004 -0.08955374 1.05906883
v 0.19499374 -0.07903719 1.05898847
v 0.19499374 -0.06846500 1.05905544
v 0.20553167 -0.04737626 1.05900185
v 0.21606960 -0.03685971 1.05881445
v 0.22660751 -0.02634315 1.05850648
v 0.22660751 -0.01577096 1.05853324
v 0.23714545 -0.00525441 1.05795751
v 0.23714545 0.00526214 1.05794413
v 0.25582378 0.00526214 1.05511914
v 0.26117640 -0.00525441 1.05272258
v 0.26675203 0.00526214 1.04740727
v 0.26647323 0.01577869 1.04713951
v 0.24768338 0.00526214 1.05688647
v 0.27177008 0.01577869 1.04019077
v 0.27483666 0.02629524 1.03424620
v 0.27807053 0.02629524 1.02767237
v 0.27634209 0.03742387 1.02858277
v 0.27584026 0.04738399 1.02634689
v 0.27483666 0.05795618 1.02419129
v 0.27416758 0.06391000 1.02279887
v 0.27494819 0.06786066 1.01665348
v 0.27706692 0.05795618 1.01713547
v 0.27890688 0.05795618 1.00659858
v 0.27645359 0.06847273 1.00659858
v 0.27461363 0.07576199 1.00659858
v 0.27589602 0.05829004 0.98490891
v 0.27450212 0.05500710 0.97924551
v 0.27165857 0.05829004 0.97542973
v 0.26898226 0.06847273 0.97498792
v 0.27818204 0.04738399 0.98552478
v 0.28057957 0.04738399 0.99604830
v -0.18788436 0.05795618 0.92269172
v -0.24497874 0.05795618 0.94699218
v -0.25127920 0.04738399 0.94992429
v -0.25596273 0.05795618 0.95621698
v -0.25462457 0.06847273 0.95748890
v -0.25356520 0.07587327 0.95851983
v -0.25250584 0.08288430 0.95964449
v -0.25992141 0.06847273 0.96332636
v -0.26432616 0.06847273 0.96860150
v -0.27118418 0.05756668 0.97576443
v -0.27425077 0.05378295 0.97980782
v -0.27536591 0.05756668 0.98535072
v -0.27469683 0.06591315 0.98875148
v -0.27781917 0.05795618 0.99604830
v -0.27525439 0.06908481 0.99594118
v 0.26390843 0.07514991 0.96916381
v 0.25626984 0.08956148 0.96568277
v 0.25063845 0.05795618 0.95050002
v 0.24405922 0.06847273 0.94751432
v 0.18523639 0.06836145 0.92269172
v 0.25838858 0.07954572 0.96422340
v 0.25392807 0.07693049 0.95818510
v 0.25509897 0.06847273 0.95700691
v 0.25643711 0.05795618 0.95576178
v -0.27988216 0.04738399 0.99604830
v -0.28021670 0.04738399 1.00659858
v -0.23711712 0.00526214 1.05785046
v -0.28183363 0.03686744 1.00659858
v -0.27146297 -0.01577096 1.03968201
v -0.27508712 -0.00525441 1.03471481
v -0.27865553 -0.00525441 1.02767237
v -0.28244693 0.00526214 1.01713547
v -0.26025595 -0.02634315 1.05159792
v -0.25401125 -0.04737626 1.05467729
v -0.25456882 -0.03685971 1.05493173
v -0.24765503 -0.03685971 1.05655174
v -0.24765503 -0.02634315 1.05672576
v -0.24765503 -0.01577096 1.05681950
v -0.23711712 -0.01577096 1.05785046
v -0.23711712 -0.00525441 1.05786384
v -0.26577582 -0.02634315 1.04632278
v -0.28306025 0.02629524 1.00659858
v -0.28384086 0.01577869 1.00659858
v -0.22657919 -0.03685971 1.05839936
v -0.23711712 -0.02634315 1.05781025
v -0.21604126 -0.04737626 1.05874748
v -0.20550332 -0.06846500 1.05884121
v -0.19496541 -0.07903719 1.05896171
v -0.21604126 -0.05794845 1.05865374
v -0.17388954 -0.11064249 1.05905544
v -0.16335162 -0.13173124 1.05900185
v -0.17388954 -0.12115904 1.05894833
v -0.15281369 -0.14224779 1.05901524
v -0.13173782 -0.16333654 1.05894833
v -0.12119990 -0.16333654 1.05905544
v -0.14227575 -0.15281998 1.05898847
v -0.10012404 -0.17390873 1.05905544
v -0.06851025 -0.18442528 1.05908221
v -0.02630278 -0.19494183 1.05906883
v -0.01576485 -0.20551403 1.05894833
v 0.01579318 -0.20551403 1.05894833
v 0.02633111 -0.20551403 1.05893495
v 0.07902075 -0.19494183 1.05889474
v 0.03686904 -0.20551403 1.05890812
v 0.04740697 -0.20551403 1.05886797
v 0.08955869 -0.19494183 1.05880100
v 0.11063454 -0.18442528 1.05880100
v 0.12117248 -0.18442528 1.05865374
v 0.14224834 -0.17390873 1.05857345
v 0.15278627 -0.16333654 1.05861360
v 0.16332419 -0.15281998 1.05862698
v 0.17386212 -0.14224779 1.05860021
v 0.18440004 -0.13173124 1.05850648
v 0.18440004 -0.12115904 1.05872071
v 0.19499374 -0.10012594 1.05877424
v 0.18440004 -0.11064249 1.05888136
v 0.19499374 -0.08955374 1.05889474
v 0.18440004 -0.10012594 1.05898847
v 0.20553167 -0.06846500 1.05885459
v 0.20553167 -0.05794845 1.05893495
v 0.21606960 -0.04737626 1.05873409
v 0.22660751 -0.03685971 1.05843951
v 0.23714545 -0.02634315 1.05786384
v 0.23714545 -0.01577096 1.05793075
v 0.24768338 -0.00525441 1.05691323
v 0.25593531 -0.00525441 1.05513252
v 0.25571227 -0.01577096 1.05510576
v 0.25526624 -0.02634315 1.05505223
v 0.26095336 -0.01577096 1.05250835
v 0.26652899 -0.01577096 1.04724659
v 0.26675203 -0.00525441 1.04744744
v 0.27204886 -0.00525441 1.04057903
v 0.27199312 0.00526214 1.04055226
v 0.27522696 0.01577869 1.03491563
v 0.27890688 0.01577869 1.02767237
v 0.28280979 0.01577869 1.01713547
v 0.28191772 0.02629524 1.01713547
v 0.28069109 0.03686744 1.01713547
v 0.27907415 0.04738399 1.01713547
v 0.28085836 0.04738399 1.00659858
v 0.27232766 0.04738399 0.97263150
v 0.27522696 0.04738399 0.97790664
v 0.26474479 0.06847273 0.96802580
v 0.27979898 0.03686744 0.98552478
v 0.28219650 0.03686744 0.99604830
v -0.18938977 0.05250316 0.92269172
v -0.24603811 0.04738399 0.94659051
v -0.25284037 0.03096927 0.94869254
v -0.25228282 0.03686744 0.94909421
v -0.19078369 0.04738399 0.92269172
v -0.19318121 0.03709001 0.92269172
v -0.25702209 0.04738399 0.95519943
v -0.26231893 0.04738399 0.96048795
v -0.26120382 0.05795618 0.96174649
v -0.26555279 0.05795618 0.96700825
v -0.27190903 0.04738399 0.97342144
v -0.27480834 0.04738399 0.97869657
v -0.27904579 0.03686744 0.98552478
v -0.27737311 0.04738399 0.98552478
v 0.26039580 0.06847273 0.96276404
v 0.25175359 0.04738399 0.94948247
v 0.25253417 0.03987217 0.94890674
v 0.24534161 0.05795618 0.94685830
v 0.19164836 0.04738399 0.92269172
v 0.18874903 0.05795618 0.92269172
v 0.26167820 0.05795618 0.96119756
v 0.25749648 0.04738399 0.95475761
v 0.26279332 0.04738399 0.95993902
v -0.28149908 0.03686744 0.99604830
v -0.27101691 -0.02634315 1.03905272
v -0.27491984 -0.01577096 1.03440687
v -0.27452954 -0.02634315 1.03379097
v -0.27826523 -0.01577096 1.02767237
v -0.28244693 -0.00525441 1.01713547
v -0.28211241 -0.01577096 1.01713547
v -0.28428688 0.00548472 1.00583541
v -0.25986566 -0.03685971 1.05086155
v -0.25339795 -0.05544451 1.05434262
v -0.24854714 -0.05856053 1.05533337
v -0.24765503 -0.04737626 1.05621701
v -0.23711712 -0.05794845 1.05734164
v -0.23711712 -0.04737626 1.05756925
v -0.23711712 -0.03685971 1.05771652
v -0.26516249 -0.03685971 1.04558641
v -0.28272570 0.02629524 0.99604830
v -0.28350632 0.01577869 0.99604830
v -0.28462142 0.00214613 1.00102888
v -0.28462142 0.00214613 1.00183219
v -0.22657919 -0.04737626 1.05830563
v -0.20550332 -0.07903719 1.05870733
v -0.19496541 -0.08955374 1.05885459
v -0.18442747 -0.10012594 1.05896171
v -0.22657919 -0.05794845 1.05815836
v -0.21604126 -0.06846500 1.05850648
v -0.16335162 -0.14224779 1.05882783
v -0.17388954 -0.13173124 1.05878762
v -0.18442747 -0.11064249 1.05884121
v -0.15281369 -0.15281998 1.05882783
v -0.12119990 -0.17390873 1.05888136
v -0.14227575 -0.16333654 1.05878762
v -0.11066197 -0.17390873 1.05898847
v -0.07904818 -0.18442528 1.05902862
v -0.06851025 -0.19494183 1.05893495
v -0.05791657 -0.19494183 1.05898847
v -0.02630278 -0.20551403 1.05893495
v -0.01576485 -0.21603057 1.05873409
v 0.00525525 -0.21603057 1.05873409
v 0.02633111 -0.21603057 1.05870733
v 0.05794490 -0.20551403 1.05881445
v 0.06848283 -0.20551403 1.05873409
v 0.03686904 -0.21603057 1.05866712
v 0.10009661 -0.19494183 1.05868050
v 0.07902075 -0.20551403 1.05864036
v 0.13171041 -0.18442528 1.05845295
v 0.11063454 -0.19494183 1.05850648
v 0.14224834 -0.18442528 1.05813160
v 0.15278627 -0.17390873 1.05823872
v 0.16332419 -0.16333654 1.05825210
v 0.17386212 -0.15281998 1.05825210
v 0.18440004 -0.14224779 1.05818513
v 0.19499374 -0.12115904 1.05835922
v 0.19499374 -0.11064249 1.05860021
v 0.20553167 -0.08955374 1.05861360
v 0.20553167 -0.07903719 1.05874748
v 0.21606960 -0.05794845 1.05862698
v 0.22660751 -0.04737626 1.05830563
v 0.23714545 -0.03685971 1.05775672
v 0.24768338 -0.02634315 1.05676597
v 0.24768338 -0.01577096 1.05687309
v 0.25470867 -0.03685971 1.05493173
v 0.24768338 -0.03685971 1.05656512
v 0.25415110 -0.04737626 1.05474426
v 0.26050733 -0.02634315 1.05201297
v 0.26613869 -0.02634315 1.04675121
v 0.27182584 -0.01577096 1.04027109
v 0.27550575 -0.00525441 1.03531730
v 0.27545000 0.00526214 1.03527712
v 0.27935291 0.00526214 1.02767237
v 0.28347889 0.00598550 1.01622504
v 0.28453824 0.00999181 1.01168628
v 0.28437097 0.01577869 1.00928969
v 0.28247528 0.03686744 1.00659858
v 0.27606329 0.03686744 0.97640710
v 0.27316398 0.03686744 0.97114535
v 0.26708656 0.04738399 0.96521416
v 0.26602718 0.05795618 0.96645932
v 0.28108135 0.02629524 0.98552478
v 0.28459400 0.02123172 1.00117614
v 0.28364616 0.02534931 0.99702567
v -0.25323067 0.02390259 0.94842475
v -0.19496541 0.02629524 0.92269172
v -0.25730086 0.02701861 0.95260202
v -0.26382435 0.02629524 0.95881438
v -0.26354555 0.03197084 0.95912232
v -0.25897356 0.03603279 0.95529316
v -0.26298801 0.03898188 0.95968464
v -0.26672368 0.03603279 0.96368785
v -0.26661218 0.04738399 0.96576309
v -0.27274535 0.03686744 0.97186834
v -0.27564467 0.03686744 0.97713009
v -0.28027246 0.02629524 0.98552478
v 0.26335087 0.04120760 0.95932314
v 0.25822131 0.03703437 0.95384718
v 0.25309173 0.03286113 0.94850510
v 0.24651249 0.04738399 0.94652357
v 0.19410163 0.03670051 0.92269172
v 0.19298651 0.04159711 0.92269172
v -0.27096115 -0.03658149 1.03733898
v -0.27419500 -0.03290904 1.03324203
v -0.27748462 -0.02634315 1.02767237
v -0.28428688 -0.00575520 1.00583541
v -0.28389662 -0.01577096 1.00659858
v -0.28133180 -0.02634315 1.01713547
v -0.25925234 -0.04737626 1.04983062
v -0.25261736 -0.06245554 1.05388739
v -0.24325030 -0.08738366 1.05453003
v -0.24436542 -0.07903719 1.05495849
v -0.23711712 -0.07903719 1.05655174
v -0.23711712 -0.06846500 1.05700697
v -0.22657919 -0.07903719 1.05763623
v -0.22657919 -0.06846500 1.05793075
v -0.26432616 -0.04737626 1.04455548
v -0.28110878 0.01577869 0.98552478
v -0.28400810 0.00548472 0.99693193
v -0.28155484 0.00526214 0.98552478
v -0.28406386 -0.00575520 0.99693193
v -0.28462142 -0.00258354 1.00102888
v -0.28462142 -0.00258354 1.00183219
v -0.20550332 -0.08955374 1.05854662
v -0.19496541 -0.10012594 1.05870733
v -0.21604126 -0.07903719 1.05830563
v -0.16335162 -0.15281998 1.05856001
v -0.17388954 -0.14224779 1.05853324
v -0.18442747 -0.12115904 1.05868050
v -0.18442747 -0.13173124 1.05843951
v -0.15281369 -0.16333654 1.05854662
v -0.13173782 -0.17390873 1.05872071
v -0.12119990 -0.18442528 1.05862698
v -0.11066197 -0.18442528 1.05877424
v -0.08958611 -0.19494183 1.05877424
v -0.07904818 -0.19494183 1.05886797
v -0.05791657 -0.20551403 1.05881445
v -0.02630278 -0.21603057 1.05870733
v -0.01576485 -0.22660278 1.05835922
v 0.00525525 -0.22660278 1.05835922
v 0.01579318 -0.22660278 1.05834583
v 0.04740697 -0.21603057 1.05861360
v 0.03686904 -0.22660278 1.05826548
v 0.08955869 -0.20551403 1.05850648
v 0.05794490 -0.21603057 1.05851986
v 0.12117248 -0.19494183 1.05827886
v 0.10009661 -0.20551403 1.05831901
v 0.14224834 -0.19494183 1.05746214
v 0.15278627 -0.18442528 1.05764961
v 0.13171041 -0.19494183 1.05793075
v 0.16332419 -0.17390873 1.05771652
v 0.17386212 -0.16333654 1.05772996
v 0.18440004 -0.15281998 1.05768975
v 0.19499374 -0.13173124 1.05801110
v 0.20553167 -0.11064249 1.05813160
v 0.20553167 -0.10012594 1.05841274
v 0.21606960 -0.07903719 1.05833245
v 0.21606960 -0.06846500 1.05849310
v 0.22660751 -0.05794845 1.05814498
v 0.23714545 -0.04737626 1.05755587
v 0.24768338 -0.04737626 1.05627060
v 0.23714545 -0.05794845 1.05731487
v 0.25342627 -0.05794845 1.05435600
v 0.24768338 -0.05794845 1.05572163
v 0.26000550 -0.03685971 1.05124980
v 0.26546963 -0.03685971 1.04597467
v 0.27137978 -0.02634315 1.03960166
v 0.27489242 -0.02634315 1.03433993
v 0.27528273 -0.01577096 1.03499595
v 0.27940867 -0.00525441 1.02767237
v 0.28347889 -0.00608905 1.01622504
v 0.28464976 0.00292513 1.01211471
v 0.28492854 0.00598550 1.00753577
v 0.28476127 0.01577869 1.00401455
v 0.28386918 0.02534931 1.00568815
v 0.28459400 0.02123172 1.00157781
v 0.27617482 0.02568317 0.97423813
v 0.27372156 0.02874354 0.97023492
v 0.26725381 0.03736823 0.96347365
v 0.28191772 0.01577869 0.98552478
v 0.27734571 0.01577869 0.97498792
v 0.28409221 0.01577869 0.99456214
v 0.28476127 0.01577869 0.99983728
v -0.25350945 0.01577869 0.94821055
v -0.25875053 0.01577869 0.95311081
v -0.26421465 0.01577869 0.95837254
v -0.19613627 0.01577869 0.92269172
v -0.26934421 0.01577869 0.96443764
v -0.26850789 0.02629524 0.96443764
v -0.27341444 0.02629524 0.97071691
v -0.27625800 0.02629524 0.97599205
v 0.26385267 0.03414093 0.95880100
v 0.25342627 0.02629524 0.94823731
v 0.19577432 0.02629524 0.92269172
v 0.25872312 0.02629524 0.95307063
v -0.27369322 -0.03992008 1.03231822
v -0.26867514 -0.04737626 1.03820923
v -0.27597921 -0.03658149 1.02835518
v -0.28010519 -0.03685971 1.01713547
v -0.28356207 -0.01577096 0.99604830
v -0.28311601 -0.02634315 1.00659858
v -0.25819297 -0.05811538 1.04885325
v -0.25668756 -0.06846500 1.04782232
v -0.25518215 -0.07903719 1.04612196
v -0.24213518 -0.09439470 1.05392754
v -0.23209905 -0.11637373 1.05416853
v -0.23299115 -0.11064249 1.05459700
v -0.23527717 -0.10012594 1.05510576
v -0.23800921 -0.09038839 1.05542711
v -0.22657919 -0.11064249 1.05601622
v -0.22657919 -0.10012594 1.05676597
v -0.22657919 -0.08955374 1.05724797
v -0.21604126 -0.10012594 1.05772996
v -0.21604126 -0.08955374 1.05805125
v -0.26371282 -0.05383086 1.04380572
v -0.27670406 0.01577869 0.97529585
v -0.28155484 -0.00525441 0.98552478
v -0.27636951 0.00531779 0.97395699
v -0.27636951 -0.00603341 0.97393019
v -0.20550332 -0.10012594 1.05833245
v -0.19496541 -0.11064249 1.05851986
v -0.16335162 -0.16333654 1.05817175
v -0.17388954 -0.15281998 1.05817175
v -0.18442747 -0.14224779 1.05809146
v -0.19496541 -0.12115904 1.05827886
v -0.19496541 -0.13173124 1.05793075
v -0.15281369 -0.17390873 1.05814498
v -0.14227575 -0.17390873 1.05847971
v -0.13173782 -0.18442528 1.05838598
v -0.11066197 -0.19494183 1.05847971
v -0.10012404 -0.19494183 1.05865374
v -0.06851025 -0.20551403 1.05873409
v -0.04737864 -0.21603057 1.05860021
v -0.02630278 -0.22660278 1.05830563
v -0.01576485 -0.23711932 1.05771652
v -0.00522692 -0.23711932 1.05774334
v 0.00525525 -0.23711932 1.05774334
v 0.01579318 -0.23711932 1.05771652
v 0.02633111 -0.23711932 1.05764961
v 0.03686904 -0.23711932 1.05755587
v 0.04740697 -0.22660278 1.05815836
v 0.06848283 -0.21603057 1.05837260
v 0.07902075 -0.21603057 1.05821195
v 0.11063454 -0.20551403 1.05803787
v 0.08955869 -0.21603057 1.05799772
v 0.15278627 -0.19494183 1.05679274
v 0.12117248 -0.20551403 1.05767637
v 0.13171041 -0.20551403 1.05716761
v 0.16332419 -0.18442528 1.05692662
v 0.17386212 -0.17390873 1.05696676
v 0.18440004 -0.16333654 1.05698021
v 0.19499374 -0.15281998 1.05683288
v 0.19499374 -0.14224779 1.05751573
v 0.20553167 -0.12115904 1.05775672
v 0.21606960 -0.10012594 1.05779687
v 0.21606960 -0.08955374 1.05809146
v 0.22660751 -0.06846500 1.05793075
v 0.23714545 -0.06846500 1.05698021
v 0.23714545 -0.07903719 1.05656512
v 0.22660751 -0.07903719 1.05764961
v 0.25298023 -0.06340148 1.05406142
v 0.24456102 -0.07903719 1.05495849
v 0.27137978 -0.03758307 1.03753980
v 0.26463328 -0.04737626 1.04494374
v 0.27439062 -0.03457834 1.03359015
v 0.27818204 -0.02634315 1.02767237
v 0.27901840 -0.01577096 1.02767237
v 0.28286555 -0.01577096 1.01713547
v 0.28453824 -0.01015100 1.01175322
v 0.28464976 -0.00313997 1.01211471
v 0.28492854 -0.00608905 1.00758933
v 0.28492854 0.00526214 0.99804321
v 0.28498430 -0.00525441 0.99789592
v 0.27411182 0.02167687 0.96961904
v 0.27026467 0.02568317 0.96544177
v 0.28236377 0.00526214 0.98552478
v 0.28431524 0.00526214 0.99278146
v 0.27773598 0.00526214 0.97498792
v 0.27427909 0.01577869 0.96936466
v -0.25373247 0.00526214 0.94802311
v -0.25897356 0.00526214 0.95289658
v -0.19674961 0.00615243 0.92269172
v -0.26443767 0.00526214 0.95817172
v -0.27057085 0.00531779 0.96546857
v -0.27397198 0.00887895 0.96976630
v -0.27380470 0.01577869 0.97002071
v 0.26429874 0.02629524 0.95833239
v 0.25916916 0.01577869 0.95264220
v 0.25387234 0.01577869 0.94791599
v 0.19688945 0.01666898 0.92269172
v -0.27307990 -0.04737626 1.03101953
v -0.27553315 -0.04737626 1.02574439
v -0.26627764 -0.05761459 1.03882514
v -0.28188938 -0.03685971 1.00659858
v -0.28027246 -0.04737626 1.00659858
v -0.27843250 -0.04737626 1.01713547
v -0.28116453 -0.01577096 0.98552478
v -0.28278147 -0.02634315 0.99604830
v -0.28161060 -0.03685971 0.99604830
v -0.26293226 -0.06084189 1.04274800
v -0.26198441 -0.06846500 1.04135558
v -0.25389974 -0.08699416 1.04460904
v -0.24614963 -0.10012594 1.04754115
v -0.24386363 -0.11064249 1.04515797
v -0.24258123 -0.11631809 1.04371199
v -0.23639228 -0.11982361 1.04813026
v -0.23371599 -0.12978373 1.04553285
v -0.22094780 -0.13651654 1.05387401
v -0.22267625 -0.12950552 1.05462376
v -0.22635616 -0.12038004 1.05498526
v -0.21687760 -0.13251023 1.05546725
v -0.20550332 -0.14224779 1.05643124
v -0.21604126 -0.12115904 1.05675259
v -0.21604126 -0.11064249 1.05731487
v -0.20550332 -0.12115904 1.05767637
v -0.20550332 -0.11064249 1.05805125
v -0.27670406 -0.01577096 0.97525568
v -0.27408350 0.00181227 0.96965922
v -0.27408350 -0.00302868 0.96965922
v -0.27402773 -0.01003972 0.96972616
v -0.16335162 -0.17390873 1.05762284
v -0.17388954 -0.16333654 1.05763623
v -0.18442747 -0.15281998 1.05758264
v -0.19496541 -0.14224779 1.05744876
v -0.15281369 -0.18442528 1.05755587
v -0.14227575 -0.18442528 1.05805125
v -0.12119990 -0.19494183 1.05823872
v -0.10012404 -0.20551403 1.05827886
v -0.08958611 -0.20551403 1.05846633
v -0.06851025 -0.21603057 1.05837260
v -0.05791657 -0.21603057 1.05850648
v -0.03684071 -0.22660278 1.05823872
v -0.02630278 -0.23711932 1.05763623
v -0.01576485 -0.24769151 1.05668562
v -0.00522692 -0.24769151 1.05675259
v 0.00525525 -0.24769151 1.05675259
v 0.01579318 -0.24769151 1.05668562
v 0.02633111 -0.24769151 1.05657850
v 0.04740697 -0.23711932 1.05739523
v 0.05794490 -0.22660278 1.05799772
v 0.10009661 -0.21603057 1.05770313
v 0.06848283 -0.22660278 1.05778349
v 0.07902075 -0.22660278 1.05751573
v 0.14224834 -0.20551403 1.05645800
v 0.15256324 -0.20540274 1.05519949
v 0.16360297 -0.19527569 1.05536014
v 0.17453120 -0.18503736 1.05541373
v 0.11063454 -0.21603057 1.05730149
v 0.12117248 -0.21603057 1.05677935
v 0.18506913 -0.17457645 1.05544049
v 0.19543979 -0.16378169 1.05540028
v 0.20553167 -0.14224779 1.05652498
v 0.20553167 -0.13173124 1.05724797
v 0.21606960 -0.11064249 1.05738185
v 0.22660751 -0.08955374 1.05727473
v 0.23714545 -0.08955374 1.05584213
v 0.22660751 -0.10012594 1.05681950
v 0.22660751 -0.11064249 1.05612327
v 0.25548926 -0.07903719 1.04648345
v 0.25626984 -0.06751906 1.04926830
v 0.26396420 -0.05483243 1.04407348
v 0.24316712 -0.08955374 1.05446312
v 0.24244230 -0.09500677 1.05407480
v 0.26937256 -0.04737626 1.03820923
v 0.27394459 -0.04158937 1.03280021
v 0.27645359 -0.03758307 1.02863633
v 0.28085836 -0.03685971 1.01713547
v 0.28202922 -0.02634315 1.01713547
v 0.28442672 -0.01577096 1.00962442
v 0.28476127 -0.01577096 1.00436266
v 0.28476127 -0.01577096 0.99951596
v 0.28414797 -0.01577096 0.99425420
v 0.28431524 -0.00525441 0.99263419
v 0.26998588 0.01577869 0.96410291
v 0.28236377 -0.00525441 0.98552478
v 0.27779174 -0.00525441 0.97498792
v 0.27450212 -0.00525441 0.96907011
v 0.27444636 0.00526214 0.96909687
v 0.27020891 0.00526214 0.96382173
v -0.25378822 -0.00525441 0.94798293
v -0.25902931 -0.00525441 0.95288319
v -0.19674961 -0.00525441 0.92269172
v -0.26443767 -0.00525441 0.95814495
v 0.26468904 0.01577869 0.95790395
v 0.25939219 0.00526214 0.95241458
v 0.25409534 0.00526214 0.94776873
v 0.19750276 0.00526214 0.92269172
v -0.27241081 -0.05883874 1.02756525
v -0.26549702 -0.06846500 1.03608044
v -0.27469683 -0.05588965 1.02397709
v -0.27993790 -0.04737626 0.99604830
v -0.27793068 -0.05794845 0.99604830
v -0.27820946 -0.05794845 1.00659858
v -0.27597921 -0.05883874 1.01805928
v -0.27397198 -0.06290069 1.02218300
v -0.28038397 -0.02634315 0.98552478
v -0.27631374 -0.02634315 0.97595187
v -0.27915731 -0.03685971 0.98552478
v -0.26092503 -0.07976055 1.03800841
v -0.26438192 -0.07670019 1.03435331
v -0.25261736 -0.09400520 1.04308273
v -0.25139071 -0.10012594 1.04140914
v -0.24943924 -0.11064249 1.03784774
v -0.24469997 -0.12038004 1.03798165
v -0.24074127 -0.12332913 1.04134220
v -0.23176452 -0.13679476 1.04333711
v -0.22473923 -0.14224779 1.04693865
v -0.22250899 -0.14925882 1.04471615
v -0.21894059 -0.14224779 1.05220041
v -0.20868143 -0.15565777 1.05270917
v -0.21152500 -0.14864675 1.05443629
v -0.21369950 -0.14224779 1.05491829
v -0.20550332 -0.13173124 1.05716761
v -0.20528030 -0.15243048 1.05515928
v -0.19496541 -0.15281998 1.05673915
v -0.27386046 -0.01577096 0.96998054
v -0.27057085 -0.00603341 0.96546857
v -0.26427040 -0.01577096 0.95833239
v -0.26939998 -0.01577096 0.96443764
v -0.16335162 -0.18442528 1.05684626
v -0.17388954 -0.17390873 1.05688647
v -0.18442747 -0.16333654 1.05685964
v -0.15281369 -0.19494183 1.05669900
v -0.14227575 -0.19494183 1.05739523
v -0.13173782 -0.19494183 1.05790399
v -0.11066197 -0.20551403 1.05801110
v -0.08958611 -0.21603057 1.05795751
v -0.07904818 -0.21603057 1.05818513
v -0.05791657 -0.22660278 1.05799772
v -0.04737864 -0.22660278 1.05814498
v -0.03684071 -0.23711932 1.05751573
v -0.02630278 -0.24769151 1.05656512
v -0.01576485 -0.25509205 1.05502540
v -0.00522692 -0.25531462 1.05507899
v 0.00525525 -0.25531462 1.05507899
v 0.01579318 -0.25509205 1.05503879
v 0.02633111 -0.25481383 1.05497188
v 0.03686904 -0.24769151 1.05639109
v 0.05794490 -0.23711932 1.05714085
v 0.08955869 -0.22660278 1.05718099
v 0.06848283 -0.23711932 1.05683288
v 0.14224834 -0.21391613 1.05494511
v 0.13265826 -0.21697651 1.05546725
v 0.14882757 -0.21163476 1.05446312
v 0.16025760 -0.20184157 1.05462376
v 0.17140885 -0.19193711 1.05466391
v 0.18200252 -0.18197698 1.05469073
v 0.10009661 -0.22660278 1.05673915
v 0.11063454 -0.22660278 1.05602960
v 0.19226167 -0.17146043 1.05470412
v 0.20190750 -0.16055438 1.05463714
v 0.20547591 -0.15259741 1.05522626
v 0.21556778 -0.14124620 1.05479779
v 0.21606960 -0.13173124 1.05589572
v 0.21606960 -0.12115904 1.05683288
v 0.23329826 -0.11064249 1.05466391
v 0.22644024 -0.12054697 1.05505223
v 0.23218316 -0.11665195 1.05424889
v 0.25409534 -0.08760624 1.04487680
v 0.26078609 -0.07903719 1.03965522
v 0.26229152 -0.06846500 1.04186437
v 0.26318362 -0.06184347 1.04305594
v 0.26669626 -0.05817102 1.03901255
v 0.24422649 -0.11064249 1.04554623
v 0.24567616 -0.09918001 1.04905407
v 0.25286871 -0.09461727 1.04337726
v 0.27344276 -0.04737626 1.03178267
v 0.27595179 -0.04737626 1.02650753
v 0.28264256 -0.03685971 1.00659858
v 0.27924140 -0.04737626 1.01713547
v 0.28459400 -0.02150220 1.00196610
v 0.28392494 -0.02550851 1.00591576
v 0.28459400 -0.02150220 1.00096194
v 0.28375767 -0.02550851 0.99689179
v 0.28119288 -0.02634315 0.98552478
v 0.28197347 -0.01577096 0.98552478
v 0.27740148 -0.01577096 0.97498792
v 0.27427909 -0.01577096 0.96933787
v 0.27020891 -0.00525441 0.96379497
v 0.26491206 0.00526214 0.95767634
v -0.25356520 -0.01577096 0.94814361
v -0.19630354 -0.01493631 0.92269172
v -0.25880629 -0.01577096 0.95305725
v 0.25939219 -0.00525441 0.95240120
v 0.25409534 -0.00525441 0.94776873
v 0.19750276 0.00325899 0.92269172
v -0.27001331 -0.06846500 1.02767237
v -0.27748462 -0.04737626 0.98552478
v -0.27475257 -0.06601670 0.98873806
v -0.27380470 -0.07302774 0.99221914
v -0.27531016 -0.06907708 0.99586086
v -0.27430652 -0.07464139 0.99924820
v -0.27575617 -0.06846500 1.00659858
v -0.27402773 -0.07380674 1.01192727
v -0.27469683 -0.06846500 1.01439077
v -0.27324717 -0.06846500 1.01965253
v -0.26482797 -0.08955374 1.02527578
v -0.26644491 -0.07976055 1.02852924
v -0.27570042 -0.03685971 0.97706315
v -0.27341444 -0.02634315 0.97067673
v -0.27486410 -0.04737626 0.97857608
v -0.27430652 -0.05388650 0.97970071
v -0.25674332 -0.09011018 1.03902596
v -0.26332255 -0.08376686 1.03259939
v -0.25507062 -0.10012594 1.03614738
v -0.25367671 -0.10713698 1.03409893
v -0.24336181 -0.12817007 1.03431314
v -0.25211554 -0.11414801 1.03142117
v -0.23756317 -0.13251023 1.03882514
v -0.22998032 -0.14224779 1.04112799
v -0.23399475 -0.14224779 1.03585282
v -0.23221056 -0.14809032 1.03345627
v -0.21999995 -0.15626986 1.04197145
v -0.21297467 -0.16099952 1.04568011
v -0.21576247 -0.15248613 1.04870595
v -0.22618889 -0.15220791 1.03771386
v -0.20594938 -0.16400424 1.04948250
v -0.19875682 -0.16700898 1.05329828
v -0.20165615 -0.15999795 1.05459700
v -0.19513268 -0.16344782 1.05531999
v -0.26856362 -0.02634315 0.96443764
v -0.26388011 -0.02634315 0.95877421
v -0.16340736 -0.19505312 1.05530661
v -0.17422408 -0.18475914 1.05537352
v -0.18476202 -0.17418695 1.05538690
v -0.15236763 -0.20523581 1.05510576
v -0.14227575 -0.20551403 1.05636427
v -0.13173782 -0.20551403 1.05712747
v -0.12119990 -0.20551403 1.05763623
v -0.10012404 -0.21603057 1.05766299
v -0.07904818 -0.22660278 1.05748896
v -0.06851025 -0.22660278 1.05777011
v -0.04737864 -0.23711932 1.05736846
v -0.03684071 -0.24769151 1.05635089
v -0.02630278 -0.25475820 1.05495849
v -0.00522692 -0.26054508 1.05202635
v 0.00525525 -0.26060073 1.05205315
v 0.03686904 -0.25436868 1.05485138
v 0.01579318 -0.26037815 1.05179877
v 0.04740697 -0.24769151 1.05602960
v 0.07902075 -0.23711932 1.05641786
v 0.12970318 -0.22276339 1.05465053
v 0.13672846 -0.22109410 1.05395433
v 0.12044764 -0.22638020 1.05501202
v 0.15585286 -0.20885262 1.05292340
v 0.16728288 -0.19894813 1.05348572
v 0.17843412 -0.18898802 1.05378027
v 0.18902781 -0.17852711 1.05379365
v 0.09039503 -0.23806526 1.05537352
v 0.10009661 -0.23539438 1.05509237
v 0.11063454 -0.23311301 1.05462376
v 0.11648895 -0.23211144 1.05420874
v 0.19928696 -0.16756540 1.05363301
v 0.21172062 -0.14898060 1.05448988
v 0.22136644 -0.13707297 1.05404803
v 0.22248156 -0.13173124 1.05451665
v 0.23658789 -0.12021311 1.04837125
v 0.26357390 -0.08460151 1.03309477
v 0.26441024 -0.07903719 1.03439346
v 0.26585991 -0.06846500 1.03658923
v 0.24283258 -0.11676324 1.04396637
v 0.25175359 -0.10012594 1.04190451
v 0.25548926 -0.10012594 1.03662937
v 0.27238338 -0.05794845 1.02962711
v 0.27489242 -0.05794845 1.02435197
v 0.28102560 -0.04737626 1.00659858
v 0.28236377 -0.03685971 0.99604830
v 0.27422334 -0.06406919 1.02289261
v 0.27717844 -0.05794845 1.01713547
v 0.27996625 -0.03685971 0.98552478
v 0.27611906 -0.03685971 0.97629999
v 0.27623056 -0.02573108 0.97419798
v 0.27411182 -0.02183606 0.96960566
v 0.26998588 -0.01577096 0.96406273
v 0.26474479 -0.01577096 0.95786378
v 0.26491206 -0.00525441 0.95766296
v -0.25323067 -0.02383921 0.94839799
v -0.19507692 -0.02634315 0.92269172
v -0.25735663 -0.02695523 0.95257526
v 0.25922492 -0.01577096 0.95260202
v 0.25392807 -0.01577096 0.94788923
v 0.19739125 -0.00709063 0.92269172
v 0.19744700 -0.00525441 0.92269172
v -0.27547740 -0.05761459 0.98533734
v -0.27347020 -0.06095318 0.98170901
v -0.27268960 -0.06907708 0.98533734
v -0.27001331 -0.07903719 0.98552478
v -0.26460495 -0.09767764 0.98768037
v -0.26923271 -0.08955374 0.99604830
v -0.27268960 -0.07853641 0.99586086
v -0.27268960 -0.07976055 1.00659858
v -0.27425077 -0.07447446 1.00659858
v -0.26951148 -0.08955374 1.00659858
v -0.26343405 -0.10530075 1.01145866
v -0.26767154 -0.08955374 1.01713547
v -0.27163023 -0.07797997 1.01611793
v -0.26376858 -0.09561885 1.02305325
v -0.26231893 -0.08955374 1.03055092
v -0.27280110 -0.03685971 0.97178801
v -0.26677945 -0.03613634 0.96370123
v -0.27196477 -0.04737626 0.97330094
v -0.27112842 -0.05761459 0.97571088
v -0.26800608 -0.06846500 0.97498792
v -0.26538552 -0.07814691 0.97486742
v -0.26036748 -0.09951387 1.02701632
v -0.25546092 -0.11064249 1.02781963
v -0.24141034 -0.13523675 1.03114003
v -0.25044286 -0.12132597 1.02781963
v -0.24514601 -0.13173124 1.02764557
v -0.25389974 -0.11793174 1.02439211
v -0.23918010 -0.14208087 1.02764557
v -0.23382749 -0.15059426 1.02767237
v -0.23037061 -0.15582472 1.02767237
v -0.22284352 -0.16010923 1.03494239
v -0.21659883 -0.16405989 1.03894564
v -0.21029837 -0.16801055 1.04293544
v -0.20254825 -0.17390873 1.04559979
v -0.19513268 -0.17418695 1.05119628
v -0.18849767 -0.17791504 1.05351251
v -0.19173153 -0.17090399 1.05466391
v -0.26354555 -0.03207440 0.95909553
v -0.15989473 -0.20156337 1.05458362
v -0.17093447 -0.19160324 1.05466391
v -0.18147239 -0.18147620 1.05467729
v -0.14852045 -0.21146784 1.05439615
v -0.14227575 -0.21347098 1.05487814
v -0.13235115 -0.21675394 1.05544049
v -0.12119990 -0.21603057 1.05672576
v -0.11066197 -0.21603057 1.05724797
v -0.08958611 -0.22660278 1.05714085
v -0.06851025 -0.23711932 1.05683288
v -0.05791657 -0.23711932 1.05714085
v -0.03684071 -0.25431305 1.05482461
v -0.04737864 -0.24769151 1.05597601
v -0.01576485 -0.26037815 1.05177198
v -0.00522692 -0.26610939 1.04676460
v 0.00525525 -0.26616502 1.04677801
v 0.04740697 -0.25381226 1.05459700
v 0.01579318 -0.26594246 1.04652360
v 0.02633111 -0.26004428 1.05131678
v 0.05482255 -0.25331148 1.05428903
v 0.07902075 -0.24424164 1.05489152
v 0.08743995 -0.24324007 1.05450326
v 0.12992620 -0.23378073 1.04561317
v 0.14224834 -0.22493348 1.04712609
v 0.14955240 -0.22265210 1.04489021
v 0.14224834 -0.21914659 1.05240123
v 0.16131696 -0.21324843 1.04589434
v 0.16427206 -0.20618174 1.04968332
v 0.15273050 -0.21597492 1.04890681
v 0.17386212 -0.20295444 1.04597467
v 0.17453120 -0.19527569 1.05165148
v 0.18361945 -0.19421847 1.04594790
v 0.18506913 -0.18503736 1.05193265
v 0.19426890 -0.18364627 1.04601484
v 0.19543979 -0.17457645 1.05179877
v 0.11063454 -0.24396342 1.04525171
v 0.11994583 -0.23645160 1.04819720
v 0.09446523 -0.24218285 1.05394095
v 0.20313415 -0.17390873 1.04614872
v 0.21333754 -0.16150030 1.04600146
v 0.20898855 -0.15599164 1.05303052
v 0.21874589 -0.14408401 1.05203974
v 0.22276034 -0.14970397 1.04501071
v 0.22560390 -0.14063413 1.04783570
v 0.23352129 -0.13173124 1.04529185
v 0.26234727 -0.09161254 1.03072498
v 0.26496782 -0.08866346 1.02740458
v 0.26786713 -0.07903719 1.02767237
v 0.27132402 -0.06796421 1.02690920
v 0.24517435 -0.12065825 1.03818247
v 0.24985788 -0.11097635 1.03806197
v 0.24099264 -0.12377427 1.04167690
v 0.25392807 -0.10769341 1.03444702
v 0.28074684 -0.04737626 0.99604830
v 0.27896265 -0.05794845 1.00659858
v 0.27333125 -0.07113587 1.01997388
v 0.27500394 -0.06796421 1.01673380
v 0.27433485 -0.07475267 1.01294482
v 0.27834931 -0.04737626 0.98552478
v 0.27533848 -0.04737626 0.97778615
v 0.27321973 -0.03685971 0.97102485
v 0.27372156 -0.02884709 0.97016798
v 0.27032042 -0.02573108 0.96544177
v 0.26429874 -0.02634315 0.95830560
v 0.25877887 -0.02634315 0.95303046
v -0.24603811 -0.04737626 0.94664407
v -0.25284037 -0.03085025 0.94870592
v -0.19345998 -0.03602506 0.92269172
v 0.25348203 -0.02634315 0.94819717
v 0.19599735 -0.02539722 0.92269172
v 0.19688945 -0.01643868 0.92269172
v 0.19694520 -0.01577096 0.92269172
v -0.26454919 -0.08738366 0.97830828
v -0.26332255 -0.09439470 0.98066470
v -0.26611036 -0.09033275 0.98470809
v -0.26231893 -0.10079366 0.98470809
v -0.25847176 -0.11064249 0.98552478
v -0.26321102 -0.10474432 0.99260740
v -0.26521825 -0.10079366 0.99610185
v -0.26371282 -0.10591283 0.99963646
v -0.26371282 -0.10591283 1.00442960
v -0.26532976 -0.10112751 1.00740189
v -0.26176138 -0.10991913 1.00740189
v -0.25674332 -0.12115904 1.00659858
v -0.25323067 -0.12700157 1.01289126
v -0.25958687 -0.11064249 1.01713547
v -0.26265348 -0.10329760 1.01713547
v -0.26466070 -0.09801150 1.01713547
v -0.26666794 -0.04737626 0.96581665
v -0.26298801 -0.03914107 0.95968464
v -0.26555279 -0.05794845 0.96714213
v -0.26427040 -0.06846500 0.96870861
v -0.26354555 -0.07402931 0.96960566
v -0.26248621 -0.08104035 0.97127923
v -0.24325030 -0.13846406 1.02411097
v -0.25217130 -0.12494277 1.01992032
v -0.23182028 -0.15805044 1.02234367
v -0.22485075 -0.16350346 1.02756525
v -0.22016721 -0.16712027 1.03100612
v -0.21314194 -0.17151607 1.03590638
v -0.20806811 -0.17457645 1.03894564
v -0.20026225 -0.17919483 1.04352455
v -0.19401755 -0.18342370 1.04539897
v -0.18476202 -0.18475914 1.05139710
v -0.17795975 -0.18848722 1.05351251
v -0.25897356 -0.03613634 0.95526637
v -0.16692001 -0.19866991 1.05323134
v -0.15554575 -0.20857440 1.05260208
v -0.15231187 -0.21569672 1.04858546
v -0.14227575 -0.21875709 1.05203974
v -0.13630984 -0.22076025 1.05379365
v -0.12928455 -0.22265210 1.05463714
v -0.12025204 -0.22632456 1.05493173
v -0.11066197 -0.22660278 1.05590910
v -0.10012404 -0.22660278 1.05669900
v -0.07904818 -0.23711932 1.05640448
v -0.04737864 -0.25375661 1.05455679
v -0.05445968 -0.25325583 1.05426227
v -0.07904818 -0.24413036 1.05489152
v -0.01576485 -0.26594246 1.04649684
v -0.02630278 -0.26004428 1.05124980
v -0.00522692 -0.27139549 1.03965522
v 0.00525525 -0.27139549 1.03965522
v 0.01579318 -0.27117290 1.03932052
v 0.02633111 -0.26555294 1.04604161
v 0.03686904 -0.25965478 1.05058037
v 0.03686904 -0.26494087 1.04530523
v 0.04740697 -0.25909836 1.04957624
v 0.04740697 -0.26410624 1.04430110
v 0.05761036 -0.25809678 1.04871937
v 0.06184783 -0.25236554 1.05379365
v 0.13695149 -0.23183322 1.04345761
v 0.11637743 -0.24262799 1.04376555
v 0.14224834 -0.23021957 1.04143590
v 0.15657769 -0.22025945 1.04226601
v 0.16834225 -0.21057754 1.04324338
v 0.17954925 -0.20061743 1.04383249
v 0.19025446 -0.19026781 1.04399316
v 0.20068086 -0.17963998 1.04391281
v 0.10009661 -0.24618915 1.04762147
v 0.09401918 -0.25264376 1.04310950
v 0.10009661 -0.25141961 1.04148946
v 0.07902075 -0.25509205 1.04604161
v 0.08699390 -0.25386790 1.04458224
v 0.21071699 -0.16851135 1.04339067
v 0.21601384 -0.15287563 1.04902730
v 0.22036283 -0.15671499 1.04238651
v 0.22978563 -0.14425094 1.04095394
v 0.23196012 -0.13718426 1.04363167
v 0.26084185 -0.10001465 1.02740458
v 0.26407570 -0.09645349 1.02370930
v 0.24361316 -0.12872651 1.03464787
v 0.25242265 -0.11476008 1.03195673
v 0.23909692 -0.13200946 1.03818247
v 0.27868385 -0.05794845 0.99604830
v 0.27656511 -0.06846500 1.00659858
v 0.27216039 -0.07859205 1.01673380
v 0.26853623 -0.08955374 1.01713547
v 0.26374119 -0.10602412 1.01285108
v 0.27043194 -0.08955374 1.00659858
v 0.27310822 -0.08115164 1.00659858
v 0.27461363 -0.07592118 1.00659858
v 0.27478092 -0.06846500 0.98837657
v 0.27595179 -0.05844924 0.98478841
v 0.27383306 -0.06234426 0.98079858
v 0.27455789 -0.05533322 0.97917857
v 0.27238338 -0.04737626 0.97251101
v 0.26708656 -0.04737626 0.96521416
v 0.26730956 -0.03741614 0.96347365
v 0.26385267 -0.03424448 0.95877421
v 0.25314749 -0.03285340 0.94849172
v -0.24492300 -0.05794845 0.94704574
v -0.25228282 -0.03685971 0.94908080
v -0.19083944 -0.04737626 0.92269172
v 0.19410163 -0.03669278 0.92269172
v 0.24640099 -0.04737626 0.94655036
v -0.26142683 -0.09033275 0.97486742
v -0.25691059 -0.10096059 0.97403731
v -0.25473609 -0.11064249 0.97718365
v -0.25339795 -0.11687453 0.97947312
v -0.25429005 -0.12071390 0.98650215
v -0.25295188 -0.12655643 0.99067942
v -0.26148258 -0.10991913 0.99610185
v -0.25635302 -0.12115904 0.99604830
v -0.25356520 -0.12766929 1.00659858
v -0.25339795 -0.12727979 0.99604830
v -0.25484759 -0.12132597 1.01669362
v -0.25077740 -0.13289973 1.00659858
v -0.24224670 -0.14731131 1.01005286
v -0.24453270 -0.14057850 1.01713547
v -0.24994106 -0.13100788 1.01669362
v -0.26220741 -0.04737626 0.96054151
v -0.25696632 -0.04737626 0.95517267
v -0.26103655 -0.05794845 0.96186699
v -0.25980990 -0.06846500 0.96343347
v -0.25356520 -0.07586554 0.95853321
v -0.25802569 -0.07848076 0.96462508
v -0.25579546 -0.08955374 0.96625850
v -0.25417853 -0.09801150 0.96814630
v -0.25278462 -0.10507818 0.96990022
v -0.24135460 -0.14586459 1.01713547
v -0.22936701 -0.16322524 1.01815299
v -0.22351259 -0.17146043 1.01713547
v -0.22217444 -0.16973549 1.02397709
v -0.23589048 -0.15382155 1.01815299
v -0.23293539 -0.15960845 1.01531461
v -0.21626429 -0.17413130 1.02807401
v -0.21024260 -0.17852711 1.03215758
v -0.20249248 -0.18169877 1.03820923
v -0.20009498 -0.18954444 1.03273327
v -0.19764171 -0.18698486 1.03820923
v -0.18989159 -0.18987830 1.04363167
v -0.18442747 -0.19243789 1.04585417
v -0.17500467 -0.19594340 1.04985738
v -0.16390918 -0.20590353 1.04940218
v -0.17210533 -0.20317702 1.04620228
v -0.16089833 -0.21285891 1.04557302
v -0.14902226 -0.22231825 1.04458224
v -0.14227575 -0.22454397 1.04676460
v -0.12956334 -0.23361380 1.04539897
v -0.11612608 -0.23194451 1.05408824
v -0.11066197 -0.23289044 1.05453003
v -0.10012404 -0.23506052 1.05506561
v -0.09014368 -0.23789832 1.05534675
v -0.08702132 -0.24318442 1.05448988
v -0.06148497 -0.25219861 1.05369995
v -0.05719174 -0.25798549 1.04862563
v -0.05289851 -0.26354980 1.04355131
v -0.04737864 -0.26399494 1.04415381
v -0.03684071 -0.26482961 1.04519815
v -0.03684071 -0.25959914 1.05045987
v -0.02630278 -0.26549731 1.04598808
v -0.01576485 -0.27117290 1.03932052
v -0.01576485 -0.27473408 1.03405876
v -0.00522692 -0.27490100 1.03439346
v 0.00525525 -0.27490100 1.03438008
v 0.01579318 -0.27467844 1.03404538
v 0.02633111 -0.27428893 1.03341609
v 0.02633111 -0.27078341 1.03867785
v 0.03597694 -0.27072778 1.03719169
v 0.04740697 -0.26833512 1.03820923
v 0.05331713 -0.26360546 1.04364505
v 0.06848283 -0.25659442 1.04767503
v 0.14224834 -0.23428152 1.03616079
v 0.14843727 -0.23244530 1.03375082
v 0.12340272 -0.24079177 1.04146269
v 0.13271402 -0.23767574 1.03894564
v 0.11074605 -0.24952774 1.03788792
v 0.12039188 -0.24485371 1.03806197
v 0.15250748 -0.22638020 1.03800841
v 0.16053637 -0.22309725 1.03523695
v 0.16443932 -0.21686522 1.03924016
v 0.17202216 -0.21352663 1.03621432
v 0.17904745 -0.21068884 1.03278683
v 0.17486574 -0.20868568 1.03911966
v 0.18361945 -0.20267622 1.03735236
v 0.18997567 -0.20050615 1.03325545
v 0.18657454 -0.19727884 1.04028450
v 0.19359983 -0.19366203 1.03679005
v 0.19727973 -0.18665100 1.04031127
v 0.20051360 -0.18998959 1.03328221
v 0.20279961 -0.18364627 1.03736574
v 0.21077275 -0.17913918 1.03293409
v 0.09011624 -0.25681699 1.03903934
v 0.10009661 -0.25514770 1.03621432
v 0.10728916 -0.25375661 1.03416587
v 0.06848283 -0.26188052 1.04124846
v 0.07974559 -0.26093458 1.03796824
v 0.21356055 -0.17212815 1.03636161
v 0.22320638 -0.16061002 1.03535745
v 0.22649601 -0.15270870 1.03815568
v 0.23257343 -0.14864675 1.03392488
v 0.23402310 -0.14135750 1.03774065
v 0.25593531 -0.11097635 1.02814095
v 0.26273757 -0.10346453 1.01988014
v 0.26496782 -0.10001465 1.01666686
v 0.25420687 -0.11854382 1.02494105
v 0.24171746 -0.13573754 1.03170235
v 0.25097300 -0.12171547 1.02814095
v 0.27623056 -0.06846500 0.99604830
v 0.27411182 -0.07402931 0.99055892
v 0.27444636 -0.07536475 0.99604830
v 0.26407570 -0.10680312 1.00659858
v 0.26669626 -0.10012594 1.00659858
v 0.26095336 -0.10997478 1.01666686
v 0.25543351 -0.12171547 1.01730953
v 0.25353779 -0.12761365 1.01392219
v 0.25760799 -0.12115904 1.00659858
v 0.26178970 -0.11203357 1.00659858
v 0.27015315 -0.08955374 0.99604830
v 0.27294095 -0.08059520 0.99604830
v 0.27305246 -0.06846500 0.98311484
v 0.26468904 -0.08955374 0.97809408
v 0.26597142 -0.07881462 0.97454607
v 0.26903800 -0.06846500 0.97498792
v 0.27171432 -0.05844924 0.97538956
v 0.26474479 -0.06846500 0.96802580
v 0.26602718 -0.05794845 0.96645932
v 0.26279332 -0.04737626 0.95993902
v 0.26335087 -0.04131115 0.95930976
v 0.25822131 -0.03708228 0.95386056
v 0.25247842 -0.03986443 0.94893354
v 0.24523011 -0.05794845 0.94692524
v -0.24364060 -0.06846500 0.94776873
v -0.25127920 -0.04737626 0.94989753
v -0.18938977 -0.05282928 0.92269172
v -0.18799587 -0.05794845 0.92269172
v 0.19382284 -0.03819514 0.92269172
v -0.25166950 -0.12388555 0.98365036
v -0.25155799 -0.11064249 0.97190851
v -0.24910471 -0.12071390 0.97557700
v -0.24403089 -0.13078530 0.97568411
v -0.24274850 -0.13757376 0.97966056
v -0.24916046 -0.13072966 0.98650215
v -0.24391938 -0.13957691 0.98552478
v -0.24196791 -0.14686617 0.99350445
v -0.24481148 -0.14291551 0.99663741
v -0.25055437 -0.13256588 0.99604830
v -0.24252546 -0.14770082 1.00303718
v -0.24497874 -0.14319372 1.00655840
v -0.24252546 -0.14770082 1.00053350
v -0.23957040 -0.15187406 1.00655840
v -0.23366024 -0.16066566 1.00659858
v -0.25579546 -0.05794845 0.95627053
v -0.25016406 -0.05794845 0.95100878
v -0.25451305 -0.06846500 0.95756922
v -0.25250584 -0.08287657 0.95964449
v -0.24888169 -0.06846500 0.95229408
v -0.24274850 -0.07491961 0.94835781
v -0.24765503 -0.07892591 0.95391412
v -0.25127920 -0.08955374 0.96098336
v -0.24988530 -0.10096059 0.96455814
v -0.24570358 -0.10997478 0.96425017
v -0.24380787 -0.12115904 0.96806594
v -0.24246971 -0.12661207 0.96960566
v -0.22992456 -0.16595176 1.00659858
v -0.22462772 -0.17285151 1.00659858
v -0.22050176 -0.17813761 1.00659858
v -0.21938663 -0.17669089 1.01713547
v -0.21241710 -0.18103105 1.02512852
v -0.20628393 -0.18531556 1.02893088
v -0.20226947 -0.19182581 1.02570422
v -0.19596901 -0.19594340 1.02921205
v -0.18955705 -0.20006100 1.03271989
v -0.17913063 -0.20022793 1.04345761
v -0.16792361 -0.21024369 1.04288188
v -0.15604755 -0.21986995 1.04181081
v -0.15197734 -0.22604633 1.03753980
v -0.14227575 -0.22977442 1.04087358
v -0.13658861 -0.23161066 1.04317644
v -0.12309561 -0.24062483 1.04120831
v -0.11607032 -0.24246107 1.04355131
v -0.11958297 -0.23628467 1.04799638
v -0.11066197 -0.24368521 1.04493036
v -0.10012404 -0.24591093 1.04736709
v -0.09404661 -0.24190463 1.05383383
v -0.06851025 -0.25642749 1.04752776
v -0.07904818 -0.25492512 1.04582740
v -0.05992379 -0.26277080 1.04248024
v -0.05702447 -0.26594246 1.03866446
v -0.04737864 -0.26811253 1.03820923
v -0.03583710 -0.27061649 1.03716492
v -0.02630278 -0.27078341 1.03865108
v -0.02630278 -0.27428893 1.03337594
v -0.01576485 -0.27785007 1.02767237
v -0.00522692 -0.27823959 1.02767237
v 0.00525525 -0.27823959 1.02767237
v 0.01579318 -0.27785007 1.02767237
v 0.02633111 -0.27707107 1.02767237
v 0.03185098 -0.27406637 1.03298765
v 0.03887626 -0.27362122 1.03211740
v 0.04740697 -0.27295349 1.03077853
v 0.05727582 -0.26610939 1.03877158
v 0.06034242 -0.26288209 1.04265430
v 0.12842078 -0.24346264 1.03443364
v 0.15228446 -0.23383638 1.02688241
v 0.15546256 -0.23010829 1.02986811
v 0.13544607 -0.24151513 1.03140779
v 0.14224834 -0.23945633 1.02780625
v 0.11431445 -0.25225426 1.03163541
v 0.16756166 -0.22053767 1.03166217
v 0.18150073 -0.21274763 1.02575777
v 0.18479034 -0.20812925 1.02863633
v 0.17464272 -0.21664265 1.02871668
v 0.19181563 -0.20228672 1.02767237
v 0.19711247 -0.19711191 1.02767237
v 0.20235356 -0.19188146 1.02767237
v 0.20820796 -0.18481478 1.02871668
v 0.21283573 -0.18153183 1.02590504
v 0.21668292 -0.17474337 1.02883718
v 0.22058585 -0.16767670 1.03175590
v 0.08376003 -0.26332724 1.03263957
v 0.08955869 -0.26232565 1.03065804
v 0.09965056 -0.26048943 1.02708326
v 0.06848283 -0.26544168 1.03597332
v 0.07673475 -0.26432880 1.03429975
v 0.23023167 -0.15565777 1.03006893
v 0.23402310 -0.15243048 1.02700290
v 0.23976599 -0.14241472 1.02798031
v 0.25247842 -0.12555485 1.02093783
v 0.24567616 -0.13200946 1.02798031
v 0.24355742 -0.13896484 1.02467329
v 0.26351816 -0.10546768 0.99063928
v 0.26764410 -0.08955374 0.98552478
v 0.27149129 -0.07814691 0.98643521
v 0.26162243 -0.11164407 0.99604830
v 0.26390843 -0.10635797 0.99604830
v 0.26636172 -0.10012594 0.99604830
v 0.25047118 -0.13134174 1.01730953
v 0.24456102 -0.14241472 1.01639910
v 0.24255381 -0.14781210 1.01239589
v 0.25125179 -0.13379003 1.00659858
v 0.25403959 -0.12855958 1.00659858
v 0.25387234 -0.12822572 0.99604830
v 0.25727346 -0.12115904 0.99604830
v 0.26368540 -0.09539627 0.97986138
v 0.26156670 -0.08955374 0.97283232
v 0.26284907 -0.08215321 0.97074371
v 0.26390843 -0.07514217 0.96917722
v 0.26034004 -0.06846500 0.96276404
v 0.26167820 -0.05794845 0.96119756
v 0.25643711 -0.05794845 0.95582872
v 0.25749648 -0.04737626 0.95481117
v 0.25169783 -0.04737626 0.94953603
v 0.24400347 -0.06846500 0.94756788
v 0.19203866 -0.04592954 0.92269172
v -0.23477534 -0.08955374 0.94699218
v -0.18453899 -0.06829807 0.92269172
v -0.24046249 -0.13362310 0.97263150
v -0.23706136 -0.14213650 0.97506824
v -0.23360448 -0.15020476 0.97749159
v -0.23126271 -0.15721579 0.98164207
v -0.23527717 -0.15337641 0.98529720
v -0.24074127 -0.14480736 0.98552478
v -0.23271237 -0.15921894 0.98865774
v -0.23349296 -0.16038745 0.99604830
v -0.23923585 -0.15187406 0.99663741
v -0.24598236 -0.08955374 0.95577516
v -0.24391938 -0.10012594 0.95770313
v -0.24146611 -0.08193063 0.94928165
v -0.23315842 -0.09812279 0.94776873
v -0.24269274 -0.10602412 0.95888132
v -0.24102005 -0.11303514 0.96060845
v -0.23901282 -0.12115904 0.96280422
v -0.23221056 -0.12711285 0.95882777
v -0.23633654 -0.13039580 0.96524095
v -0.23343721 -0.13963256 0.96789192
v -0.23131846 -0.14664360 0.97047591
v -0.22970153 -0.16561791 0.99604830
v -0.22440469 -0.17257329 0.99604830
v -0.21085592 -0.18982267 1.00244807
v -0.21057716 -0.18948880 1.00947713
v -0.22027873 -0.17785939 0.99604830
v -0.21085592 -0.18982267 1.00074771
v -0.21408978 -0.18303420 1.01713547
v -0.20951778 -0.18832030 1.01713547
v -0.19914712 -0.19911506 1.01713547
v -0.19184305 -0.20223107 1.02569083
v -0.18102634 -0.21235813 1.02512852
v -0.17857307 -0.21024369 1.03214416
v -0.18253176 -0.20323266 1.03642855
v -0.17533920 -0.20673818 1.03965522
v -0.16396494 -0.21653137 1.03882514
v -0.17154778 -0.21313713 1.03585282
v -0.16000623 -0.22270775 1.03478175
v -0.14790714 -0.23211144 1.03328221
v -0.14227575 -0.23383638 1.03559844
v -0.13229539 -0.23745319 1.03867785
v -0.12805791 -0.24324007 1.03417926
v -0.12019629 -0.24451986 1.03790130
v -0.11049470 -0.24919387 1.03772724
v -0.10012404 -0.25119704 1.04110120
v -0.09354481 -0.25247683 1.04286850
v -0.08651952 -0.25370098 1.04442160
v -0.09031094 -0.24780280 1.04913442
v -0.06851025 -0.26171358 1.04098070
v -0.06851025 -0.26527475 1.03570556
v -0.04737864 -0.27284219 1.03059110
v -0.03862491 -0.27356556 1.03199690
v -0.03159962 -0.27401071 1.03294748
v -0.02630278 -0.27701544 1.02767237
v -0.01576485 -0.28168947 1.01713547
v -0.02630278 -0.28091047 1.01713547
v -0.00522692 -0.28207896 1.01713547
v 0.00525525 -0.28207896 1.01713547
v 0.01579318 -0.28168947 1.01713547
v 0.02633111 -0.28091047 1.01713547
v 0.03686904 -0.27979759 1.01713547
v 0.03597694 -0.27579130 1.02823468
v 0.04740697 -0.27545744 1.02550340
v 0.05582616 -0.27467844 1.02385659
v 0.05878124 -0.27228578 1.02748490
v 0.12150701 -0.25069624 1.02794013
v 0.13873569 -0.24340699 1.02437873
v 0.15841764 -0.23205579 1.02283905
v 0.16298964 -0.22632456 1.02725731
v 0.13187766 -0.24535451 1.02780625
v 0.11074605 -0.25559284 1.02794013
v 0.11816163 -0.25403483 1.02460635
v 0.17023796 -0.22254082 1.02463311
v 0.17743052 -0.21992560 1.01713547
v 0.18852601 -0.20968726 1.01945171
v 0.19928696 -0.19928199 1.01994708
v 0.20976914 -0.18859852 1.01959897
v 0.21997253 -0.17752554 1.01713547
v 0.22259308 -0.17029192 1.02472685
v 0.23218316 -0.15855123 1.02303987
v 0.06848283 -0.26994875 1.02767237
v 0.07974559 -0.26644324 1.02854262
v 0.08955869 -0.26488524 1.02539628
v 0.09580338 -0.26382802 1.02318716
v 0.24149445 -0.14603153 1.01942494
v 0.26446601 -0.09940258 0.98648877
v 0.25331476 -0.12716850 0.98975561
v 0.25487593 -0.12110340 0.98595322
v 0.26022853 -0.10964092 0.98648877
v 0.26229152 -0.10240731 0.98362360
v 0.23865086 -0.15192969 1.01639910
v 0.23318676 -0.15994230 1.01713547
v 0.23419036 -0.16133338 1.00659858
v 0.23943145 -0.15348770 1.00659858
v 0.24283258 -0.14825725 1.00659858
v 0.24640099 -0.14224779 1.00659858
v 0.25102875 -0.13345618 0.99604830
v 0.24283258 -0.14820160 0.99817709
v 0.25370507 -0.11754224 0.97887063
v 0.25493168 -0.10991913 0.97521550
v 0.25967097 -0.09940258 0.97580461
v 0.25314749 -0.10591283 0.96941822
v 0.25431837 -0.10012594 0.96798562
v 0.25632561 -0.08955374 0.96566939
v 0.25281297 -0.08387815 0.95929638
v 0.25387234 -0.07686711 0.95823866
v 0.25509897 -0.06846500 0.95707385
v 0.24924455 -0.06846500 0.95181209
v 0.25052695 -0.05794845 0.95055358
v 0.24299985 -0.07564297 0.94819717
v 0.23519398 -0.08955374 0.94684489
v 0.18807996 -0.06011853 0.92269172
v 0.18874903 -0.05794845 0.92269172
v 0.19003143 -0.05333007 0.92269172
v 0.19164836 -0.04737626 0.92269172
v -0.18013424 -0.07903719 0.92269172
v -0.22936701 -0.15337641 0.97438542
v -0.22362410 -0.16272447 0.97569749
v -0.22167265 -0.16906777 0.97970071
v -0.22858642 -0.16300267 0.98529720
v -0.22289927 -0.17068142 0.98552478
v -0.24007220 -0.08955374 0.95050002
v -0.23683834 -0.10101623 0.95171839
v -0.23170876 -0.10513382 0.94870592
v -0.22507378 -0.11064249 0.94677795
v -0.22295503 -0.11910025 0.94763482
v -0.23734014 -0.10997478 0.95572160
v -0.23371599 -0.12115904 0.95739517
v -0.22652343 -0.12204933 0.95151757
v -0.22105932 -0.12611128 0.94877286
v -0.22663495 -0.13106352 0.95596260
v -0.22312229 -0.13985513 0.95754246
v -0.23014759 -0.13412390 0.96086286
v -0.22724826 -0.14324937 0.96374141
v -0.22395865 -0.15281998 0.96695469
v -0.22183990 -0.15882944 0.96912367
v -0.20042951 -0.20045050 1.00371999
v -0.20550332 -0.19499747 1.00659858
v -0.20015073 -0.20011663 1.01074905
v -0.21871756 -0.17596752 0.98552478
v -0.21024260 -0.18909930 0.99371868
v -0.21420130 -0.18514864 0.99675791
v -0.20533607 -0.19483055 0.99690517
v -0.20042951 -0.20045050 1.00010507
v -0.19385028 -0.20417859 1.01713547
v -0.18821889 -0.20946469 1.01713547
v -0.18297782 -0.21408307 1.01713547
v -0.17667736 -0.21931351 1.01713547
v -0.16970782 -0.22220697 1.02396368
v -0.17416833 -0.21625315 1.02806063
v -0.16703152 -0.22014816 1.03099274
v -0.15554575 -0.23016392 1.02767237
v -0.15030466 -0.23366945 1.02767237
v -0.14199697 -0.23895554 1.02752508
v -0.13508319 -0.24129255 1.03093918
v -0.13162630 -0.24496501 1.02752508
v -0.12125565 -0.25030674 1.02769913
v -0.11389583 -0.25203168 1.03122035
v -0.10687055 -0.25358968 1.03389808
v -0.10012404 -0.25492512 1.03583944
v -0.08986489 -0.25653877 1.03890546
v -0.07949423 -0.26065636 1.03786115
v -0.07626037 -0.26421753 1.03411232
v -0.06851025 -0.26961490 1.02767237
v -0.05852988 -0.27211886 1.02741796
v -0.05540754 -0.27462278 1.02373609
v -0.04737864 -0.27534615 1.02532934
v -0.03583710 -0.27573566 1.02815436
v -0.01576485 -0.28341440 1.00659858
v -0.00522692 -0.28385954 1.00659858
v -0.02630278 -0.28269103 1.00659858
v -0.03684071 -0.27968633 1.01713547
v -0.03684071 -0.28152255 1.00659858
v 0.00525525 -0.28380391 1.00659858
v 0.01579318 -0.28341440 1.00659858
v 0.02633111 -0.28269103 1.00659858
v 0.03686904 -0.28157818 1.00659858
v 0.04740697 -0.27829522 1.01713547
v 0.06285145 -0.27395508 1.02214282
v 0.12518693 -0.25230989 1.02036214
v 0.13115284 -0.25019545 1.01696142
v 0.14224834 -0.24429729 1.01615810
v 0.14576097 -0.24134820 1.01900989
v 0.15981154 -0.23305738 1.01713547
v 0.16505264 -0.22932927 1.01713547
v 0.17218944 -0.22404319 1.01713547
v 0.15178264 -0.23851039 1.01615810
v 0.10282867 -0.26254822 1.01917053
v 0.10968669 -0.26060073 1.01623842
v 0.12150701 -0.25509205 1.01696142
v 0.17882442 -0.22103845 1.00659858
v 0.18991991 -0.21096704 1.01242265
v 0.18479034 -0.21397178 1.01641248
v 0.19460345 -0.20518016 1.01618487
v 0.20062512 -0.20061743 1.01291802
v 0.20519712 -0.19460797 1.01626519
v 0.21099577 -0.18993394 1.01256991
v 0.21406237 -0.18481478 1.01650618
v 0.22108766 -0.17886096 1.00659858
v 0.22409849 -0.17223943 1.01713547
v 0.22933957 -0.16517276 1.01713547
v 0.06848283 -0.27323171 1.01965253
v 0.07801715 -0.27167371 1.01614469
v 0.09965056 -0.26455139 1.01623842
v 0.08955869 -0.26783431 1.01713547
v 0.24233078 -0.14742260 0.99114803
v 0.24439377 -0.14041156 0.98552478
v 0.24974635 -0.13111916 0.98595322
v 0.25197662 -0.12455327 0.98273993
v 0.23039895 -0.16661948 1.00659858
v 0.23396735 -0.16111080 0.99604830
v 0.23023167 -0.16634126 0.99604830
v 0.24534161 -0.14324937 0.99521819
v 0.23982175 -0.15215226 0.99521819
v 0.24305562 -0.13813019 0.97913839
v 0.24456102 -0.13106352 0.97537618
v 0.24969061 -0.12110340 0.97521550
v 0.25158632 -0.11292386 0.97185496
v 0.24277683 -0.12716850 0.96925755
v 0.24428226 -0.12115904 0.96749025
v 0.24729308 -0.10986349 0.96479910
v 0.24974635 -0.10012594 0.96271048
v 0.25180935 -0.08955374 0.96040763
v 0.24450526 -0.10012594 0.95720773
v 0.24651249 -0.08955374 0.95537349
v 0.24790640 -0.07976055 0.95365974
v 0.24171746 -0.08270964 0.94906742
v 0.23313101 -0.10012594 0.94782226
v 0.18144497 -0.07775740 0.92269172
v 0.18512488 -0.06879886 0.92269172
v -0.17617556 -0.08727238 0.92269172
v -0.21921936 -0.16584048 0.97267165
v -0.21553946 -0.17324101 0.97569749
v -0.21180377 -0.18036333 0.97870996
v -0.23037061 -0.11064249 0.94980379
v -0.17506043 -0.08955374 0.92269172
v -0.17461437 -0.09044404 0.92269172
v -0.16926178 -0.10012594 0.92269172
v -0.21408978 -0.13173124 0.94705912
v -0.21185954 -0.13868663 0.94794276
v -0.21933087 -0.13173124 0.95015191
v -0.21637580 -0.14280422 0.95353925
v -0.22089206 -0.14686617 0.95959093
v -0.21877331 -0.15281998 0.96167955
v -0.21526067 -0.16233495 0.96516060
v -0.21219408 -0.17034757 0.96824000
v -0.18972432 -0.21080012 1.00175187
v -0.19496541 -0.20545838 1.00625046
v -0.18938977 -0.21052191 1.00878093
v -0.21347647 -0.18225520 0.98552478
v -0.20884870 -0.18754130 0.98552478
v -0.20355186 -0.19316125 0.98552478
v -0.19981619 -0.19983843 0.99307601
v -0.18916674 -0.21024369 0.99405338
v -0.18972432 -0.21080012 1.00108244
v -0.17812701 -0.22048203 1.00659858
v -0.17143627 -0.22348675 1.01713547
v -0.15788750 -0.23172194 1.02200894
v -0.16346312 -0.22471091 1.02755187
v -0.13831707 -0.24318442 1.02391012
v -0.11774301 -0.25381226 1.02419129
v -0.11049470 -0.25525898 1.02769913
v -0.09939921 -0.26015558 1.02689582
v -0.08958611 -0.26210308 1.03021622
v -0.08328566 -0.26316031 1.03237178
v -0.06243282 -0.27384378 1.02179474
v -0.07949423 -0.26622068 1.02838195
v -0.04737864 -0.27812829 1.01713547
v -0.05852988 -0.27579130 1.01781829
v -0.01576485 -0.28313618 0.99604830
v -0.00522692 -0.28358132 0.99604830
v 0.00525525 -0.28358132 0.99604830
v -0.02630278 -0.28241284 0.99604830
v -0.03684071 -0.28124432 0.99604830
v -0.04737864 -0.27990888 1.00659858
v 0.01579318 -0.28319184 0.99604830
v 0.02633111 -0.28241284 0.99604830
v 0.03686904 -0.28124432 0.99604830
v 0.04740697 -0.28007581 1.00659858
v 0.05794490 -0.27818396 1.00659858
v 0.06848283 -0.27473408 1.01439077
v 0.05878124 -0.27590259 1.01803249
v 0.07383542 -0.27406637 1.01198083
v 0.12724990 -0.25336711 1.01333308
v 0.14760092 -0.24246107 1.01198083
v 0.16131696 -0.23405895 1.00659858
v 0.16661381 -0.23038650 1.00659858
v 0.17358335 -0.22515604 1.00659858
v 0.10556073 -0.26354980 1.01214147
v 0.17860139 -0.22087153 0.99604830
v 0.19025446 -0.21130091 0.99825741
v 0.18440004 -0.21630879 1.00659858
v 0.19025446 -0.21130091 1.00659858
v 0.19555129 -0.20629303 1.00659858
v 0.20107116 -0.20106258 1.00659858
v 0.21138607 -0.19032344 1.00659858
v 0.21640413 -0.18442528 1.00659858
v 0.20631225 -0.19560955 1.00659858
v 0.22515786 -0.17363051 1.00659858
v 0.21133031 -0.19032344 0.99801642
v 0.22092038 -0.17863839 0.99604830
v 0.23301949 -0.15971973 0.98780087
v 0.23586305 -0.15365463 0.98478841
v 0.24127141 -0.14569766 0.98552478
v 0.22493483 -0.17335230 0.99604830
v 0.23162558 -0.15777222 0.98077181
v 0.23391159 -0.15070554 0.97702298
v 0.23736848 -0.14269294 0.97455948
v 0.24082536 -0.13417953 0.97210933
v 0.23168133 -0.14720003 0.96999392
v 0.23380008 -0.14018900 0.96751701
v 0.23669941 -0.13095224 0.96487945
v 0.23954296 -0.12115904 0.96222849
v 0.24138292 -0.11386979 0.96019343
v 0.24305562 -0.10680312 0.95854659
v 0.23201587 -0.10569026 0.94851848
v 0.23842785 -0.10012594 0.95193259
v 0.24043507 -0.08955374 0.95009835
v 0.22666327 -0.10980784 0.94704574
v 0.17553481 -0.09055532 0.92269172
v 0.18088741 -0.07903719 0.92269172
v -0.20923900 -0.17735859 0.97169428
v -0.20544756 -0.18436964 0.97497450
v -0.20165615 -0.19121374 0.97825473
v -0.16312859 -0.11019735 0.92269172
v -0.20238098 -0.15059426 0.94754112
v -0.19987195 -0.15760529 0.94885322
v -0.20940627 -0.14575331 0.94953603
v -0.21347647 -0.15281998 0.95685965
v -0.21130198 -0.15877380 0.95870727
v -0.20856993 -0.16584048 0.96121094
v -0.20539182 -0.17379745 0.96447778
v -0.20221371 -0.18136490 0.96773124
v -0.18531957 -0.21436128 1.00579526
v -0.19842229 -0.19844734 0.98552478
v -0.19312545 -0.20356652 0.98552478
v -0.18754982 -0.20879697 0.98552478
v -0.18230873 -0.21347098 0.98552478
v -0.17784824 -0.22031510 0.99604830
v -0.18515230 -0.21419435 0.99695873
v -0.17283017 -0.22459961 1.00659858
v -0.15950443 -0.23289044 1.01497988
v -0.16318435 -0.22927364 1.01795217
v -0.15376154 -0.23578389 1.01795217
v -0.14562113 -0.24123691 1.01713547
v -0.14038004 -0.24435292 1.01713547
v -0.13095724 -0.24980595 1.01655974
v -0.12476830 -0.25208731 1.01967932
v -0.11066197 -0.25932093 1.01713547
v -0.09538476 -0.26371672 1.02285243
v -0.12125565 -0.25470255 1.01655974
v -0.08958611 -0.26466268 1.02494105
v -0.07904818 -0.27072778 1.01713547
v -0.06929084 -0.27323171 1.01781829
v -0.06633576 -0.27484537 1.01477906
v -0.05791657 -0.27790574 1.00659858
v -0.01576485 -0.28085481 0.98552478
v -0.00522692 -0.28124432 0.98552478
v 0.00525525 -0.28129996 0.98552478
v -0.02630278 -0.28007581 0.98552478
v -0.03684071 -0.27885166 0.98552478
v -0.04737864 -0.27963066 0.99604830
v -0.04737864 -0.27729366 0.98552478
v 0.01579318 -0.28091047 0.98552478
v 0.02633111 -0.28013147 0.98552478
v 0.03686904 -0.27890729 0.98552478
v 0.04740697 -0.27974196 0.99604830
v 0.06848283 -0.27579130 1.00659858
v 0.05794490 -0.27785007 0.99604830
v 0.07478328 -0.27434456 0.99894026
v 0.07461602 -0.27428893 1.00659858
v 0.07991285 -0.27273093 1.00659858
v 0.08955869 -0.26972619 1.00659858
v 0.12117248 -0.25715084 1.00659858
v 0.12808624 -0.25381226 1.00659858
v 0.13338309 -0.25097446 1.00659858
v 0.14799123 -0.24268363 1.00659858
v 0.15323231 -0.23934504 1.00659858
v 0.14224834 -0.24602221 1.00659858
v 0.14804698 -0.24273927 0.99892685
v 0.16103819 -0.23389202 0.99604830
v 0.16633502 -0.23021957 0.99604830
v 0.17330455 -0.22493348 0.99604830
v 0.10617404 -0.26382802 1.00659858
v 0.11141513 -0.26154665 1.00659858
v 0.10009661 -0.26605375 1.00659858
v 0.17140885 -0.22343112 0.98552478
v 0.17664992 -0.21931351 0.98552478
v 0.18964113 -0.21068884 0.99122836
v 0.19426890 -0.20696075 0.99525837
v 0.20079238 -0.20078435 0.99604830
v 0.20698132 -0.19427411 0.99512449
v 0.21071699 -0.18965574 0.99101415
v 0.21501022 -0.18548250 0.99512449
v 0.21935921 -0.17674652 0.98552478
v 0.22348517 -0.17146043 0.98552478
v 0.22922806 -0.16328089 0.98478841
v 0.22203551 -0.16956857 0.97908483
v 0.22432151 -0.16305832 0.97533600
v 0.23006440 -0.15365463 0.97409087
v 0.22225853 -0.15938588 0.96866844
v 0.22448879 -0.15281998 0.96632544
v 0.22125493 -0.14747825 0.95921603
v 0.22755538 -0.14386144 0.96336653
v 0.23051046 -0.13473597 0.96048795
v 0.23257343 -0.12772494 0.95851983
v 0.23430188 -0.12115904 0.95699353
v 0.23669941 -0.10975220 0.95420868
v 0.23017593 -0.11275693 0.94988411
v 0.22136644 -0.12655643 0.94859881
v 0.22276034 -0.12115904 0.94780888
v 0.17090703 -0.09884615 0.92269172
v -0.19897985 -0.18837595 0.97122567
v -0.19507692 -0.19510875 0.97473351
v -0.19117397 -0.20167465 0.97825473
v -0.15498817 -0.12104776 0.92269172
v -0.19223334 -0.16333654 0.94752773
v -0.15392881 -0.12238319 0.92269172
v -0.20154463 -0.17018064 0.95809139
v -0.20522455 -0.16272447 0.95627053
v -0.20572635 -0.15359898 0.95112928
v -0.18994735 -0.16890085 0.94849172
v -0.19747444 -0.16333654 0.95062052
v -0.19847805 -0.17719167 0.96070218
v -0.19524418 -0.18470349 0.96414308
v -0.19195455 -0.19199274 0.96757057
v -0.18035727 -0.21185734 0.97868319
v -0.16909451 -0.22170617 0.97968733
v -0.17595252 -0.21875709 0.98552478
v -0.17071144 -0.22293032 0.98552478
v -0.17260715 -0.22437704 0.99604830
v -0.16586065 -0.22983007 1.00659858
v -0.16558186 -0.22966314 0.99604830
v -0.16056381 -0.23361380 1.00659858
v -0.14718230 -0.24218285 1.00916919
v -0.12688703 -0.25314454 1.01265026
v -0.10503059 -0.26332724 1.00995912
v -0.10291185 -0.26254822 1.01713547
v -0.09761501 -0.26455139 1.01713547
v -0.08958611 -0.26738920 1.01713547
v -0.07336105 -0.27389941 1.01058841
v -0.06929084 -0.27523485 1.00687975
v -0.07436465 -0.27417763 1.00355935
v -0.07436465 -0.27417763 0.99987745
v -0.05791657 -0.27762752 0.99604830
v -0.01576485 -0.27657030 0.97556361
v -0.02630278 -0.27618078 0.97624643
v -0.00522692 -0.27679288 0.97518874
v 0.00525525 -0.27679288 0.97517535
v 0.01579318 -0.27662593 0.97552344
v -0.03684071 -0.27556871 0.97731753
v -0.04737864 -0.27478971 0.97879028
v -0.06577819 -0.27467844 0.98881842
v -0.05752627 -0.27534615 0.98539090
v -0.05367909 -0.27423330 0.97983459
v 0.02633111 -0.27623644 0.97621966
v 0.03686904 -0.27562437 0.97726397
v 0.04740697 -0.27484537 0.97864302
v 0.04740697 -0.27740496 0.98552478
v 0.06614106 -0.27473408 0.98859080
v 0.07316635 -0.27389941 0.99191120
v 0.06920766 -0.27534615 0.99567342
v 0.07857470 -0.27278656 0.99567342
v 0.08955869 -0.26944797 0.99604830
v 0.10622980 -0.26382802 0.99872603
v 0.12117248 -0.25687264 0.99604830
v 0.12786322 -0.25364533 0.99604830
v 0.13310430 -0.25086317 0.99604830
v 0.14726640 -0.24223849 0.99191120
v 0.15206143 -0.23973455 0.99567342
v 0.14314042 -0.24513193 0.99567342
v 0.15970003 -0.23294608 0.98794813
v 0.16326843 -0.22916235 0.98486876
v 0.16956889 -0.22204003 0.97916516
v 0.18083165 -0.21219121 0.97817440
v 0.18295038 -0.21402743 0.98552478
v 0.18824723 -0.20946469 0.98552478
v 0.19510524 -0.20345522 0.98648877
v 0.20029058 -0.20028358 0.99065266
v 0.20352444 -0.19510875 0.98648877
v 0.20954611 -0.18832030 0.98552478
v 0.21411812 -0.18308984 0.98552478
v 0.21227817 -0.18091975 0.97809408
v 0.21963798 -0.16639691 0.97205578
v 0.21595808 -0.17374180 0.97506824
v 0.21261271 -0.17090399 0.96782495
v 0.21567930 -0.16289139 0.96473216
v 0.21935921 -0.15281998 0.96105030
v 0.22348517 -0.14046720 0.95726129
v 0.21172062 -0.15933023 0.95835915
v 0.21411812 -0.15281998 0.95640441
v 0.20982489 -0.14619845 0.94926824
v 0.21673867 -0.14330501 0.95327145
v 0.22593844 -0.13061838 0.95438273
v 0.22800144 -0.12115904 0.95171839
v 0.21919194 -0.13356746 0.95023223
v 0.21216665 -0.13918741 0.94780888
v 0.21584657 -0.13072966 0.94724656
v 0.16817498 -0.10335324 0.92269172
v -0.18838615 -0.19900378 0.97122567
v -0.18437172 -0.20545838 0.97496112
v -0.14405996 -0.13356746 0.92269172
v -0.18364689 -0.17301843 0.94755450
v -0.19418482 -0.17301843 0.95444967
v -0.19145276 -0.18097540 0.95782363
v -0.18660196 -0.17591187 0.95079457
v -0.17957669 -0.17958433 0.94839799
v -0.18805163 -0.18804208 0.96054151
v -0.18470626 -0.19522005 0.96414308
v -0.18136088 -0.20223107 0.96774462
v -0.17740218 -0.20924212 0.97165413
v -0.17322047 -0.21552979 0.97567073
v -0.16586065 -0.21920223 0.97265827
v -0.16273829 -0.22365369 0.97569749
v -0.15721843 -0.23127679 0.98172242
v -0.16296131 -0.22855028 0.98535072
v -0.15916989 -0.23261223 0.98875148
v -0.16028502 -0.23339123 0.99604830
v -0.14762836 -0.24246107 1.00214013
v -0.15181007 -0.23945633 1.00602285
v -0.14762836 -0.24246107 1.00089500
v -0.14311210 -0.24479807 1.00602285
v -0.13274144 -0.25064059 1.00659858
v -0.12750036 -0.25347840 1.00659858
v -0.12119990 -0.25648312 1.00659858
v -0.10564390 -0.26360546 1.00294347
v -0.10096038 -0.26516346 1.00650484
v -0.08958611 -0.26933668 1.00659858
v -0.10976987 -0.26160230 1.00650484
v -0.07832335 -0.27278656 1.00687975
v -0.07832335 -0.27256400 0.99623574
v -0.07280348 -0.27378815 0.99284840
v -0.06895630 -0.27512359 0.99623574
v -0.08958611 -0.26900283 0.99604830
v -0.01576485 -0.27367686 0.97028847
v -0.02630278 -0.27323171 0.97097129
v -0.00522692 -0.27389941 0.96992698
v 0.00525525 -0.27389941 0.96991360
v 0.01579318 -0.27367686 0.97024830
v -0.03684071 -0.27261963 0.97205578
v -0.04737864 -0.27178500 0.97352852
v -0.06070438 -0.27345430 0.98178936
v -0.07904818 -0.26989312 0.98552478
v -0.06895630 -0.27267527 0.98539090
v -0.06851025 -0.26805690 0.97498792
v -0.05752627 -0.27111727 0.97579123
v 0.02633111 -0.27328734 0.97095791
v 0.03686904 -0.27261963 0.97200222
v 0.04740697 -0.27184064 0.97338126
v 0.05398620 -0.27428893 0.97972750
v 0.05766612 -0.27545744 0.98525702
v 0.06101149 -0.27356556 0.98156174
v 0.06920766 -0.27284219 0.98525702
v 0.07902075 -0.27022697 0.98552478
v 0.09056229 -0.26627631 0.98454741
v 0.09803363 -0.26466268 0.98739920
v 0.10505892 -0.26332724 0.99171035
v 0.10093295 -0.26538602 0.99555292
v 0.11013274 -0.26176922 0.99555292
v 0.12691537 -0.25320018 0.99009034
v 0.14012959 -0.24418599 0.98552478
v 0.14537068 -0.24112563 0.98552478
v 0.15362260 -0.23572824 0.98486876
v 0.15763706 -0.23155501 0.98091907
v 0.16298964 -0.22421011 0.97537618
v 0.16627928 -0.21953609 0.97213613
v 0.17369485 -0.21586365 0.97514856
v 0.18484610 -0.20584788 0.97443898
v 0.19164836 -0.20206415 0.97773259
v 0.17782081 -0.20963162 0.97114535
v 0.19867366 -0.19866991 0.98362360
v 0.20213054 -0.19165889 0.97767903
v 0.20592195 -0.18487042 0.97437201
v 0.20971339 -0.17791504 0.97106502
v 0.20268809 -0.18186570 0.96734295
v 0.20581043 -0.17424258 0.96407614
v 0.20898855 -0.16639691 0.96079589
v 0.20196327 -0.17062579 0.95781022
v 0.20547591 -0.16305832 0.95577516
v 0.20017906 -0.15799479 0.94866575
v 0.20597771 -0.15382155 0.95064728
v 0.20279961 -0.15098376 0.94738044
v 0.16349147 -0.11053120 0.92269172
v 0.16360297 -0.11036428 0.92269172
v -0.14205273 -0.13557062 0.92269172
v -0.17299744 -0.18364627 0.94755450
v -0.18381416 -0.18381321 0.95428900
v -0.18102634 -0.19143631 0.95779684
v -0.16892724 -0.18998959 0.94846493
v -0.17595252 -0.18659536 0.95076778
v -0.17717915 -0.19850299 0.96071557
v -0.17377802 -0.20540274 0.96447778
v -0.17037689 -0.21219121 0.96822662
v -0.15883536 -0.22187310 0.96908349
v -0.15331549 -0.22938492 0.97441219
v -0.15019314 -0.23355816 0.97754515
v -0.15331549 -0.23517180 0.98535072
v -0.13753648 -0.24268363 0.97972750
v -0.14472903 -0.24073613 0.98552478
v -0.14679201 -0.24196027 0.99386594
v -0.15181007 -0.23917811 0.99685161
v -0.14288907 -0.24468679 0.99685161
v -0.12738884 -0.25342276 0.99785577
v -0.10564390 -0.26360546 1.00050671
v -0.09744774 -0.26449572 0.98780087
v -0.09031094 -0.26605375 0.98478841
v -0.10062584 -0.26505217 0.99661061
v -0.10447302 -0.26310467 0.99347768
v -0.01576485 -0.26900283 0.96443764
v -0.02719488 -0.26727790 0.96340671
v -0.03684071 -0.26733353 0.96491960
v -0.00522692 -0.26944797 0.96443764
v 0.00525525 -0.26944797 0.96443764
v 0.01579318 -0.26905849 0.96443764
v 0.02727897 -0.26727790 0.96340671
v -0.04737864 -0.26655453 0.96587021
v -0.05791657 -0.26549731 0.96711537
v -0.08730010 -0.26449572 0.97838864
v -0.07810033 -0.26538602 0.97492094
v -0.09432539 -0.26327158 0.98077181
v -0.07397436 -0.26354980 0.96961904
v -0.06851025 -0.26427317 0.96869523
v 0.03686904 -0.26738920 0.96490622
v 0.04740697 -0.26655453 0.96588359
v 0.05794490 -0.26555294 0.96708857
v 0.06848283 -0.26432880 0.96861488
v 0.05766612 -0.27117290 0.97572429
v 0.06848283 -0.26827946 0.97498792
v 0.07824017 -0.26555294 0.97482724
v 0.08766297 -0.26460702 0.97822796
v 0.09468826 -0.26343853 0.98037014
v 0.10093295 -0.26254822 0.98454741
v 0.11063454 -0.25898706 0.98552478
v 0.12423906 -0.25186474 0.98307467
v 0.13092981 -0.24952774 0.98615407
v 0.12094945 -0.25459126 0.98615407
v 0.13795511 -0.24296185 0.97932583
v 0.15061178 -0.23383638 0.97722380
v 0.15362260 -0.22988572 0.97422475
v 0.15925399 -0.22215132 0.96877555
v 0.17079553 -0.21252506 0.96791868
v 0.18886054 -0.19939328 0.97070353
v 0.19555129 -0.19555390 0.97418457
v 0.18183526 -0.20262057 0.96742331
v 0.19945423 -0.18887672 0.97064997
v 0.19242894 -0.19238224 0.96724925
v 0.19566280 -0.18514864 0.96378159
v 0.19889668 -0.17763681 0.96031392
v 0.19187140 -0.18136490 0.95752908
v 0.19449193 -0.17340793 0.95415512
v 0.19789306 -0.16333654 0.95027240
v 0.19014294 -0.16912342 0.94837122
v 0.19265198 -0.16333654 0.94739385
v 0.15484924 -0.12210497 0.92269172
v 0.15886369 -0.11687453 0.92269172
v -0.13352202 -0.14402837 0.92269172
v -0.16335162 -0.19221531 0.94751432
v -0.17305320 -0.19421847 0.95442288
v -0.17015388 -0.20156337 0.95809139
v -0.15052767 -0.20245365 0.94750094
v -0.15755296 -0.19983843 0.94887998
v -0.16335162 -0.19750141 0.95063390
v -0.16586065 -0.20857440 0.96119756
v -0.16234801 -0.21530722 0.96513383
v -0.15281369 -0.21881273 0.96163938
v -0.15281369 -0.22393189 0.96691452
v -0.14662474 -0.23127679 0.97051609
v -0.14205273 -0.23700804 0.97512180
v -0.12443376 -0.25197604 0.98552478
v -0.13173782 -0.24813665 0.98552478
v -0.13948794 -0.24385214 0.98552478
v -0.13352202 -0.24045791 0.97269844
v -0.13073421 -0.24390779 0.97572429
v -0.11679516 -0.25336711 0.97952665
v -0.12644098 -0.25292196 0.99084010
v -0.13123602 -0.25097446 0.99503075
v -0.12220351 -0.25553720 0.99503075
v -0.10976987 -0.26132408 0.99661061
v -0.11066197 -0.25831936 0.98552478
v -0.10062584 -0.26221437 0.98478841
v -0.02423980 -0.26382802 0.95882777
v -0.01576485 -0.26410624 0.95850645
v -0.03126508 -0.26343853 0.95921603
v -0.03684071 -0.26304902 0.95964449
v -0.00522692 -0.26432880 0.95829221
v 0.00525525 -0.26432880 0.95829221
v 0.01579318 -0.26410624 0.95850645
v 0.02443540 -0.26382802 0.95882777
v 0.03146068 -0.26343853 0.95918926
v -0.04737864 -0.26215872 0.96060845
v -0.05791657 -0.26110150 0.96184023
v -0.08099965 -0.26243695 0.97135958
v -0.09031094 -0.26137973 0.97492094
v -0.11066197 -0.25470255 0.97721042
v -0.10096038 -0.25687264 0.97403731
v -0.06851025 -0.25982171 0.96343347
v -0.08958611 -0.25575977 0.96627188
v -0.08278385 -0.25247683 0.95968464
v 0.03686904 -0.26304902 0.95964449
v 0.04740697 -0.26215872 0.96060845
v 0.05794490 -0.26115715 0.96181343
v 0.06848283 -0.25987736 0.96335315
v 0.07416997 -0.26360546 0.96955210
v 0.08119525 -0.26254822 0.97119890
v 0.09056229 -0.26160230 0.97482724
v 0.10009661 -0.25820806 0.97498792
v 0.10968669 -0.25464690 0.97537618
v 0.11721378 -0.25358968 0.97915177
v 0.14698761 -0.23149936 0.97019477
v 0.13092981 -0.24435292 0.97548329
v 0.13394065 -0.24068048 0.97231015
v 0.16271087 -0.21558542 0.96483928
v 0.15278627 -0.22432139 0.96653964
v 0.14721065 -0.22109410 0.95939008
v 0.15278627 -0.21914659 0.96126450
v 0.16616776 -0.20885262 0.96088962
v 0.17414089 -0.20573660 0.96415646
v 0.17754202 -0.19883686 0.96039425
v 0.18512488 -0.19560955 0.96382173
v 0.18841450 -0.18843158 0.96022019
v 0.18138921 -0.19177016 0.95755584
v 0.18412128 -0.18414706 0.95403462
v 0.18690909 -0.17613445 0.95050002
v 0.17988380 -0.17986253 0.94823731
v 0.18378673 -0.17312973 0.94735368
v 0.14548221 -0.13306668 0.92269172
v 0.14938514 -0.12855958 0.92269172
v -0.12359742 -0.15254176 0.92269172
v -0.12214775 -0.15371028 0.92269172
v -0.16273829 -0.20523581 0.95625715
v -0.15883536 -0.21135656 0.95866709
v -0.12108839 -0.15454492 0.92269172
v -0.10982563 -0.16278010 0.92269172
v -0.13870735 -0.21185734 0.94794276
v -0.15353852 -0.20579224 0.95112928
v -0.14573263 -0.20946469 0.94954941
v -0.14684777 -0.22087153 0.95957752
v -0.14322361 -0.22715920 0.96376820
v -0.13959945 -0.23339123 0.96795886
v -0.12649674 -0.24240542 0.96967260
v -0.11919267 -0.25447998 0.98552478
v -0.12064234 -0.24902695 0.97560379
v -0.11066197 -0.25153089 0.97194866
v -0.10508635 -0.25281068 0.96990022
v -0.02725063 -0.25831936 0.95379362
v -0.02318043 -0.25314454 0.94846493
v -0.01576485 -0.25870886 0.95323131
v -0.03020572 -0.25269939 0.94875948
v -0.03684071 -0.25776292 0.95446306
v -0.04737864 -0.25692827 0.95529316
v -0.00522692 -0.25887578 0.95303046
v 0.00525525 -0.25887578 0.95303046
v 0.01579318 -0.25870886 0.95323131
v 0.02337603 -0.25320018 0.94843816
v 0.02739048 -0.25831936 0.95378024
v 0.03040131 -0.25275504 0.94874610
v 0.03686904 -0.25776292 0.95443629
v -0.05791657 -0.25581542 0.95632409
v -0.06851025 -0.25453562 0.95758264
v -0.09806106 -0.25420176 0.96811950
v -0.07575856 -0.25353403 0.95856001
v -0.08958611 -0.25125267 0.96099674
v -0.08958611 -0.24596658 0.95573498
v -0.07882516 -0.24758023 0.95391412
v 0.04740697 -0.25692827 0.95526637
v 0.05794490 -0.25587105 0.95628392
v 0.06848283 -0.25459126 0.95751566
v 0.07589841 -0.25358968 0.95853321
v 0.08292369 -0.25253246 0.95960432
v 0.08955869 -0.25592670 0.96613800
v 0.10009661 -0.25403483 0.96838729
v 0.10550497 -0.25297761 0.96964581
v 0.11253025 -0.25141961 0.97212272
v 0.12094945 -0.24941645 0.97537618
v 0.12691537 -0.24262799 0.96940481
v 0.13996232 -0.23366945 0.96771786
v 0.15914247 -0.21157913 0.95846627
v 0.15278627 -0.21386050 0.95657847
v 0.13438671 -0.23033086 0.96068880
v 0.14012959 -0.22331982 0.95742196
v 0.14308468 -0.21653137 0.95340537
v 0.17051675 -0.20184157 0.95785040
v 0.17330455 -0.19444105 0.95419530
v 0.17609237 -0.18692923 0.95052678
v 0.16906708 -0.19010087 0.94841137
v 0.17308155 -0.18381321 0.94738044
v 0.13934901 -0.13929870 0.92269172
v 0.14353072 -0.13512547 0.92269172
v -0.15281369 -0.21352663 0.95684623
v -0.10012404 -0.16895649 0.92269172
v -0.13173782 -0.21402743 0.94707250
v -0.11908116 -0.22293032 0.94766161
v -0.12610645 -0.22109410 0.94878625
v -0.13173782 -0.21931351 0.95017867
v -0.14277755 -0.21636444 0.95356601
v -0.13982248 -0.22309725 0.95758264
v -0.13402384 -0.23010829 0.96092980
v -0.13028816 -0.23628467 0.96530789
v -0.12119990 -0.23895554 0.96284436
v -0.12119990 -0.24374085 0.96811950
v -0.12699855 -0.23216708 0.95888132
v -0.10993713 -0.24568836 0.96423679
v -0.10597845 -0.24268363 0.95889471
v -0.10096038 -0.24986159 0.96454472
v -0.04737864 -0.24585529 0.94667086
v -0.03684071 -0.24685686 0.94647001
v -0.02708337 -0.19477490 0.92269172
v -0.01537456 -0.19611034 0.92269172
v -0.01576485 -0.25342276 0.94825072
v -0.03684071 -0.25214296 0.94920130
v -0.05791657 -0.24479807 0.94709930
v -0.05791657 -0.25008417 0.95104895
v -0.04737864 -0.25114139 0.95001803
v -0.00522692 -0.25364533 0.94810343
v 0.00525525 -0.25364533 0.94809005
v 0.01579318 -0.25342276 0.94823731
v 0.01651801 -0.19599905 0.92269172
v 0.02711170 -0.19483055 0.92269172
v 0.04740697 -0.24591093 0.94668424
v 0.03686904 -0.25214296 0.94917454
v 0.05794490 -0.24485371 0.94707250
v -0.06851025 -0.24886002 0.95230747
v -0.07492222 -0.24273927 0.94837122
v -0.10012404 -0.24390779 0.95770313
v -0.08958611 -0.24006841 0.95047322
v -0.08194751 -0.24151513 0.94925486
v -0.10101614 -0.23689674 0.95171839
v 0.04740697 -0.25114139 0.95000461
v 0.05794490 -0.25013982 0.95100878
v 0.06848283 -0.24891567 0.95225394
v 0.07896500 -0.24763588 0.95388733
v 0.08955869 -0.24607786 0.95565466
v 0.10009661 -0.24413036 0.95751566
v 0.08955869 -0.25136396 0.96086286
v 0.10009661 -0.24936080 0.96312554
v 0.10639707 -0.24285057 0.95873403
v 0.10946366 -0.24713508 0.96501334
v 0.12117248 -0.24407471 0.96774462
v 0.12736143 -0.23238966 0.95869389
v 0.13065103 -0.23650724 0.96505351
v 0.12117248 -0.23923376 0.96248287
v 0.15373412 -0.20590353 0.95084810
v 0.15786007 -0.20006100 0.94874610
v 0.16293389 -0.20540274 0.95592242
v 0.14598401 -0.20963162 0.94940215
v 0.13120860 -0.22671406 0.95574836
v 0.12635780 -0.22126103 0.94867916
v 0.13171041 -0.21953609 0.94997785
v 0.16332419 -0.19772399 0.95036611
v 0.16332419 -0.19249353 0.94742062
v 0.13299279 -0.14536381 0.92269172
v 0.13505578 -0.14347194 0.92269172
v -0.09036670 -0.17463210 0.92269172
v -0.11066197 -0.22504476 0.94681812
v -0.09811681 -0.23316866 0.94775532
v -0.10514210 -0.23172194 0.94870592
v -0.12203624 -0.22649148 0.95158451
v -0.13101298 -0.22660278 0.95601616
v -0.11066197 -0.23033086 0.94984397
v -0.11300373 -0.24101433 0.96059507
v -0.12119990 -0.23366945 0.95747552
v -0.10993713 -0.23734189 0.95576178
v -0.03684071 -0.19304996 0.92269172
v -0.00617478 -0.19666677 0.92269172
v -0.06851025 -0.24357392 0.94780888
v -0.04737864 -0.19065731 0.92269172
v 0.00614735 -0.19666677 0.92269172
v 0.01579318 -0.19605469 0.92269172
v 0.02906317 -0.19455233 0.92269172
v 0.03659026 -0.19321688 0.92269172
v 0.03686904 -0.19316125 0.92269172
v 0.04456340 -0.19149196 0.92269172
v 0.04740697 -0.19082424 0.92269172
v 0.05259230 -0.18943317 0.92269172
v 0.06848283 -0.24362957 0.94776873
v -0.08958611 -0.23483795 0.94696539
v 0.07500631 -0.24273927 0.94835781
v 0.08203159 -0.24157077 0.94922809
v 0.08955869 -0.24017968 0.95037952
v 0.10009661 -0.23817654 0.95224053
v 0.10539346 -0.23188886 0.94862560
v 0.10940791 -0.23656289 0.95438273
v 0.12117248 -0.23400330 0.95723452
v 0.11342235 -0.24123691 0.96036745
v 0.13895871 -0.21202426 0.94787582
v 0.15083480 -0.20262057 0.94743400
v 0.12217609 -0.22654713 0.95131671
v 0.11241875 -0.23005264 0.95003141
v 0.11933251 -0.22304162 0.94759467
v 0.12200881 -0.15465620 0.92269172
v 0.12340272 -0.15348770 0.92269172
v 0.12842078 -0.14925882 0.92269172
v -0.07904818 -0.18002948 0.92269172
v -0.05791657 -0.18776387 0.92269172
v 0.05794490 -0.18798645 0.92269172
v 0.05956183 -0.18754130 0.92269172
v 0.08955869 -0.23489360 0.94692524
v -0.06784118 -0.18448092 0.92269172
v 0.10009661 -0.23294608 0.94795617
v 0.13171041 -0.21430563 0.94699218
v 0.10299593 -0.16784363 0.92269172
v 0.11024425 -0.16316960 0.92269172
v 0.11665622 -0.15866251 0.92269172
v 0.10963093 -0.22654713 0.94712606
v 0.09022776 -0.17507723 0.92269172
v 0.09123137 -0.17452080 0.92269172
v 0.09847968 -0.17045886 0.92269172
v 0.06825980 -0.18464786 0.92269172
v 0.07729231 -0.18097540 0.92269172
v 0.07902075 -0.18025205 0.92269172
v 0.08247764 -0.17869404 0.92269172
f 1 2 6
f 1 6 3
f 1 3 10
f 1 10 4
f 1 4 5
f 1 5 2
f 2 5 7
f 2 7 8
f 2 8 14
f 2 14 6
f 3 6 9
f 3 9 10
f 4 11 5
f 4 10 11
f 5 11 12
f 5 12 13
f 5 13 18
f 5 18 7
f 6 14 15
f 6 15 9
f 7 16 17
f 7 17 8
f 7 18 16
f 8 17 27
f 8 27 14
f 9 15 29
f 9 29 19
f 9 19 20
f 9 20 21
f 9 21 10
f 10 21 11
f 11 21 22
f 11 22 23
f 11 23 24
f 11 24 12
f 12 24 25
f 12 25 13
f 13 25 45
f 13 45 26
f 13 26 35
f 13 35 18
f 14 27 15
f 15 28 29
f 15 27 28
f 16 30 17
f 16 18 31
f 16 31 32
f 16 32 30
f 17 33 34
f 17 34 27
f 17 30 33
f 18 35 54
f 18 54 31
f 19 29 50
f 19 50 36
f 19 36 37
f 19 37 20
f 20 37 63
f 20 63 38
f 20 38 22
f 20 22 21
f 22 38 39
f 22 39 40
f 22 40 41
f 22 41 23
f 23 41 42
f 23 42 24
f 24 42 43
f 24 43 44
f 24 44 25
f 25 44 45
f 26 45 73
f 26 73 46
f 26 46 59
f 26 59 35
f 27 34 47
f 27 47 28
f 28 47 48
f 28 48 49
f 28 49 29
f 29 49 78
f 29 78 50
f 30 51 52
f 30 52 33
f 30 32 53
f 30 53 51
f 31 54 55
f 31 55 32
f 32 55 83
f 32 83 53
f 33 52 56
f 33 56 34
f 34 56 57
f 34 57 58
f 34 58 47
f 35 59 85
f 35 85 54
f 36 50 79
f 36 79 60
f 36 60 61
f 36 61 62
f 36 62 37
f 37 62 63
f 38 63 64
f 38 64 39
f 39 64 65
f 39 65 66
f 39 66 40
f 40 66 67
f 40 67 41
f 41 67 42
f 42 67 68
f 42 68 69
f 42 69 43
f 43 69 70
f 43 70 44
f 44 70 71
f 44 71 45
f 45 72 73
f 45 71 72
f 46 73 74
f 46 74 89
f 46 89 59
f 47 75 48
f 47 58 75
f 48 76 120
f 48 120 77
f 48 77 49
f 48 75 76
f 49 77 78
f 50 78 122
f 50 122 79
f 51 80 52
f 51 53 81
f 51 81 80
f 52 82 56
f 52 80 82
f 53 83 84
f 53 84 81
f 54 85 86
f 54 86 55
f 55 86 83
f 56 82 87
f 56 87 57
f 57 87 58
f 58 88 75
f 58 87 88
f 59 89 90
f 59 90 85
f 60 79 124
f 60 124 91
f 60 91 61
f 61 91 92
f 61 92 93
f 61 93 94
f 61 94 95
f 61 95 96
f 61 96 62
f 62 97 63
f 62 96 97
f 63 97 98
f 63 98 64
f 64 98 99
f 64 99 65
f 65 99 100
f 65 100 101
f 65 101 66
f 66 101 102
f 66 102 67
f 67 103 104
f 67 104 68
f 67 102 103
f 68 104 105
f 68 105 69
f 69 105 106
f 69 106 107
f 69 107 70
f 70 107 108
f 70 108 109
f 70 109 71
f 71 109 72
f 72 109 110
f 72 110 111
f 72 111 73
f 73 111 112
f 73 112 113
f 73 113 114
f 73 114 74
f 74 114 115
f 74 115 116
f 74 116 117
f 74 117 89
f 75 88 118
f 75 118 76
f 76 118 119
f 76 119 120
f 77 120 121
f 77 121 78
f 78 121 122
f 79 122 123
f 79 123 124
f 80 125 126
f 80 126 82
f 80 81 127
f 80 127 125
f 81 84 128
f 81 128 127
f 82 126 87
f 83 86 129
f 83 129 130
f 83 130 84
f 84 130 131
f 84 131 128
f 85 90 132
f 85 132 133
f 85 133 86
f 86 133 129
f 87 134 135
f 87 135 88
f 87 126 134
f 88 135 136
f 88 136 118
f 89 117 137
f 89 137 138
f 89 138 90
f 90 138 139
f 90 139 140
f 90 140 132
f 91 124 141
f 91 141 142
f 91 142 143
f 91 143 144
f 91 144 92
f 92 144 145
f 92 145 94
f 92 94 93
f 94 146 95
f 94 145 147
f 94 147 148
f 94 148 149
f 94 149 150
f 94 150 146
f 95 151 96
f 95 146 151
f 96 151 152
f 96 152 97
f 97 152 98
f 98 152 153
f 98 153 154
f 98 154 99
f 99 154 155
f 99 155 100
f 100 155 156
f 100 156 157
f 100 157 101
f 101 157 158
f 101 158 159
f 101 159 102
f 102 159 160
f 102 160 103
f 103 160 161
f 103 161 104
f 104 161 162
f 104 162 105
f 105 162 163
f 105 163 106
f 106 163 164
f 106 164 165
f 106 165 166
f 106 166 107
f 107 166 108
f 108 166 167
f 108 167 168
f 108 168 110
f 108 110 109
f 110 168 169
f 110 169 170
f 110 170 111
f 111 170 112
f 112 170 171
f 112 171 172
f 112 172 173
f 112 173 174
f 112 174 114
f 112 114 113
f 114 174 115
f 115 175 176
f 115 176 177
f 115 177 178
f 115 178 179
f 115 179 180
f 115 180 116
f 115 174 175
f 116 180 117
f 117 138 137
f 117 180 179
f 117 179 178
f 117 178 181
f 117 181 182
f 117 182 138
f 118 136 183
f 118 183 119
f 119 183 184
f 119 184 185
f 119 185 120
f 120 185 186
f 120 186 121
f 121 186 187
f 121 187 122
f 122 187 188
f 122 188 123
f 123 189 190
f 123 190 191
f 123 191 192
f 123 192 124
f 123 188 189
f 124 192 193
f 124 193 141
f 125 194 126
f 125 127 194
f 126 195 196
f 126 196 134
f 126 194 195
f 127 128 197
f 127 197 194
f 128 131 198
f 128 198 199
f 128 199 197
f 129 133 200
f 129 200 201
f 129 201 202
f 129 202 130
f 130 202 203
f 130 203 204
f 130 204 131
f 131 204 205
f 131 205 198
f 132 140 133
f 133 140 206
f 133 206 200
f 134 196 135
f 135 207 208
f 135 208 136
f 135 196 207
f 136 208 183
f 138 182 181
f 138 181 209
f 138 209 210
f 138 210 211
f 138 211 139
f 139 211 140
f 140 211 212
f 140 212 213
f 140 213 206
f 141 193 192
f 141 192 214
f 141 214 215
f 141 215 216
f 141 216 142
f 142 144 143
f 142 216 217
f 142 217 144
f 144 217 216
f 144 216 218
f 144 218 219
f 144 219 147
f 144 147 145
f 146 150 220
f 146 220 151
f 147 219 221
f 147 221 148
f 148 221 222
f 148 222 223
f 148 223 149
f 149 223 150
f 150 224 220
f 150 223 224
f 151 220 225
f 151 225 153
f 151 153 152
f 153 225 226
f 153 226 227
f 153 227 154
f 154 227 155
f 155 227 228
f 155 228 156
f 156 228 157
f 157 228 229
f 157 229 158
f 158 229 230
f 158 230 159
f 159 230 231
f 159 231 232
f 159 232 233
f 159 233 160
f 160 234 235
f 160 235 236
f 160 236 161
f 160 233 234
f 161 236 237
f 161 237 238
f 161 238 162
f 162 238 164
f 162 164 163
f 164 239 240
f 164 240 166
f 164 166 165
f 164 238 241
f 164 241 242
f 164 242 243
f 164 243 239
f 166 240 167
f 167 240 244
f 167 244 245
f 167 245 168
f 168 245 169
f 169 171 170
f 169 245 246
f 169 246 247
f 169 247 171
f 171 247 248
f 171 248 172
f 172 248 173
f 173 248 249
f 173 249 250
f 173 250 175
f 173 175 174
f 175 250 176
f 176 250 251
f 176 251 177
f 177 252 253
f 177 253 254
f 177 254 255
f 177 255 256
f 177 256 257
f 177 257 258
f 177 258 178
f 177 251 259
f 177 259 252
f 178 258 260
f 178 260 181
f 181 260 261
f 181 261 262
f 181 262 209
f 183 208 263
f 183 263 264
f 183 264 265
f 183 265 184
f 184 265 266
f 184 266 185
f 185 266 267
f 185 267 186
f 186 267 268
f 186 268 269
f 186 269 187
f 187 269 270
f 187 270 189
f 187 189 188
f 189 270 271
f 189 271 272
f 189 272 191
f 189 191 190
f 191 272 273
f 191 273 274
f 191 274 275
f 191 275 192
f 192 275 215
f 192 215 214
f 194 276 195
f 194 197 277
f 194 277 276
f 195 276 278
f 195 278 279
f 195 279 196
f 196 279 280
f 196 280 207
f 197 199 277
f 198 281 199
f 198 205 281
f 199 281 282
f 199 282 283
f 199 283 277
f 200 206 284
f 200 284 201
f 201 284 285
f 201 285 203
f 201 203 202
f 203 285 286
f 203 286 287
f 203 287 204
f 204 287 205
f 205 288 281
f 205 287 288
f 206 213 284
f 207 280 289
f 207 289 208
f 208 289 263
f 209 290 210
f 209 262 291
f 209 291 290
f 210 290 211
f 211 290 212
f 212 292 213
f 212 290 293
f 212 293 292
f 213 292 284
f 215 275 294
f 215 294 295
f 215 295 296
f 215 296 216
f 216 296 297
f 216 297 298
f 216 298 218
f 218 299 300
f 218 300 219
f 218 298 297
f 218 297 301
f 218 301 302
f 218 302 303
f 218 303 304
f 218 304 299
f 219 300 221
f 220 224 305
f 220 305 306
f 220 306 225
f 221 300 299
f 221 299 304
f 221 304 307
f 221 307 308
f 221 308 309
f 221 309 222
f 222 309 310
f 222 310 223
f 223 311 224
f 223 310 312
f 223 312 313
f 223 313 311
f 224 311 305
f 225 306 226
f 226 306 314
f 226 314 315
f 226 315 227
f 227 315 228
f 228 315 316
f 228 316 317
f 228 317 318
f 228 318 319
f 228 319 320
f 228 320 229
f 229 320 230
f 230 321 231
f 230 320 321
f 231 321 322
f 231 322 232
f 232 323 233
f 232 322 323
f 233 323 324
f 233 324 325
f 233 325 234
f 234 325 326
f 234 326 235
f 235 326 327
f 235 327 236
f 236 327 328
f 236 328 237
f 237 328 241
f 237 241 238
f 239 244 240
f 239 243 329
f 239 329 330
f 239 330 244
f 241 328 331
f 241 331 332
f 241 332 242
f 242 332 243
f 243 332 333
f 243 333 334
f 243 334 335
f 243 335 336
f 243 336 329
f 244 246 245
f 244 330 246
f 246 330 337
f 246 337 338
f 246 338 247
f 247 338 248
f 248 338 339
f 248 339 340
f 248 340 341
f 248 341 249
f 249 342 250
f 249 341 342
f 250 342 343
f 250 343 259
f 250 259 251
f 252 259 343
f 252 343 344
f 252 344 253
f 253 344 254
f 254 345 255
f 254 344 346
f 254 346 347
f 254 347 348
f 254 348 349
f 254 349 345
f 255 345 350
f 255 350 351
f 255 351 260
f 255 260 256
f 256 260 257
f 257 260 258
f 260 351 352
f 260 352 262
f 260 262 261
f 262 353 291
f 262 352 351
f 262 351 354
f 262 354 353
f 263 355 265
f 263 265 264
f 263 289 356
f 263 356 357
f 263 357 358
f 263 358 355
f 265 355 359
f 265 359 360
f 265 360 361
f 265 361 266
f 266 361 362
f 266 362 267
f 267 362 268
f 268 363 364
f 268 364 269
f 268 362 363
f 269 364 270
f 270 364 271
f 271 364 365
f 271 365 272
f 272 365 366
f 272 366 273
f 273 275 274
f 273 366 367
f 273 367 368
f 273 368 369
f 273 369 370
f 273 370 275
f 275 370 294
f 276 371 372
f 276 372 278
f 276 277 371
f 277 283 373
f 277 373 374
f 277 374 371
f 278 372 375
f 278 375 279
f 279 375 376
f 279 376 280
f 280 376 377
f 280 377 356
f 280 356 289
f 281 288 282
f 282 288 378
f 282 378 379
f 282 379 380
f 282 380 283
f 283 380 373
f 284 292 381
f 284 381 382
f 284 382 285
f 285 382 383
f 285 383 286
f 286 383 384
f 286 384 385
f 286 385 287
f 287 385 288
f 288 385 378
f 290 291 353
f 290 353 386
f 290 386 387
f 290 387 388
f 290 388 293
f 292 293 389
f 292 389 381
f 293 388 390
f 293 390 389
f 294 391 296
f 294 296 295
f 294 370 392
f 294 392 393
f 294 393 391
f 296 391 394
f 296 394 302
f 296 302 297
f 297 302 301
f 302 394 395
f 302 395 396
f 302 396 303
f 303 396 397
f 303 397 398
f 303 398 399
f 303 399 400
f 303 400 401
f 303 401 402
f 303 402 304
f 304 402 401
f 304 401 307
f 305 311 403
f 305 403 404
f 305 404 314
f 305 314 306
f 307 405 308
f 307 401 406
f 307 406 407
f 307 407 408
f 307 408 405
f 308 405 310
f 308 310 309
f 310 405 409
f 310 409 410
f 310 410 411
f 310 411 312
f 311 313 412
f 311 412 403
f 312 411 412
f 312 412 313
f 314 316 315
f 314 404 316
f 316 404 413
f 316 413 317
f 317 413 414
f 317 414 415
f 317 415 416
f 317 416 417
f 317 417 418
f 317 418 318
f 318 418 320
f 318 320 319
f 320 418 419
f 320 419 321
f 321 419 420
f 321 420 421
f 321 421 322
f 322 421 422
f 322 422 323
f 323 422 423
f 323 423 424
f 323 424 324
f 324 424 425
f 324 425 325
f 325 426 427
f 325 427 428
f 325 428 326
f 325 425 426
f 326 428 327
f 327 428 429
f 327 429 430
f 327 430 328
f 328 430 431
f 328 431 331
f 329 336 432
f 329 432 337
f 329 337 330
f 331 431 433
f 331 433 434
f 331 434 332
f 332 434 435
f 332 435 436
f 332 436 333
f 333 436 334
f 334 436 335
f 335 436 437
f 335 437 336
f 336 437 438
f 336 438 439
f 336 439 440
f 336 440 441
f 336 441 442
f 336 442 432
f 337 432 443
f 337 443 339
f 337 339 338
f 339 443 340
f 340 444 341
f 340 443 444
f 341 444 445
f 341 445 446
f 341 446 447
f 341 447 342
f 342 447 448
f 342 448 343
f 343 448 447
f 343 447 449
f 343 449 450
f 343 450 451
f 343 451 344
f 344 451 346
f 345 349 452
f 345 452 350
f 346 451 347
f 347 451 453
f 347 453 348
f 348 453 454
f 348 454 455
f 348 455 456
f 348 456 457
f 348 457 458
f 348 458 459
f 348 459 349
f 349 459 460
f 349 460 452
f 350 354 351
f 350 452 354
f 353 461 386
f 353 354 461
f 354 462 461
f 354 452 463
f 354 463 464
f 354 464 465
f 354 465 462
f 355 358 466
f 355 466 359
f 356 377 376
f 356 376 375
f 356 375 372
f 356 372 371
f 356 371 374
f 356 374 373
f 356 373 380
f 356 380 379
f 356 379 485
f 356 485 595
f 356 595 598
f 356 598 704
f 356 704 801
f 356 801 816
f 356 816 815
f 356 815 914
f 356 914 913
f 356 913 1011
f 356 1011 1102
f 356 1102 1100
f 356 1100 1198
f 356 1198 1305
f 356 1305 1429
f 356 1429 1428
f 356 1428 1570
f 356 1570 1569
f 356 1569 1574
f 356 1574 1712
f 356 1712 1854
f 356 1854 1974
f 356 1974 2084
f 356 2084 2189
f 356 2189 2188
f 356 2188 2291
f 356 2291 2290
f 356 2290 2383
f 356 2383 2479
f 356 2479 2576
f 356 2576 2675
f 356 2675 2772
f 356 2772 2771
f 356 2771 2882
f 356 2882 2881
f 356 2881 2880
f 356 2880 2985
f 356 2985 3118
f 356 3118 3236
f 356 3236 3352
f 356 3352 3351
f 356 3351 3350
f 356 3350 3349
f 356 3349 3467
f 356 3467 3466
f 356 3466 3558
f 356 3558 3557
f 356 3557 3649
f 356 3649 3736
f 356 3736 3821
f 356 3821 3820
f 356 3820 3892
f 356 3892 3891
f 356 3891 3964
f 356 3964 3963
f 356 3963 4025
f 356 4025 4024
f 356 4024 4089
f 356 4089 4088
f 356 4088 4129
f 356 4129 4128
f 356 4128 4127
f 356 4127 4140
f 356 4140 4139
f 356 4139 4138
f 356 4138 4144
f 356 4144 4143
f 356 4143 4142
f 356 4142 4148
f 356 4148 4147
f 356 4147 4146
f 356 4146 4145
f 356 4145 4133
f 356 4133 4132
f 356 4132 4111
f 356 4111 4110
f 356 4110 4109
f 356 4109 4108
f 356 4108 4107
f 356 4107 4106
f 356 4106 4055
f 356 4055 4054
f 356 4054 4105
f 356 4105 4104
f 356 4104 4101
f 356 4101 4045
f 356 4045 4044
f 356 4044 4100
f 356 4100 4103
f 356 4103 4131
f 356 4131 4135
f 356 4135 4130
f 356 4130 4090
f 356 4090 4027
f 356 4027 3970
f 356 3970 3969
f 356 3969 3966
f 356 3966 3965
f 356 3965 3893
f 356 3893 3822
f 356 3822 3739
f 356 3739 3655
f 356 3655 3653
f 356 3653 3562
f 356 3562 3475
f 356 3475 3474
f 356 3474 3473
f 356 3473 3468
f 356 3468 3353
f 356 3353 3238
f 356 3238 3117
f 356 3117 3116
f 356 3116 2984
f 356 2984 2878
f 356 2878 2767
f 356 2767 2671
f 356 2671 2571
f 356 2571 2471
f 356 2471 2376
f 356 2376 2275
f 356 2275 2175
f 356 2175 2174
f 356 2174 2170
f 356 2170 2065
f 356 2065 1949
f 356 1949 1948
f 356 1948 1820
f 356 1820 1816
f 356 1816 1684
f 356 1684 1680
f 356 1680 1679
f 356 1679 1539
f 356 1539 1538
f 356 1538 1403
f 356 1403 1402
f 356 1402 1401
f 356 1401 1283
f 356 1283 1282
f 356 1282 1281
f 356 1281 1177
f 356 1177 1080
f 356 1080 1078
f 356 1078 986
f 356 986 985
f 356 985 888
f 356 888 884
f 356 884 883
f 356 883 882
f 356 882 784
f 356 784 783
f 356 783 683
f 356 683 681
f 356 681 680
f 356 680 679
f 356 679 678
f 356 678 575
f 356 575 574
f 356 574 469
f 356 469 468
f 356 468 467
f 356 467 357
f 357 467 358
f 358 467 468
f 358 468 469
f 358 469 466
f 359 466 360
f 360 466 470
f 360 470 471
f 360 471 361
f 361 471 472
f 361 472 362
f 362 472 363
f 363 472 473
f 363 473 364
f 364 473 474
f 364 474 475
f 364 475 365
f 365 475 476
f 365 476 477
f 365 477 366
f 366 477 367
f 367 477 368
f 368 477 369
f 369 392 370
f 369 477 478
f 369 478 479
f 369 479 480
f 369 480 481
f 369 481 482
f 369 482 483
f 369 483 484
f 369 484 392
f 378 485 379
f 378 385 486
f 378 486 487
f 378 487 485
f 381 488 382
f 381 389 488
f 382 488 489
f 382 489 490
f 382 490 383
f 383 486 384
f 383 490 486
f 384 486 385
f 386 461 462
f 386 462 491
f 386 491 492
f 386 492 493
f 386 493 494
f 386 494 387
f 387 390 388
f 387 494 390
f 389 390 495
f 389 495 488
f 390 494 496
f 390 496 497
f 390 497 498
f 390 498 499
f 390 499 495
f 391 393 394
f 392 484 393
f 393 484 483
f 393 483 500
f 393 500 501
f 393 501 502
f 393 502 503
f 393 503 504
f 393 504 395
f 393 395 394
f 395 504 505
f 395 505 397
f 395 397 396
f 397 505 506
f 397 506 507
f 397 507 398
f 398 508 399
f 398 507 506
f 398 506 509
f 398 509 510
f 398 510 511
f 398 511 512
f 398 512 508
f 399 508 406
f 399 406 401
f 399 401 400
f 403 412 513
f 403 513 514
f 403 514 404
f 404 514 413
f 405 408 515
f 405 515 409
f 406 516 407
f 406 508 517
f 406 517 518
f 406 518 519
f 406 519 516
f 407 516 515
f 407 515 408
f 409 520 410
f 409 515 521
f 409 521 520
f 410 520 411
f 411 520 522
f 411 522 412
f 412 522 513
f 413 514 513
f 413 513 414
f 414 522 520
f 414 520 523
f 414 523 524
f 414 524 525
f 414 525 526
f 414 526 527
f 414 527 528
f 414 528 415
f 414 513 522
f 415 528 529
f 415 529 416
f 416 529 417
f 417 529 418
f 418 529 530
f 418 530 531
f 418 531 419
f 419 531 532
f 419 532 420
f 420 532 533
f 420 533 421
f 421 533 534
f 421 534 422
f 422 534 535
f 422 535 536
f 422 536 423
f 423 536 537
f 423 537 424
f 424 537 538
f 424 538 425
f 425 538 539
f 425 539 426
f 426 540 541
f 426 541 427
f 426 539 540
f 427 541 428
f 428 541 542
f 428 542 543
f 428 543 429
f 429 543 544
f 429 544 430
f 430 544 545
f 430 545 431
f 431 545 433
f 432 442 443
f 433 546 547
f 433 547 434
f 433 545 546
f 434 547 548
f 434 548 435
f 435 548 549
f 435 549 436
f 436 549 550
f 436 550 551
f 436 551 437
f 437 551 438
f 438 551 552
f 438 552 439
f 439 552 553
f 439 553 554
f 439 554 555
f 439 555 556
f 439 556 557
f 439 557 440
f 440 557 558
f 440 558 559
f 440 559 560
f 440 560 441
f 441 560 442
f 442 560 444
f 442 444 443
f 444 560 445
f 445 560 446
f 446 560 559
f 446 559 561
f 446 561 447
f 447 561 449
f 449 561 562
f 449 562 450
f 450 562 451
f 451 562 563
f 451 563 564
f 451 564 565
f 451 565 453
f 452 460 566
f 452 566 463
f 453 565 454
f 454 565 455
f 455 565 567
f 455 567 456
f 456 568 460
f 456 460 457
f 456 567 569
f 456 569 674
f 456 674 568
f 457 460 458
f 458 460 459
f 460 463 566
f 460 568 570
f 460 570 463
f 462 465 491
f 463 571 464
f 463 570 568
f 463 568 572
f 463 572 573
f 463 573 571
f 464 571 491
f 464 491 465
f 466 469 574
f 466 574 575
f 466 575 576
f 466 576 470
f 470 577 471
f 470 576 578
f 470 578 579
f 470 579 577
f 471 577 473
f 471 473 472
f 473 577 474
f 474 580 581
f 474 581 475
f 474 577 580
f 475 581 476
f 476 581 582
f 476 582 477
f 477 582 583
f 477 583 584
f 477 584 480
f 477 480 478
f 478 480 479
f 480 585 586
f 480 586 587
f 480 587 588
f 480 588 589
f 480 589 481
f 480 584 590
f 480 590 585
f 481 589 482
f 482 589 591
f 482 591 592
f 482 592 593
f 482 593 594
f 482 594 501
f 482 501 500
f 482 500 483
f 485 487 595
f 486 490 596
f 486 596 597
f 486 597 487
f 487 597 598
f 487 598 595
f 488 495 499
f 488 499 599
f 488 599 489
f 489 600 596
f 489 596 490
f 489 599 614
f 489 614 600
f 491 571 601
f 491 601 602
f 491 602 603
f 491 603 604
f 491 604 492
f 492 604 496
f 492 496 493
f 493 496 494
f 496 604 605
f 496 605 606
f 496 606 607
f 496 607 608
f 496 608 609
f 496 609 497
f 497 609 610
f 497 610 498
f 498 610 499
f 499 610 611
f 499 611 612
f 499 612 613
f 499 613 614
f 499 614 599
f 501 594 502
f 502 505 503
f 502 594 615
f 502 615 616
f 502 616 617
f 502 617 505
f 503 505 504
f 505 617 616
f 505 616 510
f 505 510 506
f 506 510 509
f 508 512 517
f 510 616 618
f 510 618 511
f 511 517 512
f 511 618 619
f 511 619 620
f 511 620 621
f 511 621 517
f 515 516 622
f 515 622 623
f 515 623 624
f 515 624 521
f 516 519 622
f 517 625 518
f 517 621 620
f 517 620 626
f 517 626 627
f 517 627 625
f 518 622 519
f 518 625 622
f 520 521 524
f 520 524 523
f 521 624 524
f 524 624 628
f 524 628 525
f 525 628 629
f 525 629 526
f 526 630 631
f 526 631 527
f 526 629 632
f 526 632 633
f 526 633 634
f 526 634 630
f 527 631 635
f 527 635 528
f 528 635 529
f 529 635 636
f 529 636 530
f 530 636 637
f 530 637 531
f 531 637 638
f 531 638 532
f 532 638 639
f 532 639 533
f 533 639 640
f 533 640 534
f 534 640 641
f 534 641 535
f 535 641 642
f 535 642 643
f 535 643 536
f 536 643 644
f 536 644 537
f 537 644 538
f 538 644 645
f 538 645 539
f 539 645 646
f 539 646 647
f 539 647 540
f 540 647 648
f 540 648 541
f 541 648 542
f 542 648 649
f 542 649 543
f 543 649 650
f 543 650 651
f 543 651 544
f 544 651 652
f 544 652 546
f 544 546 545
f 546 652 653
f 546 653 654
f 546 654 547
f 547 654 655
f 547 655 548
f 548 655 656
f 548 656 549
f 549 656 550
f 550 657 552
f 550 552 551
f 550 656 658
f 550 658 657
f 552 657 553
f 553 657 659
f 553 659 660
f 553 660 554
f 554 660 661
f 554 661 662
f 554 662 663
f 554 663 555
f 555 663 556
f 556 663 662
f 556 662 664
f 556 664 665
f 556 665 666
f 556 666 558
f 556 558 557
f 558 666 667
f 558 667 668
f 558 668 669
f 558 669 559
f 559 669 561
f 561 669 668
f 561 668 562
f 562 668 667
f 562 667 563
f 563 667 564
f 564 667 670
f 564 670 565
f 565 670 671
f 565 671 672
f 565 672 673
f 565 673 567
f 567 673 569
f 568 674 572
f 569 673 675
f 569 675 778
f 569 778 674
f 571 573 601
f 572 674 676
f 572 676 677
f 572 677 601
f 572 601 573
f 575 678 576
f 576 678 679
f 576 679 680
f 576 680 681
f 576 681 578
f 577 579 580
f 578 682 579
f 578 681 683
f 578 683 684
f 578 684 685
f 578 685 686
f 578 686 682
f 579 682 580
f 580 682 687
f 580 687 581
f 581 687 688
f 581 688 582
f 582 688 583
f 583 688 689
f 583 689 584
f 584 689 590
f 585 690 691
f 585 691 692
f 585 692 586
f 585 590 689
f 585 689 693
f 585 693 694
f 585 694 690
f 586 692 587
f 587 692 695
f 587 695 696
f 587 696 588
f 588 696 697
f 588 697 698
f 588 698 592
f 588 592 591
f 588 591 589
f 592 698 699
f 592 699 700
f 592 700 593
f 593 700 701
f 593 701 615
f 593 615 702
f 593 702 594
f 594 702 615
f 596 600 613
f 596 613 597
f 597 613 703
f 597 703 704
f 597 704 598
f 600 614 613
f 601 705 602
f 601 677 676
f 601 676 706
f 601 706 707
f 601 707 705
f 602 605 603
f 602 705 605
f 603 605 604
f 605 708 606
f 605 705 707
f 605 707 709
f 605 709 710
f 605 710 708
f 606 708 607
f 607 708 711
f 607 711 712
f 607 712 608
f 608 713 714
f 608 714 611
f 608 611 610
f 608 610 609
f 608 712 715
f 608 715 713
f 611 714 716
f 611 716 612
f 612 716 613
f 613 716 713
f 613 713 717
f 613 717 703
f 615 701 718
f 615 718 719
f 615 719 720
f 615 720 616
f 616 720 618
f 618 720 719
f 618 719 619
f 619 719 721
f 619 721 722
f 619 722 620
f 620 722 626
f 622 625 723
f 622 723 724
f 622 724 725
f 622 725 623
f 623 725 624
f 624 725 726
f 624 726 628
f 625 627 727
f 625 727 723
f 626 727 627
f 626 722 728
f 626 728 729
f 626 729 727
f 628 726 629
f 629 726 730
f 629 730 632
f 630 731 732
f 630 732 631
f 630 634 733
f 630 733 731
f 631 732 635
f 632 734 735
f 632 735 633
f 632 730 734
f 633 735 736
f 633 736 737
f 633 737 738
f 633 738 634
f 634 738 739
f 634 739 733
f 635 732 636
f 636 732 740
f 636 740 637
f 637 740 741
f 637 741 638
f 638 741 742
f 638 742 639
f 639 742 743
f 639 743 640
f 640 743 744
f 640 744 641
f 641 744 745
f 641 745 642
f 642 745 746
f 642 746 643
f 643 746 747
f 643 747 644
f 644 748 749
f 644 749 645
f 644 747 748
f 645 750 751
f 645 751 646
f 645 749 750
f 646 751 752
f 646 752 647
f 647 752 753
f 647 753 648
f 648 753 754
f 648 754 755
f 648 755 649
f 649 755 756
f 649 756 757
f 649 757 650
f 650 757 758
f 650 758 651
f 651 758 652
f 652 758 653
f 653 759 760
f 653 760 654
f 653 758 759
f 654 760 761
f 654 761 655
f 655 761 762
f 655 762 656
f 656 762 658
f 657 658 763
f 657 763 659
f 658 764 765
f 658 765 763
f 658 762 764
f 659 763 766
f 659 766 767
f 659 767 660
f 660 767 768
f 660 768 769
f 660 769 661
f 661 769 662
f 662 769 770
f 662 770 664
f 664 770 771
f 664 771 772
f 664 772 665
f 665 667 666
f 665 772 667
f 667 772 670
f 670 772 671
f 671 773 774
f 671 774 775
f 671 775 672
f 671 772 773
f 672 775 776
f 672 776 777
f 672 777 673
f 673 777 779
f 673 779 675
f 674 778 676
f 675 779 780
f 675 780 778
f 676 778 780
f 676 780 781
f 676 781 706
f 682 686 782
f 682 782 687
f 683 783 684
f 684 783 685
f 685 783 784
f 685 784 785
f 685 785 786
f 685 786 787
f 685 787 686
f 686 787 788
f 686 788 789
f 686 789 782
f 687 782 688
f 688 789 693
f 688 693 689
f 688 782 789
f 690 694 787
f 690 787 790
f 690 790 691
f 691 791 792
f 691 792 692
f 691 790 791
f 692 792 695
f 693 789 788
f 693 788 694
f 694 788 787
f 695 792 696
f 696 792 697
f 697 793 794
f 697 794 795
f 697 795 796
f 697 796 699
f 697 699 698
f 697 792 797
f 697 797 793
f 699 796 700
f 700 796 798
f 700 798 799
f 700 799 800
f 700 800 718
f 700 718 701
f 703 801 704
f 703 717 801
f 706 802 707
f 706 781 803
f 706 803 804
f 706 804 802
f 707 802 709
f 708 710 711
f 709 802 805
f 709 805 806
f 709 806 807
f 709 807 710
f 710 807 711
f 711 808 712
f 711 807 809
f 711 809 810
f 711 810 808
f 712 808 811
f 712 811 715
f 713 716 714
f 713 715 811
f 713 811 812
f 713 812 813
f 713 813 814
f 713 814 717
f 717 814 815
f 717 815 816
f 717 816 801
f 718 800 817
f 718 817 719
f 719 817 721
f 721 817 818
f 721 818 819
f 721 819 820
f 721 820 821
f 721 821 722
f 722 821 822
f 722 822 728
f 723 823 724
f 723 727 824
f 723 824 825
f 723 825 823
f 724 823 725
f 725 823 726
f 726 823 734
f 726 734 730
f 727 729 826
f 727 826 824
f 728 826 729
f 728 822 827
f 728 827 828
f 728 828 829
f 728 829 826
f 731 830 831
f 731 831 740
f 731 740 732
f 731 733 832
f 731 832 830
f 733 739 833
f 733 833 832
f 734 823 834
f 734 834 736
f 734 736 735
f 736 835 836
f 736 836 737
f 736 834 835
f 737 836 738
f 738 836 837
f 738 837 838
f 738 838 839
f 738 839 739
f 739 839 833
f 740 831 741
f 741 831 840
f 741 840 742
f 742 840 841
f 742 841 743
f 743 841 842
f 743 842 744
f 744 842 843
f 744 843 745
f 745 843 844
f 745 844 746
f 746 844 845
f 746 845 846
f 746 846 747
f 747 846 748
f 748 846 749
f 749 847 849
f 749 849 750
f 749 846 848
f 749 848 847
f 750 849 850
f 750 850 751
f 751 850 851
f 751 851 852
f 751 852 752
f 752 852 853
f 752 853 753
f 753 853 854
f 753 854 754
f 754 854 855
f 754 855 755
f 755 855 856
f 755 856 756
f 756 856 857
f 756 857 757
f 757 857 758
f 758 857 759
f 759 857 858
f 759 858 859
f 759 859 760
f 760 859 860
f 760 860 761
f 761 860 764
f 761 764 762
f 763 765 861
f 763 861 766
f 764 860 862
f 764 862 863
f 764 863 765
f 765 863 864
f 765 864 861
f 766 861 865
f 766 865 767
f 767 865 866
f 767 866 867
f 767 867 868
f 767 868 768
f 768 868 869
f 768 869 769
f 769 869 770
f 770 773 771
f 770 869 774
f 770 774 773
f 771 773 772
f 774 869 870
f 774 870 871
f 774 871 872
f 774 872 776
f 774 776 775
f 776 872 873
f 776 873 874
f 776 874 777
f 777 874 875
f 777 875 876
f 777 876 779
f 779 877 878
f 779 878 780
f 779 876 877
f 780 878 879
f 780 879 880
f 780 880 781
f 781 880 881
f 781 881 803
f 784 882 785
f 785 882 883
f 785 883 884
f 785 884 786
f 786 885 886
f 786 886 887
f 786 887 791
f 786 791 790
f 786 790 787
f 786 884 888
f 786 888 885
f 791 887 889
f 791 889 792
f 792 889 793
f 792 793 797
f 793 889 890
f 793 890 886
f 793 886 891
f 793 891 892
f 793 892 893
f 793 893 794
f 794 893 795
f 795 894 895
f 795 895 896
f 795 896 796
f 795 893 894
f 796 896 798
f 798 896 799
f 799 896 897
f 799 897 898
f 799 898 899
f 799 899 900
f 799 900 800
f 800 900 901
f 800 901 817
f 802 804 902
f 802 902 805
f 803 881 903
f 803 903 904
f 803 904 905
f 803 905 902
f 803 902 804
f 805 906 806
f 805 902 907
f 805 907 908
f 805 908 906
f 806 809 807
f 806 906 809
f 808 810 812
f 808 812 811
f 809 906 909
f 809 909 910
f 809 910 911
f 809 911 810
f 810 911 912
f 810 912 812
f 812 912 911
f 812 911 813
f 813 913 914
f 813 914 815
f 813 815 814
f 813 911 915
f 813 915 913
f 817 901 916
f 817 916 818
f 818 916 901
f 818 901 917
f 818 917 918
f 818 918 919
f 818 919 819
f 819 821 820
f 819 919 920
f 819 920 821
f 821 827 822
f 821 920 921
f 821 921 827
f 823 825 834
f 824 826 922
f 824 922 834
f 824 834 825
f 826 829 923
f 826 923 835
f 826 835 922
f 827 921 924
f 827 924 828
f 828 924 925
f 828 925 926
f 828 926 927
f 828 927 829
f 829 927 928
f 829 928 929
f 829 929 930
f 829 930 835
f 829 835 923
f 830 832 931
f 830 931 932
f 830 932 933
f 830 933 840
f 830 840 831
f 832 833 934
f 832 934 931
f 833 839 935
f 833 935 934
f 834 922 835
f 835 930 929
f 835 929 836
f 836 929 936
f 836 936 837
f 837 936 838
f 838 936 937
f 838 937 938
f 838 938 939
f 838 939 940
f 838 940 839
f 839 940 935
f 840 933 841
f 841 933 941
f 841 941 842
f 842 941 942
f 842 942 843
f 843 942 943
f 843 943 844
f 844 943 944
f 844 944 845
f 845 944 945
f 845 945 846
f 846 945 946
f 846 946 947
f 846 947 848
f 847 948 849
f 847 848 949
f 847 949 948
f 848 947 949
f 849 948 950
f 849 950 850
f 850 950 851
f 851 950 951
f 851 951 852
f 852 951 952
f 852 952 853
f 853 952 953
f 853 953 954
f 853 954 854
f 854 954 855
f 855 954 955
f 855 955 856
f 856 955 857
f 857 955 956
f 857 956 858
f 858 957 958
f 858 958 859
f 858 956 957
f 859 958 860
f 860 958 862
f 861 864 959
f 861 959 865
f 862 958 960
f 862 960 961
f 862 961 863
f 863 961 962
f 863 962 864
f 864 962 963
f 864 963 959
f 865 959 964
f 865 964 866
f 866 964 965
f 866 965 966
f 866 966 967
f 866 967 968
f 866 968 969
f 866 969 867
f 867 969 970
f 867 970 868
f 868 970 869
f 869 970 971
f 869 971 871
f 869 871 870
f 871 971 970
f 871 970 972
f 871 972 973
f 871 973 974
f 871 974 873
f 871 873 872
f 873 974 975
f 873 975 874
f 874 975 976
f 874 976 876
f 874 876 875
f 876 976 977
f 876 977 978
f 876 978 979
f 876 979 877
f 877 979 878
f 878 880 879
f 878 979 978
f 878 978 980
f 878 980 981
f 878 981 982
f 878 982 880
f 880 903 881
f 880 982 983
f 880 983 984
f 880 984 903
f 885 888 985
f 885 985 986
f 885 986 987
f 885 987 988
f 885 988 886
f 886 988 989
f 886 989 891
f 886 890 887
f 887 890 889
f 891 989 892
f 892 989 988
f 892 988 990
f 892 990 991
f 892 991 992
f 892 992 893
f 893 992 894
f 894 992 895
f 895 992 993
f 895 993 994
f 895 994 995
f 895 995 896
f 896 995 897
f 897 995 898
f 898 996 899
f 898 995 997
f 898 997 998
f 898 998 999
f 898 999 996
f 899 996 917
f 899 917 901
f 899 901 900
f 902 905 1000
f 902 1000 907
f 903 984 1001
f 903 1001 904
f 904 1000 905
f 904 1001 1002
f 904 1002 1003
f 904 1003 1000
f 906 908 1004
f 906 1004 909
f 907 1004 908
f 907 1000 1005
f 907 1005 1004
f 909 1006 911
f 909 911 910
f 909 1004 1007
f 909 1007 1008
f 909 1008 1006
f 911 1006 1009
f 911 1009 1010
f 911 1010 915
f 913 915 1011
f 915 1010 1011
f 917 1012 1013
f 917 1013 1014
f 917 1014 1015
f 917 1015 918
f 917 996 999
f 917 999 1012
f 918 1015 1016
f 918 1016 1017
f 918 1017 919
f 919 921 920
f 919 1017 921
f 921 925 924
f 921 1017 1018
f 921 1018 1019
f 921 1019 925
f 925 1019 926
f 926 928 927
f 926 1019 1020
f 926 1020 928
f 928 1020 1021
f 928 1021 1022
f 928 1022 1023
f 928 1023 929
f 929 1023 936
f 931 934 1024
f 931 1024 1025
f 931 1025 932
f 932 1025 1026
f 932 1026 1027
f 932 1027 941
f 932 941 933
f 934 935 1028
f 934 1028 1024
f 935 940 1029
f 935 1029 1028
f 936 1023 937
f 937 1023 1030
f 937 1030 938
f 938 1030 1031
f 938 1031 1032
f 938 1032 1033
f 938 1033 939
f 939 1033 1034
f 939 1034 1029
f 939 1029 940
f 941 1027 942
f 942 1027 1035
f 942 1035 1036
f 942 1036 943
f 943 1036 944
f 944 1036 1037
f 944 1037 945
f 945 1037 1038
f 945 1038 1039
f 945 1039 946
f 946 1039 947
f 947 1039 949
f 948 949 1040
f 948 1040 1041
f 948 1041 1042
f 948 1042 950
f 949 1039 1040
f 950 1042 1043
f 950 1043 1044
f 950 1044 951
f 951 1044 1045
f 951 1045 952
f 952 1045 1046
f 952 1046 1047
f 952 1047 953
f 953 1047 1046
f 953 1046 1048
f 953 1048 954
f 954 1048 955
f 955 1048 1049
f 955 1049 1050
f 955 1050 957
f 955 957 956
f 957 1050 1049
f 957 1049 1051
f 957 1051 958
f 958 1051 960
f 959 1052 964
f 959 963 1052
f 960 1053 1055
f 960 1055 961
f 960 1051 1054
f 960 1054 1053
f 961 1055 962
f 962 1055 1056
f 962 1056 963
f 963 1056 1057
f 963 1057 1052
f 964 1052 965
f 965 1058 1059
f 965 1059 966
f 965 1052 1058
f 966 1059 1060
f 966 1060 1061
f 966 1061 1062
f 966 1062 967
f 967 1062 968
f 968 1062 1063
f 968 1063 1064
f 968 1064 1065
f 968 1065 1066
f 968 1066 973
f 968 973 1067
f 968 1067 970
f 968 970 969
f 970 1067 972
f 972 1067 973
f 973 1066 1065
f 973 1065 1068
f 973 1068 1069
f 973 1069 974
f 974 1069 975
f 975 1069 1070
f 975 1070 1071
f 975 1071 977
f 975 977 976
f 977 1071 1072
f 977 1072 1073
f 977 1073 980
f 977 980 978
f 980 1073 1074
f 980 1074 981
f 981 1074 1075
f 981 1075 1076
f 981 1076 983
f 981 983 982
f 983 1001 984
f 983 1076 1077
f 983 1077 1001
f 986 1078 987
f 987 1079 988
f 987 1078 1080
f 987 1080 1079
f 988 1079 1081
f 988 1081 1082
f 988 1082 991
f 988 991 990
f 991 1082 1083
f 991 1083 1084
f 991 1084 1085
f 991 1085 992
f 992 1085 993
f 993 1085 994
f 994 1085 1086
f 994 1086 1087
f 994 1087 1088
f 994 1088 995
f 995 1088 997
f 997 1088 998
f 998 1088 1089
f 998 1089 1013
f 998 1013 1012
f 998 1012 999
f 1000 1003 1090
f 1000 1090 1091
f 1000 1091 1005
f 1001 1077 1092
f 1001 1092 1002
f 1002 1092 1093
f 1002 1093 1094
f 1002 1094 1090
f 1002 1090 1003
f 1004 1005 1095
f 1004 1095 1007
f 1005 1091 1095
f 1006 1008 1009
f 1007 1096 1097
f 1007 1097 1008
f 1007 1095 1098
f 1007 1098 1096
f 1008 1097 1009
f 1009 1099 1100
f 1009 1100 1010
f 1009 1097 1101
f 1009 1101 1099
f 1010 1100 1102
f 1010 1102 1011
f 1013 1089 1103
f 1013 1103 1014
f 1014 1103 1104
f 1014 1104 1105
f 1014 1105 1106
f 1014 1106 1016
f 1014 1016 1015
f 1016 1106 1105
f 1016 1105 1107
f 1016 1107 1017
f 1017 1107 1108
f 1017 1108 1018
f 1018 1108 1107
f 1018 1107 1109
f 1018 1109 1110
f 1018 1110 1019
f 1019 1110 1020
f 1020 1110 1111
f 1020 1111 1112
f 1020 1112 1021
f 1021 1112 1113
f 1021 1113 1114
f 1021 1114 1115
f 1021 1115 1023
f 1021 1023 1022
f 1023 1115 1116
f 1023 1116 1030
f 1024 1028 1117
f 1024 1117 1118
f 1024 1118 1025
f 1025 1118 1119
f 1025 1119 1120
f 1025 1120 1026
f 1026 1120 1121
f 1026 1121 1122
f 1026 1122 1027
f 1027 1122 1035
f 1028 1029 1123
f 1028 1123 1117
f 1029 1034 1123
f 1030 1116 1124
f 1030 1124 1031
f 1031 1124 1032
f 1032 1124 1125
f 1032 1125 1033
f 1033 1126 1034
f 1033 1125 1127
f 1033 1127 1128
f 1033 1128 1129
f 1033 1129 1130
f 1033 1130 1126
f 1034 1131 1123
f 1034 1126 1131
f 1035 1122 1132
f 1035 1132 1036
f 1036 1132 1038
f 1036 1038 1037
f 1038 1132 1133
f 1038 1133 1134
f 1038 1134 1039
f 1039 1134 1040
f 1040 1135 1136
f 1040 1136 1041
f 1040 1134 1137
f 1040 1137 1135
f 1041 1136 1138
f 1041 1138 1140
f 1041 1140 1042
f 1042 1139 1043
f 1042 1140 1139
f 1043 1139 1141
f 1043 1141 1044
f 1044 1141 1142
f 1044 1142 1143
f 1044 1143 1144
f 1044 1144 1145
f 1044 1145 1046
f 1044 1046 1045
f 1046 1145 1146
f 1046 1146 1048
f 1048 1146 1147
f 1048 1147 1049
f 1049 1147 1051
f 1051 1147 1054
f 1052 1057 1148
f 1052 1148 1058
f 1053 1149 1055
f 1053 1054 1151
f 1053 1151 1149
f 1054 1147 1150
f 1054 1150 1151
f 1055 1149 1152
f 1055 1152 1153
f 1055 1153 1056
f 1056 1153 1154
f 1056 1154 1155
f 1056 1155 1057
f 1057 1155 1156
f 1057 1156 1148
f 1058 1148 1157
f 1058 1157 1059
f 1059 1157 1158
f 1059 1158 1060
f 1060 1158 1159
f 1060 1159 1160
f 1060 1160 1161
f 1060 1161 1061
f 1061 1161 1062
f 1062 1161 1063
f 1063 1161 1162
f 1063 1162 1163
f 1063 1163 1164
f 1063 1164 1065
f 1063 1065 1064
f 1065 1164 1165
f 1065 1165 1166
f 1065 1166 1167
f 1065 1167 1068
f 1068 1167 1069
f 1069 1167 1070
f 1070 1167 1168
f 1070 1168 1169
f 1070 1169 1072
f 1070 1072 1071
f 1072 1170 1073
f 1072 1169 1168
f 1072 1168 1171
f 1072 1171 1170
f 1073 1170 1074
f 1074 1076 1075
f 1074 1170 1271
f 1074 1271 1172
f 1074 1172 1173
f 1074 1173 1076
f 1076 1174 1092
f 1076 1092 1077
f 1076 1173 1175
f 1076 1175 1174
f 1079 1176 1081
f 1079 1080 1177
f 1079 1177 1176
f 1081 1176 1178
f 1081 1178 1179
f 1081 1179 1083
f 1081 1083 1082
f 1083 1179 1084
f 1084 1179 1180
f 1084 1180 1181
f 1084 1181 1182
f 1084 1182 1085
f 1085 1182 1086
f 1086 1182 1087
f 1087 1183 1184
f 1087 1184 1185
f 1087 1185 1088
f 1087 1182 1183
f 1088 1185 1089
f 1089 1186 1187
f 1089 1187 1103
f 1089 1185 1186
f 1090 1094 1188
f 1090 1188 1189
f 1090 1189 1091
f 1091 1189 1190
f 1091 1190 1095
f 1092 1174 1093
f 1093 1174 1175
f 1093 1175 1191
f 1093 1191 1192
f 1093 1192 1188
f 1093 1188 1094
f 1095 1190 1193
f 1095 1193 1098
f 1096 1098 1194
f 1096 1194 1097
f 1097 1194 1101
f 1098 1195 1194
f 1098 1193 1196
f 1098 1196 1195
f 1099 1101 1197
f 1099 1197 1198
f 1099 1198 1100
f 1101 1194 1199
f 1101 1199 1197
f 1103 1187 1104
f 1104 1187 1200
f 1104 1200 1105
f 1105 1200 1201
f 1105 1201 1202
f 1105 1202 1107
f 1107 1202 1203
f 1107 1203 1109
f 1109 1203 1111
f 1109 1111 1110
f 1111 1113 1112
f 1111 1203 1204
f 1111 1204 1205
f 1111 1205 1113
f 1113 1205 1206
f 1113 1206 1207
f 1113 1207 1114
f 1114 1116 1115
f 1114 1207 1208
f 1114 1208 1116
f 1116 1208 1209
f 1116 1209 1124
f 1117 1123 1210
f 1117 1210 1211
f 1117 1211 1212
f 1117 1212 1118
f 1118 1212 1213
f 1118 1213 1119
f 1119 1213 1214
f 1119 1214 1215
f 1119 1215 1120
f 1120 1215 1121
f 1121 1215 1216
f 1121 1216 1217
f 1121 1217 1122
f 1122 1217 1132
f 1123 1131 1218
f 1123 1218 1210
f 1124 1209 1219
f 1124 1219 1125
f 1125 1219 1127
f 1126 1130 1220
f 1126 1220 1131
f 1127 1219 1221
f 1127 1221 1128
f 1128 1221 1222
f 1128 1222 1129
f 1129 1222 1223
f 1129 1223 1224
f 1129 1224 1225
f 1129 1225 1226
f 1129 1226 1227
f 1129 1227 1228
f 1129 1228 1229
f 1129 1229 1130
f 1130 1229 1220
f 1131 1220 1230
f 1131 1230 1218
f 1132 1217 1133
f 1133 1217 1216
f 1133 1216 1231
f 1133 1231 1232
f 1133 1232 1134
f 1134 1232 1137
f 1135 1137 1136
f 1136 1137 1233
f 1136 1233 1234
f 1136 1234 1138
f 1137 1232 1348
f 1137 1348 1235
f 1137 1235 1236
f 1137 1236 1233
f 1138 1234 1237
f 1138 1237 1239
f 1138 1239 1140
f 1139 1238 1142
f 1139 1142 1141
f 1139 1140 1238
f 1140 1239 1240
f 1140 1240 1238
f 1142 1241 1242
f 1142 1242 1243
f 1142 1243 1244
f 1142 1244 1143
f 1142 1238 1241
f 1143 1244 1245
f 1143 1245 1146
f 1143 1146 1145
f 1143 1145 1144
f 1146 1245 1147
f 1147 1245 1150
f 1148 1156 1246
f 1148 1246 1247
f 1148 1247 1157
f 1149 1248 1249
f 1149 1249 1152
f 1149 1151 1248
f 1150 1250 1251
f 1150 1251 1248
f 1150 1248 1151
f 1150 1245 1250
f 1152 1249 1252
f 1152 1252 1253
f 1152 1253 1153
f 1153 1253 1154
f 1154 1253 1254
f 1154 1254 1255
f 1154 1255 1155
f 1155 1255 1156
f 1156 1255 1256
f 1156 1256 1246
f 1157 1247 1257
f 1157 1257 1258
f 1157 1258 1158
f 1158 1258 1259
f 1158 1259 1260
f 1158 1260 1261
f 1158 1261 1262
f 1158 1262 1263
f 1158 1263 1159
f 1159 1263 1160
f 1160 1263 1161
f 1161 1263 1162
f 1162 1263 1264
f 1162 1264 1265
f 1162 1265 1266
f 1162 1266 1163
f 1163 1266 1164
f 1164 1266 1165
f 1165 1266 1267
f 1165 1267 1268
f 1165 1268 1269
f 1165 1269 1166
f 1166 1269 1167
f 1167 1269 1168
f 1168 1269 1270
f 1168 1270 1171
f 1170 1171 1271
f 1171 1270 1272
f 1171 1272 1273
f 1171 1273 1274
f 1171 1274 1271
f 1172 1271 1273
f 1172 1273 1275
f 1172 1275 1276
f 1172 1276 1277
f 1172 1277 1173
f 1173 1277 1276
f 1173 1276 1278
f 1173 1278 1279
f 1173 1279 1175
f 1175 1279 1191
f 1176 1280 1178
f 1176 1177 1281
f 1176 1281 1282
f 1176 1282 1283
f 1176 1283 1280
f 1178 1280 1284
f 1178 1284 1285
f 1178 1285 1181
f 1178 1181 1180
f 1178 1180 1179
f 1181 1286 1287
f 1181 1287 1288
f 1181 1288 1182
f 1181 1285 1286
f 1182 1288 1183
f 1183 1288 1184
f 1184 1288 1289
f 1184 1289 1290
f 1184 1290 1291
f 1184 1291 1185
f 1185 1291 1186
f 1186 1291 1187
f 1187 1291 1292
f 1187 1292 1293
f 1187 1293 1294
f 1187 1294 1200
f 1188 1192 1295
f 1188 1295 1296
f 1188 1296 1189
f 1189 1296 1297
f 1189 1297 1193
f 1189 1193 1190
f 1191 1279 1298
f 1191 1298 1299
f 1191 1299 1295
f 1191 1295 1192
f 1193 1297 1300
f 1193 1300 1196
f 1194 1195 1199
f 1195 1301 1199
f 1195 1196 1301
f 1196 1300 1302
f 1196 1302 1303
f 1196 1303 1301
f 1197 1199 1304
f 1197 1304 1305
f 1197 1305 1198
f 1199 1301 1306
f 1199 1306 1304
f 1200 1294 1307
f 1200 1307 1201
f 1201 1308 1202
f 1201 1307 1308
f 1202 1308 1309
f 1202 1309 1203
f 1203 1309 1310
f 1203 1310 1311
f 1203 1311 1204
f 1204 1206 1205
f 1204 1311 1310
f 1204 1310 1312
f 1204 1312 1313
f 1204 1313 1314
f 1204 1314 1315
f 1204 1315 1316
f 1204 1316 1206
f 1206 1316 1317
f 1206 1317 1207
f 1207 1209 1208
f 1207 1317 1318
f 1207 1318 1209
f 1209 1318 1219
f 1210 1218 1319
f 1210 1319 1211
f 1211 1319 1320
f 1211 1320 1321
f 1211 1321 1213
f 1211 1213 1212
f 1213 1321 1322
f 1213 1322 1323
f 1213 1323 1214
f 1214 1323 1324
f 1214 1324 1325
f 1214 1325 1326
f 1214 1326 1215
f 1215 1326 1216
f 1216 1326 1327
f 1216 1327 1231
f 1218 1230 1328
f 1218 1328 1319
f 1219 1318 1329
f 1219 1329 1330
f 1219 1330 1221
f 1220 1229 1331
f 1220 1331 1230
f 1221 1330 1222
f 1222 1224 1223
f 1222 1330 1224
f 1224 1332 1333
f 1224 1333 1334
f 1224 1334 1335
f 1224 1335 1225
f 1224 1330 1332
f 1225 1336 1226
f 1225 1335 1337
f 1225 1337 1336
f 1226 1336 1338
f 1226 1338 1339
f 1226 1339 1340
f 1226 1340 1341
f 1226 1341 1227
f 1227 1342 1343
f 1227 1343 1344
f 1227 1344 1345
f 1227 1345 1228
f 1227 1341 1346
f 1227 1346 1342
f 1228 1345 1331
f 1228 1331 1229
f 1230 1331 1347
f 1230 1347 1328
f 1231 1327 1348
f 1231 1348 1232
f 1233 1349 1237
f 1233 1237 1234
f 1233 1236 1356
f 1233 1356 1350
f 1233 1350 1351
f 1233 1351 1352
f 1233 1352 1349
f 1235 1348 1353
f 1235 1353 1236
f 1236 1353 1348
f 1236 1348 1354
f 1236 1354 1355
f 1236 1355 1356
f 1237 1357 1358
f 1237 1358 1239
f 1237 1349 1357
f 1238 1240 1241
f 1239 1358 1359
f 1239 1359 1240
f 1240 1359 1360
f 1240 1360 1241
f 1241 1361 1362
f 1241 1362 1242
f 1241 1360 1361
f 1242 1362 1243
f 1243 1362 1363
f 1243 1363 1364
f 1243 1364 1365
f 1243 1365 1366
f 1243 1366 1244
f 1244 1366 1245
f 1245 1366 1250
f 1246 1256 1367
f 1246 1367 1368
f 1246 1368 1247
f 1247 1368 1257
f 1248 1369 1370
f 1248 1370 1249
f 1248 1251 1369
f 1249 1370 1252
f 1250 1366 1371
f 1250 1371 1372
f 1250 1372 1251
f 1251 1372 1369
f 1252 1373 1374
f 1252 1374 1375
f 1252 1375 1254
f 1252 1254 1253
f 1252 1370 1373
f 1254 1375 1376
f 1254 1376 1377
f 1254 1377 1255
f 1255 1377 1256
f 1256 1377 1378
f 1256 1378 1367
f 1257 1368 1259
f 1257 1259 1258
f 1259 1368 1379
f 1259 1379 1380
f 1259 1380 1381
f 1259 1381 1382
f 1259 1382 1260
f 1260 1382 1383
f 1260 1383 1384
f 1260 1384 1261
f 1261 1264 1263
f 1261 1263 1262
f 1261 1384 1385
f 1261 1385 1386
f 1261 1386 1264
f 1264 1386 1387
f 1264 1387 1265
f 1265 1387 1266
f 1266 1387 1267
f 1267 1387 1388
f 1267 1388 1268
f 1268 1389 1272
f 1268 1272 1270
f 1268 1270 1269
f 1268 1388 1390
f 1268 1390 1391
f 1268 1391 1392
f 1268 1392 1389
f 1271 1274 1273
f 1272 1389 1273
f 1273 1389 1275
f 1275 1393 1394
f 1275 1394 1395
f 1275 1395 1396
f 1275 1396 1276
f 1275 1389 1393
f 1276 1396 1278
f 1278 1298 1397
f 1278 1397 1279
f 1278 1396 1398
f 1278 1398 1399
f 1278 1399 1298
f 1279 1397 1298
f 1280 1400 1284
f 1280 1283 1401
f 1280 1401 1402
f 1280 1402 1403
f 1280 1403 1400
f 1284 1400 1404
f 1284 1404 1405
f 1284 1405 1406
f 1284 1406 1287
f 1284 1287 1286
f 1284 1286 1285
f 1287 1407 1408
f 1287 1408 1409
f 1287 1409 1290
f 1287 1290 1289
f 1287 1289 1288
f 1287 1406 1407
f 1290 1409 1410
f 1290 1410 1411
f 1290 1411 1412
f 1290 1412 1292
f 1290 1292 1291
f 1292 1412 1293
f 1293 1412 1413
f 1293 1413 1414
f 1293 1414 1415
f 1293 1415 1416
f 1293 1416 1307
f 1293 1307 1294
f 1295 1299 1417
f 1295 1417 1296
f 1296 1418 1300
f 1296 1300 1297
f 1296 1417 1418
f 1298 1419 1299
f 1298 1399 1420
f 1298 1420 1421
f 1298 1421 1422
f 1298 1422 1419
f 1299 1419 1417
f 1300 1418 1302
f 1301 1303 1306
f 1302 1418 1423
f 1302 1423 1424
f 1302 1424 1425
f 1302 1425 1426
f 1302 1426 1306
f 1302 1306 1303
f 1304 1306 1427
f 1304 1427 1428
f 1304 1428 1429
f 1304 1429 1305
f 1306 1426 1430
f 1306 1430 1431
f 1306 1431 1427
f 1307 1416 1415
f 1307 1415 1432
f 1307 1432 1433
f 1307 1433 1308
f 1308 1433 1434
f 1308 1434 1309
f 1309 1434 1310
f 1310 1434 1435
f 1310 1435 1313
f 1310 1313 1312
f 1313 1435 1436
f 1313 1436 1314
f 1314 1436 1437
f 1314 1437 1438
f 1314 1438 1439
f 1314 1439 1440
f 1314 1440 1441
f 1314 1441 1315
f 1315 1317 1316
f 1315 1441 1317
f 1317 1441 1442
f 1317 1442 1443
f 1317 1443 1330
f 1317 1330 1329
f 1317 1329 1318
f 1319 1328 1444
f 1319 1444 1320
f 1320 1445 1321
f 1320 1444 1446
f 1320 1446 1445
f 1321 1445 1322
f 1322 1445 1447
f 1322 1447 1448
f 1322 1448 1323
f 1323 1448 1324
f 1324 1448 1449
f 1324 1449 1450
f 1324 1450 1325
f 1325 1450 1451
f 1325 1451 1326
f 1326 1451 1452
f 1326 1452 1327
f 1327 1452 1453
f 1327 1453 1454
f 1327 1454 1348
f 1328 1347 1455
f 1328 1455 1444
f 1330 1443 1442
f 1330 1442 1332
f 1331 1345 1344
f 1331 1344 1343
f 1331 1343 1347
f 1332 1442 1333
f 1333 1442 1456
f 1333 1456 1457
f 1333 1457 1334
f 1334 1457 1335
f 1335 1457 1458
f 1335 1458 1337
f 1336 1337 1338
f 1337 1458 1459
f 1337 1459 1338
f 1338 1459 1460
f 1338 1460 1461
f 1338 1461 1339
f 1339 1461 1462
f 1339 1462 1463
f 1339 1463 1340
f 1340 1463 1341
f 1341 1463 1464
f 1341 1464 1346
f 1342 1346 1465
f 1342 1465 1466
f 1342 1466 1343
f 1343 1466 1467
f 1343 1467 1455
f 1343 1455 1347
f 1346 1468 1469
f 1346 1469 1470
f 1346 1470 1466
f 1346 1466 1465
f 1346 1464 1471
f 1346 1471 1472
f 1346 1472 1468
f 1348 1454 1355
f 1348 1355 1354
f 1349 1352 1357
f 1350 1356 1473
f 1350 1473 1351
f 1351 1474 1475
f 1351 1475 1476
f 1351 1476 1477
f 1351 1477 1615
f 1351 1615 1478
f 1351 1478 1479
f 1351 1479 1352
f 1351 1473 1474
f 1352 1479 1492
f 1352 1492 1480
f 1352 1480 1359
f 1352 1359 1357
f 1355 1453 1481
f 1355 1481 1482
f 1355 1482 1483
f 1355 1483 1356
f 1355 1454 1453
f 1356 1483 1474
f 1356 1474 1473
f 1357 1359 1358
f 1359 1484 1485
f 1359 1485 1486
f 1359 1486 1487
f 1359 1487 1488
f 1359 1488 1489
f 1359 1489 1631
f 1359 1631 1490
f 1359 1490 1491
f 1359 1491 1361
f 1359 1361 1360
f 1359 1480 1492
f 1359 1492 1493
f 1359 1493 1494
f 1359 1494 1495
f 1359 1495 1484
f 1361 1491 1362
f 1362 1496 1363
f 1362 1491 1496
f 1363 1496 1497
f 1363 1497 1498
f 1363 1498 1499
f 1363 1499 1500
f 1363 1500 1364
f 1364 1500 1365
f 1365 1500 1501
f 1365 1501 1371
f 1365 1371 1366
f 1367 1378 1502
f 1367 1502 1368
f 1368 1502 1503
f 1368 1503 1379
f 1369 1372 1370
f 1370 1372 1504
f 1370 1504 1505
f 1370 1505 1373
f 1371 1501 1506
f 1371 1506 1372
f 1372 1506 1504
f 1373 1505 1507
f 1373 1507 1374
f 1374 1507 1508
f 1374 1508 1509
f 1374 1509 1375
f 1375 1509 1376
f 1376 1509 1510
f 1376 1510 1511
f 1376 1511 1377
f 1377 1511 1378
f 1378 1511 1512
f 1378 1512 1502
f 1379 1503 1380
f 1380 1513 1381
f 1380 1503 1514
f 1380 1514 1515
f 1380 1515 1516
f 1380 1516 1517
f 1380 1517 1518
f 1380 1518 1513
f 1381 1383 1382
f 1381 1513 1518
f 1381 1518 1519
f 1381 1519 1383
f 1383 1519 1520
f 1383 1520 1521
f 1383 1521 1384
f 1384 1521 1522
f 1384 1522 1385
f 1385 1522 1523
f 1385 1523 1386
f 1386 1523 1387
f 1387 1523 1524
f 1387 1524 1388
f 1388 1524 1390
f 1389 1392 1393
f 1390 1524 1523
f 1390 1523 1525
f 1390 1525 1526
f 1390 1526 1391
f 1391 1526 1527
f 1391 1527 1528
f 1391 1528 1393
f 1391 1393 1392
f 1393 1528 1527
f 1393 1527 1529
f 1393 1529 1530
f 1393 1530 1531
f 1393 1531 1532
f 1393 1532 1394
f 1394 1532 1395
f 1395 1532 1531
f 1395 1531 1530
f 1395 1530 1533
f 1395 1533 1534
f 1395 1534 1398
f 1395 1398 1535
f 1395 1535 1396
f 1396 1535 1398
f 1398 1536 1420
f 1398 1420 1399
f 1398 1534 1533
f 1398 1533 1537
f 1398 1537 1536
f 1400 1403 1538
f 1400 1538 1539
f 1400 1539 1404
f 1404 1539 1540
f 1404 1540 1541
f 1404 1541 1542
f 1404 1542 1543
f 1404 1543 1405
f 1405 1543 1544
f 1405 1544 1407
f 1405 1407 1406
f 1407 1544 1408
f 1408 1544 1545
f 1408 1545 1546
f 1408 1546 1547
f 1408 1547 1410
f 1408 1410 1409
f 1410 1547 1411
f 1411 1547 1548
f 1411 1548 1549
f 1411 1549 1550
f 1411 1550 1551
f 1411 1551 1413
f 1411 1413 1412
f 1413 1551 1414
f 1414 1551 1550
f 1414 1550 1549
f 1414 1549 1552
f 1414 1552 1553
f 1414 1553 1554
f 1414 1554 1555
f 1414 1555 1556
f 1414 1556 1415
f 1415 1556 1432
f 1417 1419 1557
f 1417 1557 1558
f 1417 1558 1423
f 1417 1423 1418
f 1419 1422 1557
f 1420 1536 1421
f 1421 1559 1560
f 1421 1560 1561
f 1421 1561 1422
f 1421 1536 1562
f 1421 1562 1563
f 1421 1563 1564
f 1421 1564 1559
f 1422 1561 1557
f 1423 1558 1424
f 1424 1558 1557
f 1424 1557 1565
f 1424 1565 1566
f 1424 1566 1567
f 1424 1567 1568
f 1424 1568 1425
f 1425 1430 1426
f 1425 1568 1430
f 1427 1431 1569
f 1427 1569 1570
f 1427 1570 1428
f 1430 1568 1571
f 1430 1571 1572
f 1430 1572 1431
f 1431 1573 1574
f 1431 1574 1569
f 1431 1572 1575
f 1431 1575 1573
f 1432 1556 1576
f 1432 1576 1577
f 1432 1577 1578
f 1432 1578 1579
f 1432 1579 1433
f 1433 1579 1578
f 1433 1578 1434
f 1434 1578 1580
f 1434 1580 1581
f 1434 1581 1435
f 1435 1580 1582
f 1435 1582 1583
f 1435 1583 1584
f 1435 1584 1436
f 1435 1581 1580
f 1436 1584 1585
f 1436 1585 1437
f 1437 1585 1584
f 1437 1584 1586
f 1437 1586 1587
f 1437 1587 1438
f 1438 1588 1456
f 1438 1456 1439
f 1438 1587 1589
f 1438 1589 1588
f 1439 1456 1442
f 1439 1442 1440
f 1440 1442 1441
f 1444 1455 1590
f 1444 1590 1446
f 1445 1446 1591
f 1445 1591 1447
f 1446 1590 1592
f 1446 1592 1591
f 1447 1593 1449
f 1447 1449 1448
f 1447 1591 1594
f 1447 1594 1731
f 1447 1731 1593
f 1449 1593 1595
f 1449 1595 1450
f 1450 1595 1481
f 1450 1481 1451
f 1451 1481 1596
f 1451 1596 1452
f 1452 1596 1453
f 1453 1596 1481
f 1455 1467 1590
f 1456 1588 1457
f 1457 1588 1597
f 1457 1597 1598
f 1457 1598 1599
f 1457 1599 1458
f 1458 1599 1459
f 1459 1599 1460
f 1460 1599 1600
f 1460 1600 1461
f 1461 1600 1601
f 1461 1601 1462
f 1462 1602 1463
f 1462 1601 1603
f 1462 1603 1602
f 1463 1602 1464
f 1464 1602 1471
f 1466 1470 1604
f 1466 1604 1605
f 1466 1605 1467
f 1467 1605 1606
f 1467 1606 1590
f 1468 1472 1607
f 1468 1607 1469
f 1469 1608 1470
f 1469 1607 1739
f 1469 1739 1608
f 1470 1608 1604
f 1471 1602 1609
f 1471 1609 1610
f 1471 1610 1472
f 1472 1610 1611
f 1472 1611 1607
f 1474 1483 1612
f 1474 1612 1475
f 1475 1612 1613
f 1475 1613 1476
f 1476 1613 1614
f 1476 1614 1477
f 1477 1614 1615
f 1478 1615 1616
f 1478 1616 1754
f 1478 1754 1617
f 1478 1617 1618
f 1478 1618 1479
f 1479 1618 1619
f 1479 1619 1492
f 1481 1595 1620
f 1481 1620 1621
f 1481 1621 1622
f 1481 1622 1483
f 1481 1483 1482
f 1483 1622 1623
f 1483 1623 1612
f 1484 1495 1624
f 1484 1624 1485
f 1485 1624 1486
f 1486 1625 1626
f 1486 1626 1487
f 1486 1624 1625
f 1487 1626 1488
f 1488 1626 1627
f 1488 1627 1628
f 1488 1628 1629
f 1488 1629 1630
f 1488 1630 1631
f 1488 1631 1489
f 1490 1631 1632
f 1490 1632 1633
f 1490 1633 1491
f 1491 1633 1634
f 1491 1634 1496
f 1492 1619 1493
f 1493 1619 1494
f 1494 1619 1618
f 1494 1618 1635
f 1494 1635 1636
f 1494 1636 1495
f 1495 1636 1637
f 1495 1637 1624
f 1496 1634 1638
f 1496 1638 1497
f 1497 1638 1498
f 1498 1639 1776
f 1498 1776 1640
f 1498 1640 1641
f 1498 1641 1642
f 1498 1642 1499
f 1498 1638 1632
f 1498 1632 1639
f 1499 1642 1643
f 1499 1643 1500
f 1500 1643 1501
f 1501 1643 1644
f 1501 1644 1645
f 1501 1645 1506
f 1502 1512 1646
f 1502 1646 1647
f 1502 1647 1648
f 1502 1648 1503
f 1503 1648 1514
f 1504 1506 1645
f 1504 1645 1505
f 1505 1645 1649
f 1505 1649 1507
f 1507 1649 1650
f 1507 1650 1508
f 1508 1650 1786
f 1508 1786 1651
f 1508 1651 1652
f 1508 1652 1509
f 1509 1652 1510
f 1510 1652 1653
f 1510 1653 1654
f 1510 1654 1511
f 1511 1654 1512
f 1512 1654 1646
f 1514 1648 1655
f 1514 1655 1515
f 1515 1655 1656
f 1515 1656 1657
f 1515 1657 1658
f 1515 1658 1659
f 1515 1659 1516
f 1516 1659 1660
f 1516 1660 1661
f 1516 1661 1662
f 1516 1662 1517
f 1517 1662 1518
f 1518 1662 1663
f 1518 1663 1664
f 1518 1664 1519
f 1519 1664 1665
f 1519 1665 1520
f 1520 1665 1666
f 1520 1666 1521
f 1521 1666 1522
f 1522 1666 1523
f 1523 1666 1667
f 1523 1667 1525
f 1525 1667 1668
f 1525 1668 1526
f 1526 1668 1669
f 1526 1669 1670
f 1526 1670 1671
f 1526 1671 1529
f 1526 1529 1527
f 1529 1671 1672
f 1529 1672 1673
f 1529 1673 1674
f 1529 1674 1530
f 1530 1674 1675
f 1530 1675 1533
f 1533 1675 1537
f 1536 1537 1562
f 1537 1563 1562
f 1537 1675 1676
f 1537 1676 1677
f 1537 1677 1678
f 1537 1678 1563
f 1539 1679 1540
f 1540 1679 1680
f 1540 1680 1541
f 1541 1681 1682
f 1541 1682 1683
f 1541 1683 1542
f 1541 1680 1684
f 1541 1684 1681
f 1542 1683 1685
f 1542 1685 1686
f 1542 1686 1687
f 1542 1687 1543
f 1543 1687 1545
f 1543 1545 1544
f 1545 1687 1688
f 1545 1688 1546
f 1546 1688 1689
f 1546 1689 1548
f 1546 1548 1547
f 1548 1689 1549
f 1549 1690 1691
f 1549 1691 1692
f 1549 1692 1693
f 1549 1693 1552
f 1549 1689 1688
f 1549 1688 1694
f 1549 1694 1690
f 1552 1693 1553
f 1553 1695 1696
f 1553 1696 1697
f 1553 1697 1698
f 1553 1698 1554
f 1553 1693 1692
f 1553 1692 1691
f 1553 1691 1695
f 1554 1698 1576
f 1554 1576 1555
f 1555 1576 1556
f 1557 1561 1560
f 1557 1560 1699
f 1557 1699 1700
f 1557 1700 1565
f 1559 1699 1560
f 1559 1564 1699
f 1563 1678 1564
f 1564 1701 1699
f 1564 1678 1702
f 1564 1702 1703
f 1564 1703 1704
f 1564 1704 1705
f 1564 1705 1701
f 1565 1700 1566
f 1566 1706 1567
f 1566 1700 1707
f 1566 1707 1706
f 1567 1571 1568
f 1567 1706 1708
f 1567 1708 1571
f 1571 1708 1572
f 1572 1708 1706
f 1572 1706 1709
f 1572 1709 1710
f 1572 1710 1711
f 1572 1711 1575
f 1573 1575 1574
f 1574 1575 1712
f 1575 1711 1713
f 1575 1713 1712
f 1576 1714 1577
f 1576 1698 1697
f 1576 1697 1715
f 1576 1715 1716
f 1576 1716 1717
f 1576 1717 1718
f 1576 1718 1714
f 1577 1714 1578
f 1578 1714 1583
f 1578 1583 1580
f 1580 1583 1582
f 1583 1714 1718
f 1583 1718 1719
f 1583 1719 1584
f 1584 1719 1720
f 1584 1720 1721
f 1584 1721 1587
f 1584 1587 1586
f 1587 1721 1722
f 1587 1722 1589
f 1588 1589 1597
f 1589 1598 1597
f 1589 1722 1723
f 1589 1723 1724
f 1589 1724 1725
f 1589 1725 1726
f 1589 1726 1727
f 1589 1727 1598
f 1590 1606 1592
f 1591 1592 1728
f 1591 1728 1594
f 1592 1606 1729
f 1592 1729 1728
f 1593 1730 1595
f 1593 1731 1867
f 1593 1867 1730
f 1594 1728 1731
f 1595 1730 1732
f 1595 1732 1620
f 1598 1727 1599
f 1599 1727 1733
f 1599 1733 1734
f 1599 1734 1600
f 1600 1734 1601
f 1601 1734 1735
f 1601 1735 1736
f 1601 1736 1603
f 1602 1603 1609
f 1603 1736 1609
f 1604 1608 1737
f 1604 1737 1605
f 1605 1738 1729
f 1605 1729 1606
f 1605 1737 1738
f 1607 1611 1740
f 1607 1740 1739
f 1608 1741 1737
f 1608 1739 1742
f 1608 1742 1741
f 1609 1736 1743
f 1609 1743 1610
f 1610 1743 1744
f 1610 1744 1611
f 1611 1744 1745
f 1611 1745 1740
f 1612 1623 1746
f 1612 1746 1613
f 1613 1746 1747
f 1613 1747 1748
f 1613 1748 1614
f 1614 1748 1749
f 1614 1749 1750
f 1614 1750 1615
f 1615 1750 1751
f 1615 1751 1752
f 1615 1752 1616
f 1616 1752 1753
f 1616 1753 1754
f 1617 1754 1618
f 1618 1755 1635
f 1618 1754 1755
f 1620 1732 1756
f 1620 1756 1757
f 1620 1757 1621
f 1621 1757 1747
f 1621 1747 1746
f 1621 1746 1623
f 1621 1623 1622
f 1624 1637 1758
f 1624 1758 1759
f 1624 1759 1760
f 1624 1760 1761
f 1624 1761 1625
f 1625 1761 1626
f 1626 1761 1762
f 1626 1762 1763
f 1626 1763 1627
f 1627 1763 1764
f 1627 1764 1765
f 1627 1765 1766
f 1627 1766 1628
f 1628 1766 1767
f 1628 1767 1629
f 1629 1767 1768
f 1629 1768 1769
f 1629 1769 1770
f 1629 1770 1631
f 1629 1631 1630
f 1631 1770 1632
f 1632 1770 1771
f 1632 1771 1639
f 1632 1638 1634
f 1632 1634 1633
f 1635 1755 1772
f 1635 1772 1758
f 1635 1758 1773
f 1635 1773 1774
f 1635 1774 1636
f 1636 1774 1758
f 1636 1758 1637
f 1639 1775 1914
f 1639 1914 1776
f 1639 1771 1775
f 1640 1776 1777
f 1640 1777 1778
f 1640 1778 1641
f 1641 1778 1780
f 1641 1780 1642
f 1642 1779 1643
f 1642 1780 1779
f 1643 1779 1781
f 1643 1781 1644
f 1644 1781 1645
f 1645 1781 1649
f 1646 1782 1783
f 1646 1783 1784
f 1646 1784 1655
f 1646 1655 1647
f 1646 1654 1782
f 1647 1655 1648
f 1649 1781 1650
f 1650 1781 1785
f 1650 1785 1923
f 1650 1923 1786
f 1651 1786 1924
f 1651 1924 1787
f 1651 1787 1788
f 1651 1788 1652
f 1652 1788 1653
f 1653 1788 1789
f 1653 1789 1782
f 1653 1782 1654
f 1655 1784 1790
f 1655 1790 1791
f 1655 1791 1656
f 1656 1791 1792
f 1656 1792 1657
f 1657 1792 1793
f 1657 1793 1794
f 1657 1794 1658
f 1658 1660 1659
f 1658 1794 1795
f 1658 1795 1660
f 1660 1795 1796
f 1660 1796 1661
f 1661 1796 1797
f 1661 1797 1662
f 1662 1797 1798
f 1662 1798 1663
f 1663 1798 1664
f 1664 1798 1799
f 1664 1799 1665
f 1665 1799 1800
f 1665 1800 1666
f 1666 1800 1801
f 1666 1801 1668
f 1666 1668 1667
f 1668 1801 1802
f 1668 1802 1669
f 1669 1802 1803
f 1669 1803 1672
f 1669 1672 1670
f 1670 1672 1671
f 1672 1803 1804
f 1672 1804 1805
f 1672 1805 1806
f 1672 1806 1807
f 1672 1807 1808
f 1672 1808 1673
f 1673 1676 1675
f 1673 1675 1674
f 1673 1808 1809
f 1673 1809 1676
f 1676 1809 1677
f 1677 1810 1811
f 1677 1811 1812
f 1677 1812 1813
f 1677 1813 1814
f 1677 1814 1815
f 1677 1815 1703
f 1677 1703 1702
f 1677 1702 1678
f 1677 1809 1810
f 1681 1684 1816
f 1681 1816 1682
f 1682 1817 1818
f 1682 1818 1819
f 1682 1819 1683
f 1682 1816 1820
f 1682 1820 1817
f 1683 1819 1821
f 1683 1821 1822
f 1683 1822 1823
f 1683 1823 1824
f 1683 1824 1825
f 1683 1825 1685
f 1685 1825 1826
f 1685 1826 1686
f 1686 1826 1688
f 1686 1688 1687
f 1688 1826 1827
f 1688 1827 1694
f 1690 1694 1827
f 1690 1827 1828
f 1690 1828 1691
f 1691 1828 1824
f 1691 1824 1829
f 1691 1829 1830
f 1691 1830 1831
f 1691 1831 1832
f 1691 1832 1833
f 1691 1833 1695
f 1695 1833 1696
f 1696 1834 1697
f 1696 1833 1832
f 1696 1832 1835
f 1696 1835 1836
f 1696 1836 1837
f 1696 1837 1838
f 1696 1838 1834
f 1697 1834 1838
f 1697 1838 1715
f 1699 1839 1840
f 1699 1840 1707
f 1699 1707 1700
f 1699 1701 1841
f 1699 1841 1839
f 1701 1705 1841
f 1703 1815 1704
f 1704 1815 1814
f 1704 1814 1842
f 1704 1842 1843
f 1704 1843 1844
f 1704 1844 1845
f 1704 1845 1705
f 1705 1845 1841
f 1706 1707 1840
f 1706 1840 1846
f 1706 1846 1847
f 1706 1847 1709
f 1709 1847 1710
f 1710 1847 1848
f 1710 1848 1711
f 1711 1849 1713
f 1711 1848 1850
f 1711 1850 1851
f 1711 1851 1852
f 1711 1852 1853
f 1711 1853 1849
f 1712 1713 1854
f 1713 1849 1854
f 1715 1855 1716
f 1715 1838 1856
f 1715 1856 1857
f 1715 1857 1855
f 1716 1855 1717
f 1717 1855 1720
f 1717 1720 1718
f 1718 1720 1719
f 1720 1855 1858
f 1720 1858 1859
f 1720 1859 1721
f 1721 1859 1858
f 1721 1858 1860
f 1721 1860 1861
f 1721 1861 1862
f 1721 1862 1724
f 1721 1724 1723
f 1721 1723 1722
f 1724 1862 1725
f 1725 1862 1726
f 1726 1863 1727
f 1726 1862 1864
f 1726 1864 1863
f 1727 1863 1733
f 1728 1865 1731
f 1728 1729 1866
f 1728 1866 1983
f 1728 1983 1865
f 1729 1738 1866
f 1730 1867 1732
f 1731 1865 1868
f 1731 1868 1984
f 1731 1984 1867
f 1732 1867 1869
f 1732 1869 1870
f 1732 1870 1756
f 1733 1863 1734
f 1734 1863 1735
f 1735 1863 1871
f 1735 1871 1736
f 1736 1871 1872
f 1736 1872 1743
f 1737 1741 1873
f 1737 1873 1738
f 1738 1874 1866
f 1738 1873 1874
f 1739 1740 1875
f 1739 1875 1742
f 1740 1745 1876
f 1740 1876 1875
f 1741 1877 1878
f 1741 1878 1873
f 1741 1742 1879
f 1741 1879 1877
f 1742 1875 1879
f 1743 1872 1880
f 1743 1880 1744
f 1744 1880 1881
f 1744 1881 1745
f 1745 1881 1882
f 1745 1882 1876
f 1747 1757 1883
f 1747 1883 1884
f 1747 1884 1885
f 1747 1885 1748
f 1748 1885 1887
f 1748 1887 1749
f 1749 1886 1751
f 1749 1751 1750
f 1749 1887 1886
f 1751 1886 1888
f 1751 1888 1752
f 1752 1888 1889
f 1752 1889 1753
f 1753 1890 1754
f 1753 1889 1891
f 1753 1891 1892
f 1753 1892 1755
f 1753 1755 1890
f 1754 1890 1755
f 1755 1892 1893
f 1755 1893 1894
f 1755 1894 1895
f 1755 1895 1772
f 1756 1870 1757
f 1757 1870 1883
f 1758 1896 1759
f 1758 1774 1773
f 1758 1772 1897
f 1758 1897 1896
f 1759 1896 1898
f 1759 1898 1760
f 1760 1899 1761
f 1760 1898 1899
f 1761 1899 1900
f 1761 1900 1762
f 1762 1900 1901
f 1762 1901 1763
f 1763 1901 1764
f 1764 1901 2019
f 1764 2019 2021
f 1764 2021 1903
f 1764 1903 1765
f 1765 1902 1766
f 1765 1903 1902
f 1766 1902 1904
f 1766 1904 1905
f 1766 1905 1767
f 1767 1905 1906
f 1767 1906 1768
f 1768 1906 1907
f 1768 1907 1908
f 1768 1908 1909
f 1768 1909 1769
f 1769 1909 1770
f 1770 1909 1910
f 1770 1910 1771
f 1771 1910 1911
f 1771 1911 1912
f 1771 1912 1775
f 1772 1895 1894
f 1772 1894 1913
f 1772 1913 1896
f 1772 1896 1897
f 1775 1912 1914
f 1776 1914 1915
f 1776 1915 1916
f 1776 1916 1777
f 1777 1916 2039
f 1777 2039 1917
f 1777 1917 1778
f 1778 1917 1780
f 1779 1780 1781
f 1780 1918 1781
f 1780 1917 1919
f 1780 1919 1918
f 1781 1918 1785
f 1782 1789 1920
f 1782 1920 1783
f 1783 1920 1921
f 1783 1921 1922
f 1783 1922 1784
f 1784 1922 1790
f 1785 1918 1919
f 1785 1919 1923
f 1786 1923 1924
f 1787 1924 1925
f 1787 1925 1788
f 1788 1925 1789
f 1789 1925 1926
f 1789 1926 1920
f 1790 1922 2045
f 1790 2045 1927
f 1790 1927 1791
f 1791 1927 1792
f 1792 1927 1928
f 1792 1928 1793
f 1793 1928 1929
f 1793 1929 1930
f 1793 1930 1794
f 1794 1930 1931
f 1794 1931 1795
f 1795 1931 1796
f 1796 1931 1932
f 1796 1932 1933
f 1796 1933 1797
f 1797 1933 1934
f 1797 1934 1798
f 1798 1934 1935
f 1798 1935 1799
f 1799 1935 1802
f 1799 1802 1800
f 1800 1802 1801
f 1802 1935 1934
f 1802 1934 1936
f 1802 1936 1937
f 1802 1937 1804
f 1802 1804 1803
f 1804 1937 1938
f 1804 1938 1805
f 1805 1812 1811
f 1805 1811 1806
f 1805 1938 1939
f 1805 1939 1940
f 1805 1940 1812
f 1806 1811 1810
f 1806 1810 1807
f 1807 1810 1808
f 1808 1810 1809
f 1812 1940 1813
f 1813 1941 1942
f 1813 1942 1842
f 1813 1842 1814
f 1813 1940 1943
f 1813 1943 1944
f 1813 1944 1945
f 1813 1945 1946
f 1813 1946 1941
f 1817 1947 1818
f 1817 1820 1948
f 1817 1948 1949
f 1817 1949 1947
f 1818 1947 1950
f 1818 1950 1951
f 1818 1951 1952
f 1818 1952 1819
f 1819 1952 1953
f 1819 1953 1821
f 1821 1953 1823
f 1821 1823 1822
f 1823 1953 1954
f 1823 1954 1824
f 1824 1954 1829
f 1824 1828 1827
f 1824 1827 1825
f 1825 1827 1826
f 1829 1954 1830
f 1830 1954 1955
f 1830 1955 1831
f 1831 1955 1956
f 1831 1956 1957
f 1831 1957 1835
f 1831 1835 1832
f 1835 1957 1958
f 1835 1958 1959
f 1835 1959 1960
f 1835 1960 1836
f 1836 1960 1961
f 1836 1961 1837
f 1837 1961 1838
f 1838 1961 1856
f 1839 1846 1840
f 1839 1841 1846
f 1841 1845 1844
f 1841 1844 1962
f 1841 1962 1963
f 1841 1963 1964
f 1841 1964 1850
f 1841 1850 1846
f 1842 1942 1843
f 1843 1962 1844
f 1843 1942 1941
f 1843 1941 1965
f 1843 1965 1962
f 1846 1850 1848
f 1846 1848 1847
f 1849 1853 1966
f 1849 1966 1967
f 1849 1967 1854
f 1850 1964 1968
f 1850 1968 1969
f 1850 1969 1851
f 1851 1969 1970
f 1851 1970 1852
f 1852 1970 1853
f 1853 1970 1971
f 1853 1971 1972
f 1853 1972 1973
f 1853 1973 1966
f 1854 1967 1974
f 1855 1857 1856
f 1855 1856 1861
f 1855 1861 1858
f 1856 1961 1975
f 1856 1975 1976
f 1856 1976 1861
f 1858 1861 1860
f 1861 1976 1977
f 1861 1977 1862
f 1862 1978 1979
f 1862 1979 1980
f 1862 1980 1864
f 1862 1977 1978
f 1863 1864 1981
f 1863 1981 1982
f 1863 1982 1871
f 1864 1980 1982
f 1864 1982 1981
f 1865 1983 1868
f 1866 1874 1983
f 1867 1984 1869
f 1868 1983 1985
f 1868 1985 1984
f 1869 1984 1870
f 1870 1984 1986
f 1870 1986 1883
f 1871 1982 1872
f 1872 1982 1987
f 1872 1987 1880
f 1873 1878 1874
f 1874 1988 1985
f 1874 1985 1983
f 1874 1878 1988
f 1875 1989 1879
f 1875 1876 1990
f 1875 1990 2094
f 1875 2094 1989
f 1876 1882 1991
f 1876 1991 1990
f 1877 1992 1993
f 1877 1993 1994
f 1877 1994 1995
f 1877 1995 1878
f 1877 1879 1992
f 1878 1995 1996
f 1878 1996 1988
f 1879 1997 1992
f 1879 1989 1997
f 1880 1987 1881
f 1881 1987 1998
f 1881 1998 1999
f 1881 1999 1882
f 1882 1999 1991
f 1883 1986 2000
f 1883 2000 1884
f 1884 2000 2001
f 1884 2001 1885
f 1885 2001 1887
f 1886 2002 1888
f 1886 1887 2004
f 1886 2004 2002
f 1887 2001 2003
f 1887 2003 2004
f 1888 2002 2005
f 1888 2005 2006
f 1888 2006 2007
f 1888 2007 1891
f 1888 1891 1889
f 1891 2007 2114
f 1891 2114 2008
f 1891 2008 2009
f 1891 2009 1892
f 1892 2009 2010
f 1892 2010 1893
f 1893 2010 2011
f 1893 2011 1894
f 1894 2011 2119
f 1894 2119 2012
f 1894 2012 2013
f 1894 2013 2014
f 1894 2014 1913
f 1896 2014 1898
f 1896 1913 2014
f 1898 2014 2122
f 1898 2122 2015
f 1898 2015 2123
f 1898 2123 2016
f 1898 2016 1899
f 1899 2016 2123
f 1899 2123 2017
f 1899 2017 2018
f 1899 2018 2019
f 1899 2019 1900
f 1900 2019 1901
f 1902 1903 2020
f 1902 2020 2023
f 1902 2023 1904
f 1903 2021 2022
f 1903 2022 2127
f 1903 2127 2020
f 1904 2023 2024
f 1904 2024 2025
f 1904 2025 2026
f 1904 2026 1905
f 1905 2026 2027
f 1905 2027 1906
f 1906 2027 2028
f 1906 2028 1907
f 1907 2028 2029
f 1907 2029 2030
f 1907 2030 1908
f 1908 2030 2031
f 1908 2031 2032
f 1908 2032 1909
f 1909 2032 1911
f 1909 1911 1910
f 1911 2032 2031
f 1911 2031 2033
f 1911 2033 2034
f 1911 2034 2035
f 1911 2035 1912
f 1912 2035 2036
f 1912 2036 1914
f 1914 2036 2037
f 1914 2037 1915
f 1915 2037 2038
f 1915 2038 2039
f 1915 2039 1916
f 1917 2039 2040
f 1917 2040 2041
f 1917 2041 1919
f 1919 2041 1924
f 1919 1924 1923
f 1920 1926 1921
f 1921 1926 2042
f 1921 2042 2043
f 1921 2043 2044
f 1921 2044 2045
f 1921 2045 1922
f 1924 2041 2046
f 1924 2046 1925
f 1925 2046 2042
f 1925 2042 1926
f 1927 2045 2047
f 1927 2047 1928
f 1928 2047 2048
f 1928 2048 1929
f 1929 2048 2049
f 1929 2049 2050
f 1929 2050 1930
f 1930 2050 2051
f 1930 2051 1931
f 1931 2051 2052
f 1931 2052 1932
f 1932 2052 2053
f 1932 2053 1933
f 1933 2053 1934
f 1934 2053 1936
f 1936 2053 2054
f 1936 2054 1938
f 1936 1938 1937
f 1938 2054 2055
f 1938 2055 2056
f 1938 2056 2057
f 1938 2057 2058
f 1938 2058 1939
f 1939 2058 1940
f 1940 2058 1943
f 1941 1946 2059
f 1941 2059 2060
f 1941 2060 2061
f 1941 2061 2062
f 1941 2062 1965
f 1943 2058 1944
f 1944 2058 2057
f 1944 2057 2056
f 1944 2056 1945
f 1945 2063 1946
f 1945 2056 2064
f 1945 2064 2063
f 1946 2063 2059
f 1947 1949 2065
f 1947 2065 2066
f 1947 2066 2067
f 1947 2067 1950
f 1950 2067 2176
f 1950 2176 2068
f 1950 2068 1951
f 1951 2068 2069
f 1951 2069 2070
f 1951 2070 1952
f 1952 2070 2071
f 1952 2071 1953
f 1953 2071 1954
f 1954 2071 1955
f 1955 2071 1956
f 1956 2071 2072
f 1956 2072 2073
f 1956 2073 2074
f 1956 2074 1958
f 1956 1958 1957
f 1958 2074 2075
f 1958 2075 1959
f 1959 2075 2076
f 1959 2076 2077
f 1959 2077 1960
f 1960 2077 1961
f 1961 2077 2078
f 1961 2078 2079
f 1961 2079 1976
f 1961 1976 1975
f 1962 1965 2080
f 1962 2080 2081
f 1962 2081 1963
f 1963 2081 1968
f 1963 1968 1964
f 1965 2062 2080
f 1966 1973 2082
f 1966 2082 2083
f 1966 2083 1967
f 1967 2083 2084
f 1967 2084 1974
f 1968 2081 1971
f 1968 1971 1969
f 1969 1971 1970
f 1971 2081 2085
f 1971 2085 2086
f 1971 2086 1972
f 1972 2086 1973
f 1973 2086 2087
f 1973 2087 2088
f 1973 2088 2082
f 1976 2079 2078
f 1976 2078 1980
f 1976 1980 1979
f 1976 1979 1978
f 1976 1978 1977
f 1980 2078 2089
f 1980 2089 2090
f 1980 2090 1982
f 1982 2090 2092
f 1982 2092 1987
f 1984 1985 2091
f 1984 2091 1986
f 1985 1988 2091
f 1986 2091 2104
f 1986 2104 2000
f 1987 2092 2106
f 1987 2106 1998
f 1988 1996 2091
f 1989 2093 1997
f 1989 2094 2195
f 1989 2195 2093
f 1990 1991 2094
f 1991 2095 2094
f 1991 1999 2096
f 1991 2096 2198
f 1991 2198 2095
f 1992 2097 2098
f 1992 2098 2099
f 1992 2099 1993
f 1992 1997 2097
f 1993 2099 2100
f 1993 2100 2101
f 1993 2101 1994
f 1994 2101 2102
f 1994 2102 1995
f 1995 2102 1996
f 1996 2102 2103
f 1996 2103 2104
f 1996 2104 2091
f 1997 2093 2105
f 1997 2105 2097
f 1998 2106 2107
f 1998 2107 1999
f 1999 2107 2096
f 2000 2104 2001
f 2001 2104 2103
f 2001 2103 2003
f 2002 2004 2005
f 2003 2108 2110
f 2003 2110 2004
f 2003 2103 2109
f 2003 2109 2108
f 2004 2110 2005
f 2005 2111 2112
f 2005 2112 2006
f 2005 2110 2113
f 2005 2113 2111
f 2006 2112 2114
f 2006 2114 2007
f 2008 2115 2009
f 2008 2114 2116
f 2008 2116 2115
f 2009 2115 2117
f 2009 2117 2010
f 2010 2117 2120
f 2010 2120 2011
f 2011 2118 2119
f 2011 2120 2118
f 2012 2121 2122
f 2012 2122 2013
f 2012 2119 2225
f 2012 2225 2121
f 2013 2122 2014
f 2015 2122 2123
f 2017 2123 2229
f 2017 2229 2124
f 2017 2124 2125
f 2017 2125 2018
f 2018 2125 2019
f 2019 2125 2126
f 2019 2126 2128
f 2019 2128 2021
f 2020 2127 2023
f 2021 2128 2129
f 2021 2129 2022
f 2022 2129 2233
f 2022 2233 2127
f 2023 2127 2130
f 2023 2130 2131
f 2023 2131 2024
f 2024 2131 2025
f 2025 2131 2236
f 2025 2236 2132
f 2025 2132 2238
f 2025 2238 2133
f 2025 2133 2026
f 2026 2133 2134
f 2026 2134 2135
f 2026 2135 2027
f 2027 2135 2028
f 2028 2135 2136
f 2028 2136 2029
f 2029 2136 2137
f 2029 2137 2138
f 2029 2138 2139
f 2029 2139 2140
f 2029 2140 2030
f 2030 2140 2141
f 2030 2141 2142
f 2030 2142 2031
f 2031 2142 2034
f 2031 2034 2033
f 2034 2141 2143
f 2034 2143 2144
f 2034 2144 2036
f 2034 2036 2035
f 2034 2142 2141
f 2036 2144 2037
f 2037 2144 2143
f 2037 2143 2145
f 2037 2145 2146
f 2037 2146 2038
f 2038 2146 2147
f 2038 2147 2148
f 2038 2148 2040
f 2038 2040 2039
f 2040 2148 2149
f 2040 2149 2041
f 2041 2149 2046
f 2042 2150 2043
f 2042 2046 2150
f 2043 2150 2151
f 2043 2151 2152
f 2043 2152 2153
f 2043 2153 2154
f 2043 2154 2155
f 2043 2155 2044
f 2044 2155 2156
f 2044 2156 2157
f 2044 2157 2045
f 2045 2157 2047
f 2046 2149 2150
f 2047 2157 2261
f 2047 2261 2158
f 2047 2158 2048
f 2048 2158 2159
f 2048 2159 2049
f 2049 2159 2160
f 2049 2160 2161
f 2049 2161 2162
f 2049 2162 2050
f 2050 2162 2051
f 2051 2162 2163
f 2051 2163 2052
f 2052 2163 2053
f 2053 2163 2055
f 2053 2055 2054
f 2055 2163 2056
f 2056 2163 2164
f 2056 2164 2064
f 2059 2063 2060
f 2060 2165 2061
f 2060 2063 2166
f 2060 2166 2165
f 2061 2165 2167
f 2061 2167 2080
f 2061 2080 2062
f 2063 2064 2169
f 2063 2169 2168
f 2063 2168 2166
f 2064 2164 2266
f 2064 2266 2169
f 2065 2170 2066
f 2066 2171 2172
f 2066 2172 2173
f 2066 2173 2067
f 2066 2170 2174
f 2066 2174 2175
f 2066 2175 2171
f 2067 2173 2176
f 2068 2176 2177
f 2068 2177 2178
f 2068 2178 2069
f 2069 2178 2072
f 2069 2072 2070
f 2070 2072 2071
f 2072 2178 2073
f 2073 2178 2179
f 2073 2179 2180
f 2073 2180 2074
f 2074 2180 2075
f 2075 2181 2182
f 2075 2182 2183
f 2075 2183 2076
f 2075 2180 2181
f 2076 2183 2077
f 2077 2183 2089
f 2077 2089 2078
f 2080 2167 2184
f 2080 2184 2085
f 2080 2085 2081
f 2082 2088 2185
f 2082 2185 2083
f 2083 2185 2186
f 2083 2186 2187
f 2083 2187 2188
f 2083 2188 2189
f 2083 2189 2084
f 2085 2184 2086
f 2086 2184 2087
f 2087 2184 2190
f 2087 2190 2088
f 2088 2191 2185
f 2088 2190 2192
f 2088 2192 2191
f 2089 2183 2182
f 2089 2182 2193
f 2089 2193 2092
f 2089 2092 2090
f 2092 2193 2209
f 2092 2209 2106
f 2093 2194 2105
f 2093 2195 2196
f 2093 2196 2194
f 2094 2095 2195
f 2095 2197 2195
f 2095 2198 2199
f 2095 2199 2197
f 2096 2107 2200
f 2096 2200 2295
f 2096 2295 2198
f 2097 2201 2098
f 2097 2105 2201
f 2098 2201 2202
f 2098 2202 2203
f 2098 2203 2204
f 2098 2204 2099
f 2099 2204 2100
f 2100 2204 2303
f 2100 2303 2205
f 2100 2205 2206
f 2100 2206 2101
f 2101 2206 2207
f 2101 2207 2109
f 2101 2109 2102
f 2102 2109 2103
f 2105 2208 2201
f 2105 2194 2208
f 2106 2209 2210
f 2106 2210 2107
f 2107 2210 2211
f 2107 2211 2212
f 2107 2212 2200
f 2108 2213 2113
f 2108 2113 2110
f 2108 2109 2207
f 2108 2207 2213
f 2111 2214 2215
f 2111 2215 2112
f 2111 2113 2214
f 2112 2215 2216
f 2112 2216 2114
f 2113 2213 2217
f 2113 2217 2218
f 2113 2218 2214
f 2114 2216 2116
f 2115 2219 2117
f 2115 2116 2220
f 2115 2220 2219
f 2116 2216 2221
f 2116 2221 2220
f 2117 2222 2120
f 2117 2219 2222
f 2118 2223 2225
f 2118 2225 2119
f 2118 2120 2222
f 2118 2222 2224
f 2118 2224 2321
f 2118 2321 2223
f 2121 2225 2325
f 2121 2325 2227
f 2121 2227 2226
f 2121 2226 2122
f 2122 2227 2228
f 2122 2228 2123
f 2122 2226 2227
f 2123 2228 2229
f 2124 2229 2230
f 2124 2230 2231
f 2124 2231 2125
f 2125 2231 2232
f 2125 2232 2126
f 2126 2232 2128
f 2127 2233 2234
f 2127 2234 2237
f 2127 2237 2130
f 2128 2232 2235
f 2128 2235 2129
f 2129 2235 2331
f 2129 2331 2233
f 2130 2236 2131
f 2130 2237 2236
f 2132 2236 2239
f 2132 2239 2238
f 2133 2240 2241
f 2133 2241 2134
f 2133 2238 2240
f 2134 2241 2135
f 2135 2242 2243
f 2135 2243 2136
f 2135 2241 2242
f 2136 2243 2244
f 2136 2244 2137
f 2137 2244 2245
f 2137 2245 2246
f 2137 2246 2138
f 2138 2246 2139
f 2139 2246 2247
f 2139 2247 2248
f 2139 2248 2141
f 2139 2141 2140
f 2141 2248 2143
f 2143 2248 2249
f 2143 2249 2145
f 2145 2249 2146
f 2146 2249 2347
f 2146 2347 2250
f 2146 2250 2251
f 2146 2251 2147
f 2147 2251 2252
f 2147 2252 2253
f 2147 2253 2148
f 2148 2253 2149
f 2149 2253 2150
f 2150 2253 2151
f 2151 2253 2252
f 2151 2252 2152
f 2152 2254 2153
f 2152 2252 2255
f 2152 2255 2254
f 2153 2254 2256
f 2153 2256 2257
f 2153 2257 2258
f 2153 2258 2154
f 2154 2258 2259
f 2154 2259 2156
f 2154 2156 2155
f 2156 2259 2260
f 2156 2260 2157
f 2157 2260 2261
f 2158 2261 2262
f 2158 2262 2159
f 2159 2262 2160
f 2160 2263 2264
f 2160 2264 2161
f 2160 2262 2263
f 2161 2264 2265
f 2161 2265 2266
f 2161 2266 2162
f 2162 2266 2164
f 2162 2164 2163
f 2165 2166 2267
f 2165 2267 2268
f 2165 2268 2269
f 2165 2269 2270
f 2165 2270 2167
f 2166 2168 2267
f 2167 2270 2190
f 2167 2190 2184
f 2168 2169 2271
f 2168 2271 2267
f 2169 2266 2272
f 2169 2272 2273
f 2169 2273 2271
f 2171 2274 2172
f 2171 2175 2275
f 2171 2275 2274
f 2172 2274 2276
f 2172 2276 2277
f 2172 2277 2278
f 2172 2278 2279
f 2172 2279 2176
f 2172 2176 2173
f 2176 2279 2280
f 2176 2280 2177
f 2177 2280 2281
f 2177 2281 2282
f 2177 2282 2179
f 2177 2179 2178
f 2179 2282 2283
f 2179 2283 2180
f 2180 2283 2284
f 2180 2284 2181
f 2181 2284 2182
f 2182 2285 2209
f 2182 2209 2193
f 2182 2284 2285
f 2185 2191 2186
f 2186 2191 2286
f 2186 2286 2287
f 2186 2287 2288
f 2186 2288 2187
f 2187 2288 2289
f 2187 2289 2290
f 2187 2290 2291
f 2187 2291 2188
f 2190 2270 2192
f 2191 2192 2286
f 2192 2270 2269
f 2192 2269 2286
f 2194 2292 2208
f 2194 2196 2293
f 2194 2293 2292
f 2195 2197 2196
f 2196 2197 2294
f 2196 2294 2293
f 2197 2199 2297
f 2197 2297 2294
f 2198 2295 2296
f 2198 2296 2199
f 2199 2296 2390
f 2199 2390 2297
f 2200 2212 2312
f 2200 2312 2295
f 2201 2298 2202
f 2201 2208 2298
f 2202 2298 2299
f 2202 2299 2300
f 2202 2300 2301
f 2202 2301 2203
f 2203 2301 2302
f 2203 2302 2204
f 2204 2302 2303
f 2205 2303 2304
f 2205 2304 2305
f 2205 2305 2217
f 2205 2217 2206
f 2206 2217 2207
f 2207 2217 2213
f 2208 2292 2306
f 2208 2306 2298
f 2209 2285 2307
f 2209 2307 2210
f 2210 2308 2211
f 2210 2307 2309
f 2210 2309 2308
f 2211 2310 2311
f 2211 2311 2312
f 2211 2312 2212
f 2211 2308 2310
f 2214 2313 2314
f 2214 2314 2215
f 2214 2218 2313
f 2215 2314 2221
f 2215 2221 2216
f 2217 2305 2315
f 2217 2315 2218
f 2218 2315 2313
f 2219 2316 2222
f 2219 2220 2317
f 2219 2317 2316
f 2220 2221 2318
f 2220 2318 2319
f 2220 2319 2317
f 2221 2314 2318
f 2222 2320 2224
f 2222 2316 2320
f 2223 2321 2322
f 2223 2322 2323
f 2223 2323 2324
f 2223 2324 2225
f 2224 2320 2417
f 2224 2417 2321
f 2225 2324 2325
f 2227 2326 2228
f 2227 2325 2326
f 2228 2326 2229
f 2229 2327 2230
f 2229 2326 2327
f 2230 2327 2328
f 2230 2328 2329
f 2230 2329 2231
f 2231 2329 2330
f 2231 2330 2232
f 2232 2330 2332
f 2232 2332 2235
f 2233 2331 2234
f 2234 2331 2334
f 2234 2334 2237
f 2235 2332 2331
f 2236 2237 2333
f 2236 2333 2239
f 2237 2334 2333
f 2238 2239 2335
f 2238 2335 2240
f 2239 2333 2336
f 2239 2336 2335
f 2240 2337 2338
f 2240 2338 2241
f 2240 2335 2339
f 2240 2339 2337
f 2241 2338 2340
f 2241 2340 2341
f 2241 2341 2242
f 2242 2341 2243
f 2243 2341 2342
f 2243 2342 2244
f 2244 2342 2343
f 2244 2343 2245
f 2245 2343 2344
f 2245 2344 2345
f 2245 2345 2246
f 2246 2345 2247
f 2247 2345 2346
f 2247 2346 2347
f 2247 2347 2249
f 2247 2249 2248
f 2250 2348 2251
f 2250 2347 2346
f 2250 2346 2348
f 2251 2349 2255
f 2251 2255 2252
f 2251 2348 2349
f 2254 2255 2350
f 2254 2350 2256
f 2255 2349 2351
f 2255 2351 2350
f 2256 2352 2257
f 2256 2350 2353
f 2256 2353 2352
f 2257 2352 2354
f 2257 2354 2258
f 2258 2354 2355
f 2258 2355 2356
f 2258 2356 2259
f 2259 2356 2357
f 2259 2357 2358
f 2259 2358 2260
f 2260 2358 2359
f 2260 2359 2262
f 2260 2262 2261
f 2262 2359 2263
f 2263 2360 2459
f 2263 2459 2361
f 2263 2361 2264
f 2263 2359 2360
f 2264 2361 2362
f 2264 2362 2363
f 2264 2363 2265
f 2265 2364 2266
f 2265 2363 2365
f 2265 2365 2364
f 2266 2364 2365
f 2266 2365 2272
f 2267 2366 2367
f 2267 2367 2268
f 2267 2271 2366
f 2268 2367 2269
f 2269 2368 2286
f 2269 2367 2368
f 2271 2369 2370
f 2271 2370 2366
f 2271 2273 2371
f 2271 2371 2369
f 2272 2365 2363
f 2272 2363 2372
f 2272 2372 2371
f 2272 2371 2273
f 2274 2373 2374
f 2274 2374 2375
f 2274 2375 2277
f 2274 2277 2276
f 2274 2275 2376
f 2274 2376 2373
f 2277 2375 2377
f 2277 2377 2378
f 2277 2378 2278
f 2278 2280 2279
f 2278 2378 2281
f 2278 2281 2280
f 2281 2378 2379
f 2281 2379 2283
f 2281 2283 2282
f 2283 2379 2284
f 2284 2380 2285
f 2284 2379 2380
f 2285 2380 2307
f 2286 2381 2287
f 2286 2368 2381
f 2287 2381 2288
f 2288 2382 2383
f 2288 2383 2289
f 2288 2381 2384
f 2288 2384 2382
f 2289 2383 2290
f 2292 2293 2385
f 2292 2385 2386
f 2292 2386 2306
f 2293 2294 2387
f 2293 2387 2385
f 2294 2297 2388
f 2294 2388 2387
f 2295 2312 2296
f 2296 2312 2311
f 2296 2311 2389
f 2296 2389 2487
f 2296 2487 2390
f 2297 2390 2483
f 2297 2483 2388
f 2298 2306 2299
f 2299 2306 2391
f 2299 2391 2392
f 2299 2392 2393
f 2299 2393 2394
f 2299 2394 2300
f 2300 2394 2395
f 2300 2395 2396
f 2300 2396 2397
f 2300 2397 2398
f 2300 2398 2302
f 2300 2302 2301
f 2302 2398 2399
f 2302 2399 2400
f 2302 2400 2401
f 2302 2401 2303
f 2303 2401 2304
f 2304 2401 2402
f 2304 2402 2403
f 2304 2403 2305
f 2305 2403 2315
f 2306 2404 2391
f 2306 2386 2404
f 2307 2380 2405
f 2307 2405 2309
f 2308 2309 2310
f 2309 2406 2310
f 2309 2405 2407
f 2309 2407 2408
f 2309 2408 2406
f 2310 2389 2311
f 2310 2406 2389
f 2313 2409 2410
f 2313 2410 2314
f 2313 2315 2409
f 2314 2410 2318
f 2315 2403 2409
f 2316 2411 2320
f 2316 2317 2412
f 2316 2412 2411
f 2317 2319 2413
f 2317 2413 2412
f 2318 2410 2319
f 2319 2410 2414
f 2319 2414 2415
f 2319 2415 2413
f 2320 2416 2417
f 2320 2411 2416
f 2321 2417 2418
f 2321 2418 2322
f 2322 2418 2516
f 2322 2516 2419
f 2322 2419 2420
f 2322 2420 2323
f 2323 2420 2324
f 2324 2420 2421
f 2324 2421 2325
f 2325 2421 2326
f 2326 2421 2422
f 2326 2422 2327
f 2327 2422 2423
f 2327 2423 2328
f 2328 2423 2424
f 2328 2424 2425
f 2328 2425 2426
f 2328 2426 2329
f 2329 2426 2330
f 2330 2426 2427
f 2330 2427 2332
f 2331 2332 2334
f 2332 2428 2429
f 2332 2429 2430
f 2332 2430 2334
f 2332 2427 2428
f 2333 2334 2431
f 2333 2431 2432
f 2333 2432 2336
f 2334 2430 2431
f 2335 2336 2433
f 2335 2433 2339
f 2336 2432 2434
f 2336 2434 2433
f 2337 2435 2338
f 2337 2339 2436
f 2337 2436 2437
f 2337 2437 2435
f 2338 2435 2438
f 2338 2438 2340
f 2339 2433 2436
f 2340 2438 2439
f 2340 2439 2440
f 2340 2440 2341
f 2341 2440 2342
f 2342 2440 2441
f 2342 2441 2442
f 2342 2442 2343
f 2343 2442 2443
f 2343 2443 2344
f 2344 2443 2444
f 2344 2444 2445
f 2344 2445 2345
f 2345 2445 2346
f 2346 2445 2446
f 2346 2446 2348
f 2348 2446 2349
f 2349 2446 2351
f 2350 2351 2447
f 2350 2447 2448
f 2350 2448 2353
f 2351 2446 2449
f 2351 2449 2447
f 2352 2450 2354
f 2352 2353 2451
f 2352 2451 2450
f 2353 2448 2451
f 2354 2450 2355
f 2355 2452 2356
f 2355 2450 2453
f 2355 2453 2452
f 2356 2452 2454
f 2356 2454 2357
f 2357 2455 2456
f 2357 2456 2358
f 2357 2454 2455
f 2358 2456 2359
f 2359 2456 2457
f 2359 2457 2360
f 2360 2457 2458
f 2360 2458 2459
f 2361 2459 2460
f 2361 2460 2362
f 2362 2461 2372
f 2362 2372 2363
f 2362 2460 2462
f 2362 2462 2461
f 2366 2370 2463
f 2366 2463 2367
f 2367 2463 2368
f 2368 2463 2464
f 2368 2464 2381
f 2369 2465 2370
f 2369 2371 2466
f 2369 2466 2465
f 2370 2467 2468
f 2370 2468 2463
f 2370 2465 2467
f 2371 2372 2466
f 2372 2461 2466
f 2373 2469 2470
f 2373 2470 2374
f 2373 2376 2471
f 2373 2471 2469
f 2374 2470 2375
f 2375 2470 2472
f 2375 2472 2377
f 2377 2472 2473
f 2377 2473 2474
f 2377 2474 2475
f 2377 2475 2378
f 2378 2475 2379
f 2379 2475 2405
f 2379 2405 2380
f 2381 2476 2384
f 2381 2464 2476
f 2382 2384 2477
f 2382 2477 2478
f 2382 2478 2479
f 2382 2479 2383
f 2384 2476 2477
f 2385 2480 2386
f 2385 2387 2481
f 2385 2481 2480
f 2386 2480 2482
f 2386 2482 2404
f 2387 2388 2481
f 2388 2483 2484
f 2388 2484 2485
f 2388 2485 2481
f 2389 2406 2486
f 2389 2486 2585
f 2389 2585 2487
f 2390 2487 2488
f 2390 2488 2483
f 2391 2404 2392
f 2392 2404 2489
f 2392 2489 2490
f 2392 2490 2393
f 2393 2490 2491
f 2393 2491 2394
f 2394 2492 2395
f 2394 2491 2492
f 2395 2492 2493
f 2395 2493 2494
f 2395 2494 2495
f 2395 2495 2496
f 2395 2496 2497
f 2395 2497 2498
f 2395 2498 2499
f 2395 2499 2399
f 2395 2399 2396
f 2396 2399 2397
f 2397 2399 2398
f 2399 2499 2500
f 2399 2500 2501
f 2399 2501 2502
f 2399 2502 2400
f 2400 2502 2503
f 2400 2503 2401
f 2401 2503 2402
f 2402 2503 2504
f 2402 2504 2505
f 2402 2505 2403
f 2403 2505 2409
f 2404 2482 2489
f 2405 2475 2474
f 2405 2474 2407
f 2406 2408 2506
f 2406 2506 2486
f 2407 2474 2507
f 2407 2507 2408
f 2408 2507 2508
f 2408 2508 2509
f 2408 2509 2506
f 2409 2505 2414
f 2409 2414 2410
f 2411 2510 2416
f 2411 2412 2511
f 2411 2511 2510
f 2412 2413 2512
f 2412 2512 2511
f 2413 2415 2513
f 2413 2513 2512
f 2414 2505 2415
f 2415 2505 2504
f 2415 2504 2513
f 2416 2514 2515
f 2416 2515 2418
f 2416 2418 2417
f 2416 2510 2514
f 2418 2515 2614
f 2418 2614 2516
f 2419 2517 2518
f 2419 2518 2420
f 2419 2516 2517
f 2420 2518 2421
f 2421 2519 2520
f 2421 2520 2422
f 2421 2518 2519
f 2422 2520 2619
f 2422 2619 2521
f 2422 2521 2423
f 2423 2521 2424
f 2424 2521 2522
f 2424 2522 2523
f 2424 2523 2524
f 2424 2524 2425
f 2425 2524 2525
f 2425 2525 2426
f 2426 2525 2427
f 2427 2525 2526
f 2427 2526 2428
f 2428 2526 2429
f 2429 2526 2527
f 2429 2527 2528
f 2429 2528 2529
f 2429 2529 2430
f 2430 2529 2432
f 2430 2432 2431
f 2432 2529 2531
f 2432 2531 2434
f 2433 2434 2530
f 2433 2530 2436
f 2434 2531 2532
f 2434 2532 2530
f 2435 2437 2533
f 2435 2533 2534
f 2435 2534 2535
f 2435 2535 2536
f 2435 2536 2438
f 2436 2530 2537
f 2436 2537 2437
f 2437 2537 2538
f 2437 2538 2533
f 2438 2536 2439
f 2439 2536 2539
f 2439 2539 2440
f 2440 2539 2540
f 2440 2540 2441
f 2441 2540 2541
f 2441 2541 2542
f 2441 2542 2442
f 2442 2542 2443
f 2443 2542 2543
f 2443 2543 2444
f 2444 2543 2544
f 2444 2544 2449
f 2444 2449 2445
f 2445 2449 2446
f 2447 2449 2544
f 2447 2544 2448
f 2448 2545 2451
f 2448 2544 2546
f 2448 2546 2547
f 2448 2547 2545
f 2450 2548 2549
f 2450 2549 2550
f 2450 2550 2453
f 2450 2451 2551
f 2450 2551 2552
f 2450 2552 2548
f 2451 2545 2551
f 2452 2453 2553
f 2452 2553 2554
f 2452 2554 2454
f 2453 2550 2553
f 2454 2554 2555
f 2454 2555 2455
f 2455 2555 2556
f 2455 2556 2557
f 2455 2557 2457
f 2455 2457 2456
f 2457 2557 2458
f 2458 2558 2559
f 2458 2559 2460
f 2458 2460 2459
f 2458 2557 2558
f 2460 2559 2462
f 2461 2462 2466
f 2462 2559 2560
f 2462 2560 2561
f 2462 2561 2562
f 2462 2562 2466
f 2463 2468 2563
f 2463 2563 2476
f 2463 2476 2464
f 2465 2564 2565
f 2465 2565 2467
f 2465 2466 2562
f 2465 2562 2564
f 2467 2565 2566
f 2467 2566 2567
f 2467 2567 2468
f 2468 2567 2568
f 2468 2568 2563
f 2469 2569 2470
f 2469 2471 2569
f 2470 2570 2472
f 2470 2569 2570
f 2471 2571 2569
f 2472 2572 2473
f 2472 2570 2572
f 2473 2572 2507
f 2473 2507 2474
f 2476 2573 2477
f 2476 2563 2573
f 2477 2574 2478
f 2477 2573 2669
f 2477 2669 2574
f 2478 2574 2575
f 2478 2575 2576
f 2478 2576 2479
f 2480 2577 2578
f 2480 2578 2482
f 2480 2481 2579
f 2480 2579 2577
f 2481 2485 2579
f 2482 2578 2489
f 2483 2488 2484
f 2484 2580 2581
f 2484 2581 2582
f 2484 2582 2485
f 2484 2488 2580
f 2485 2582 2583
f 2485 2583 2584
f 2485 2584 2579
f 2486 2506 2586
f 2486 2586 2585
f 2487 2585 2488
f 2488 2585 2587
f 2488 2587 2677
f 2488 2677 2580
f 2489 2578 2490
f 2490 2588 2491
f 2490 2578 2589
f 2490 2589 2588
f 2491 2588 2590
f 2491 2590 2492
f 2492 2590 2493
f 2493 2590 2591
f 2493 2591 2494
f 2494 2591 2592
f 2494 2592 2593
f 2494 2593 2594
f 2494 2594 2595
f 2494 2595 2496
f 2494 2496 2495
f 2496 2595 2596
f 2496 2596 2497
f 2497 2596 2597
f 2497 2597 2598
f 2497 2598 2599
f 2497 2599 2600
f 2497 2600 2498
f 2498 2600 2601
f 2498 2601 2500
f 2498 2500 2499
f 2500 2601 2501
f 2501 2602 2502
f 2501 2601 2603
f 2501 2603 2604
f 2501 2604 2602
f 2502 2602 2503
f 2503 2602 2504
f 2504 2602 2513
f 2506 2509 2605
f 2506 2605 2586
f 2507 2572 2508
f 2508 2572 2606
f 2508 2606 2509
f 2509 2606 2572
f 2509 2572 2607
f 2509 2607 2608
f 2509 2608 2605
f 2510 2609 2514
f 2510 2511 2610
f 2510 2610 2609
f 2511 2512 2611
f 2511 2611 2610
f 2512 2513 2604
f 2512 2604 2611
f 2513 2602 2604
f 2514 2612 2613
f 2514 2613 2614
f 2514 2614 2515
f 2514 2609 2612
f 2516 2614 2615
f 2516 2615 2517
f 2517 2615 2616
f 2517 2616 2617
f 2517 2617 2519
f 2517 2519 2518
f 2519 2618 2619
f 2519 2619 2520
f 2519 2617 2618
f 2521 2619 2522
f 2522 2619 2620
f 2522 2620 2621
f 2522 2621 2523
f 2523 2621 2622
f 2523 2622 2623
f 2523 2623 2524
f 2524 2623 2624
f 2524 2624 2525
f 2525 2624 2526
f 2526 2624 2625
f 2526 2625 2527
f 2527 2626 2627
f 2527 2627 2528
f 2527 2625 2626
f 2528 2628 2531
f 2528 2531 2529
f 2528 2627 2628
f 2530 2532 2629
f 2530 2629 2537
f 2531 2628 2532
f 2532 2628 2630
f 2532 2630 2629
f 2533 2631 2534
f 2533 2538 2632
f 2533 2632 2631
f 2534 2631 2633
f 2534 2633 2634
f 2534 2634 2535
f 2535 2634 2635
f 2535 2635 2536
f 2536 2636 2539
f 2536 2635 2636
f 2537 2629 2637
f 2537 2637 2538
f 2538 2637 2638
f 2538 2638 2632
f 2539 2636 2639
f 2539 2639 2540
f 2540 2639 2640
f 2540 2640 2641
f 2540 2641 2541
f 2541 2641 2642
f 2541 2642 2643
f 2541 2643 2644
f 2541 2644 2542
f 2542 2644 2543
f 2543 2644 2546
f 2543 2546 2544
f 2545 2547 2645
f 2545 2645 2551
f 2546 2644 2547
f 2547 2646 2647
f 2547 2647 2645
f 2547 2644 2643
f 2547 2643 2646
f 2548 2552 2648
f 2548 2648 2649
f 2548 2649 2650
f 2548 2650 2651
f 2548 2651 2549
f 2549 2651 2550
f 2550 2651 2652
f 2550 2652 2553
f 2551 2645 2552
f 2552 2645 2647
f 2552 2647 2653
f 2552 2653 2654
f 2552 2654 2655
f 2552 2655 2648
f 2553 2652 2656
f 2553 2656 2554
f 2554 2656 2657
f 2554 2657 2555
f 2555 2657 2556
f 2556 2658 2557
f 2556 2657 2659
f 2556 2659 2755
f 2556 2755 2658
f 2557 2658 2558
f 2558 2660 2559
f 2558 2658 2661
f 2558 2661 2660
f 2559 2660 2662
f 2559 2662 2560
f 2560 2662 2561
f 2561 2663 2664
f 2561 2664 2665
f 2561 2665 2562
f 2561 2662 2663
f 2562 2665 2564
f 2563 2568 2573
f 2564 2665 2666
f 2564 2666 2565
f 2565 2666 2667
f 2565 2667 2566
f 2566 2667 2763
f 2566 2763 2668
f 2566 2668 2568
f 2566 2568 2567
f 2568 2668 2669
f 2568 2669 2573
f 2569 2670 2570
f 2569 2571 2671
f 2569 2671 2670
f 2570 2670 2672
f 2570 2672 2607
f 2570 2607 2572
f 2574 2669 2765
f 2574 2765 2673
f 2574 2673 2575
f 2575 2673 2674
f 2575 2674 2675
f 2575 2675 2576
f 2577 2676 2578
f 2577 2579 2584
f 2577 2584 2676
f 2578 2676 2589
f 2580 2677 2678
f 2580 2678 2581
f 2581 2678 2679
f 2581 2679 2680
f 2581 2680 2681
f 2581 2681 2582
f 2582 2682 2683
f 2582 2683 2684
f 2582 2684 2583
f 2582 2681 2682
f 2583 2684 2584
f 2584 2685 2686
f 2584 2686 2687
f 2584 2687 2676
f 2584 2684 2683
f 2584 2683 2685
f 2585 2586 2688
f 2585 2688 2587
f 2586 2605 2689
f 2586 2689 2788
f 2586 2788 2688
f 2587 2688 2690
f 2587 2690 2691
f 2587 2691 2677
f 2588 2692 2590
f 2588 2589 2693
f 2588 2693 2692
f 2589 2676 2693
f 2590 2692 2694
f 2590 2694 2591
f 2591 2694 2695
f 2591 2695 2592
f 2592 2695 2593
f 2593 2696 2594
f 2593 2695 2697
f 2593 2697 2696
f 2594 2696 2698
f 2594 2698 2595
f 2595 2699 2597
f 2595 2597 2596
f 2595 2698 2700
f 2595 2700 2701
f 2595 2701 2699
f 2597 2702 2703
f 2597 2703 2704
f 2597 2704 2598
f 2597 2699 2705
f 2597 2705 2702
f 2598 2704 2599
f 2599 2704 2703
f 2599 2703 2706
f 2599 2706 2707
f 2599 2707 2600
f 2600 2707 2708
f 2600 2708 2603
f 2600 2603 2601
f 2603 2708 2709
f 2603 2709 2604
f 2604 2709 2611
f 2605 2608 2710
f 2605 2710 2689
f 2607 2672 2711
f 2607 2711 2608
f 2608 2711 2710
f 2609 2712 2612
f 2609 2610 2713
f 2609 2713 2712
f 2610 2611 2714
f 2610 2714 2713
f 2611 2709 2714
f 2612 2712 2715
f 2612 2715 2716
f 2612 2716 2717
f 2612 2717 2613
f 2613 2717 2718
f 2613 2718 2614
f 2614 2718 2615
f 2615 2719 2616
f 2615 2718 2719
f 2616 2720 2721
f 2616 2721 2617
f 2616 2719 2720
f 2617 2721 2618
f 2618 2722 2620
f 2618 2620 2619
f 2618 2721 2722
f 2620 2722 2621
f 2621 2722 2723
f 2621 2723 2724
f 2621 2724 2622
f 2622 2725 2623
f 2622 2724 2725
f 2623 2725 2726
f 2623 2726 2624
f 2624 2726 2625
f 2625 2726 2626
f 2626 2727 2627
f 2626 2726 2728
f 2626 2728 2727
f 2627 2727 2729
f 2627 2729 2630
f 2627 2630 2628
f 2629 2630 2730
f 2629 2730 2637
f 2630 2729 2730
f 2631 2632 2731
f 2631 2731 2732
f 2631 2732 2633
f 2632 2638 2733
f 2632 2733 2731
f 2633 2732 2734
f 2633 2734 2735
f 2633 2735 2634
f 2634 2735 2736
f 2634 2736 2635
f 2635 2736 2636
f 2636 2736 2737
f 2636 2737 2639
f 2637 2730 2638
f 2638 2730 2738
f 2638 2738 2739
f 2638 2739 2740
f 2638 2740 2741
f 2638 2741 2733
f 2639 2737 2742
f 2639 2742 2640
f 2640 2743 2641
f 2640 2742 2743
f 2641 2743 2642
f 2642 2743 2744
f 2642 2744 2745
f 2642 2745 2643
f 2643 2745 2646
f 2646 2745 2647
f 2647 2745 2744
f 2647 2744 2746
f 2647 2746 2653
f 2648 2655 2649
f 2649 2747 2748
f 2649 2748 2650
f 2649 2655 2747
f 2650 2748 2749
f 2650 2749 2651
f 2651 2749 2652
f 2652 2749 2656
f 2653 2746 2750
f 2653 2750 2751
f 2653 2751 2655
f 2653 2655 2654
f 2655 2751 2752
f 2655 2752 2747
f 2656 2749 2753
f 2656 2753 2754
f 2656 2754 2657
f 2657 2754 2659
f 2658 2660 2661
f 2658 2755 2864
f 2658 2864 2756
f 2658 2756 2662
f 2658 2662 2660
f 2659 2754 2757
f 2659 2757 2758
f 2659 2758 2865
f 2659 2865 2755
f 2662 2756 2663
f 2663 2756 2664
f 2664 2759 2760
f 2664 2760 2761
f 2664 2761 2666
f 2664 2666 2665
f 2664 2756 2759
f 2666 2761 2762
f 2666 2762 2667
f 2667 2762 2763
f 2668 2763 2764
f 2668 2764 2765
f 2668 2765 2669
f 2670 2766 2672
f 2670 2671 2767
f 2670 2767 2766
f 2672 2766 2768
f 2672 2768 2711
f 2673 2765 2764
f 2673 2764 2769
f 2673 2769 2770
f 2673 2770 2674
f 2674 2770 2771
f 2674 2771 2772
f 2674 2772 2675
f 2676 2687 2693
f 2677 2691 2773
f 2677 2773 2678
f 2678 2773 2774
f 2678 2774 2775
f 2678 2775 2776
f 2678 2776 2679
f 2679 2776 2777
f 2679 2777 2778
f 2679 2778 2779
f 2679 2779 2681
f 2679 2681 2680
f 2681 2780 2781
f 2681 2781 2682
f 2681 2779 2778
f 2681 2778 2782
f 2681 2782 2780
f 2682 2781 2683
f 2683 2781 2780
f 2683 2780 2782
f 2683 2782 2783
f 2683 2783 2784
f 2683 2784 2785
f 2683 2785 2685
f 2685 2785 2686
f 2686 2785 2786
f 2686 2786 2787
f 2686 2787 2693
f 2686 2693 2687
f 2688 2788 2790
f 2688 2790 2690
f 2689 2710 2789
f 2689 2789 2788
f 2690 2790 2691
f 2691 2790 2791
f 2691 2791 2792
f 2691 2792 2793
f 2691 2793 2774
f 2691 2774 2773
f 2692 2693 2694
f 2693 2787 2695
f 2693 2695 2694
f 2695 2787 2794
f 2695 2794 2795
f 2695 2795 2697
f 2696 2796 2700
f 2696 2700 2698
f 2696 2697 2797
f 2696 2797 2798
f 2696 2798 2796
f 2697 2795 2799
f 2697 2799 2797
f 2699 2701 2705
f 2700 2796 2701
f 2701 2796 2800
f 2701 2800 2801
f 2701 2801 2802
f 2701 2802 2803
f 2701 2803 2705
f 2702 2705 2803
f 2702 2803 2804
f 2702 2804 2805
f 2702 2805 2703
f 2703 2805 2806
f 2703 2806 2706
f 2706 2806 2707
f 2707 2807 2808
f 2707 2808 2708
f 2707 2806 2807
f 2708 2808 2809
f 2708 2809 2709
f 2709 2809 2714
f 2710 2711 2810
f 2710 2810 2789
f 2711 2768 2810
f 2712 2811 2715
f 2712 2713 2812
f 2712 2812 2811
f 2713 2813 2812
f 2713 2714 2813
f 2714 2809 2813
f 2715 2814 2815
f 2715 2815 2716
f 2715 2811 2814
f 2716 2815 2816
f 2716 2816 2817
f 2716 2817 2717
f 2717 2817 2818
f 2717 2818 2718
f 2718 2818 2719
f 2719 2818 2819
f 2719 2819 2720
f 2720 2819 2820
f 2720 2820 2821
f 2720 2821 2721
f 2721 2821 2722
f 2722 2821 2723
f 2723 2822 2724
f 2723 2821 2820
f 2723 2820 2823
f 2723 2823 2822
f 2724 2822 2824
f 2724 2824 2725
f 2725 2824 2825
f 2725 2825 2726
f 2726 2826 2828
f 2726 2828 2728
f 2726 2825 2826
f 2727 2728 2827
f 2727 2827 2729
f 2728 2828 2829
f 2728 2829 2827
f 2729 2827 2830
f 2729 2830 2831
f 2729 2831 2730
f 2730 2831 2832
f 2730 2832 2738
f 2731 2733 2741
f 2731 2741 2732
f 2732 2833 2834
f 2732 2834 2835
f 2732 2835 2836
f 2732 2836 2734
f 2732 2741 2833
f 2734 2837 2838
f 2734 2838 2735
f 2734 2836 2839
f 2734 2839 2837
f 2735 2838 2840
f 2735 2840 2841
f 2735 2841 2736
f 2736 2841 2842
f 2736 2842 2843
f 2736 2843 2737
f 2737 2844 2845
f 2737 2845 2742
f 2737 2843 2844
f 2738 2832 2739
f 2739 2832 2740
f 2740 2832 2741
f 2741 2846 2847
f 2741 2847 2833
f 2741 2832 2848
f 2741 2848 2846
f 2742 2845 2849
f 2742 2849 2850
f 2742 2850 2851
f 2742 2851 2743
f 2743 2851 2744
f 2744 2852 2853
f 2744 2853 2854
f 2744 2854 2855
f 2744 2855 2746
f 2744 2851 2852
f 2746 2855 2750
f 2747 2856 2857
f 2747 2857 2858
f 2747 2858 2859
f 2747 2859 2748
f 2747 2752 2856
f 2748 2859 2753
f 2748 2753 2749
f 2750 2860 2861
f 2750 2861 2751
f 2750 2855 2862
f 2750 2862 2860
f 2751 2863 2752
f 2751 2861 2863
f 2752 2863 2856
f 2753 2757 2754
f 2753 2859 2757
f 2755 2865 2965
f 2755 2965 2864
f 2756 2864 2869
f 2756 2869 2759
f 2757 2859 2858
f 2757 2858 2866
f 2757 2866 2867
f 2757 2867 2758
f 2758 2867 2868
f 2758 2868 2865
f 2759 2869 2870
f 2759 2870 2760
f 2760 2870 2871
f 2760 2871 2872
f 2760 2872 2761
f 2761 2872 2762
f 2762 2872 2873
f 2762 2873 2763
f 2763 2873 2874
f 2763 2874 2764
f 2764 2874 2875
f 2764 2875 2769
f 2766 2876 2877
f 2766 2877 2768
f 2766 2767 2876
f 2767 2878 2876
f 2768 2877 2810
f 2769 2875 2879
f 2769 2879 2770
f 2770 2879 2880
f 2770 2880 2881
f 2770 2881 2882
f 2770 2882 2771
f 2774 2793 2883
f 2774 2883 2776
f 2774 2776 2775
f 2776 2883 2884
f 2776 2884 2885
f 2776 2885 2777
f 2777 2885 2884
f 2777 2884 2886
f 2777 2886 2887
f 2777 2887 2888
f 2777 2888 2778
f 2778 2888 2889
f 2778 2889 2890
f 2778 2890 2782
f 2782 2891 2892
f 2782 2892 2783
f 2782 2890 2891
f 2783 2891 2893
f 2783 2893 2894
f 2783 2894 2895
f 2783 2895 2896
f 2783 2896 2897
f 2783 2897 2898
f 2783 2898 2784
f 2783 2892 2891
f 2784 2898 2786
f 2784 2786 2785
f 2786 2897 2896
f 2786 2896 2799
f 2786 2799 2795
f 2786 2795 2794
f 2786 2794 2787
f 2786 2898 2897
f 2788 2789 2899
f 2788 2899 2790
f 2789 2810 2900
f 2789 2900 2899
f 2790 2899 2901
f 2790 2901 2902
f 2790 2902 2791
f 2791 2902 2903
f 2791 2903 2792
f 2792 2903 2793
f 2793 2903 2904
f 2793 2904 2883
f 2796 2798 2905
f 2796 2905 2800
f 2797 2799 2798
f 2798 2799 2905
f 2799 2906 2905
f 2799 2896 2906
f 2800 2905 2801
f 2801 2905 2907
f 2801 2907 2802
f 2802 2907 2908
f 2802 2908 2909
f 2802 2909 2803
f 2803 2909 2910
f 2803 2910 2804
f 2804 2910 2805
f 2805 2910 2911
f 2805 2911 2912
f 2805 2912 2806
f 2806 2912 2913
f 2806 2913 2807
f 2807 2913 2808
f 2808 2913 2914
f 2808 2914 2915
f 2808 2915 2813
f 2808 2813 2809
f 2810 2877 2916
f 2810 2916 2900
f 2811 2812 2915
f 2811 2915 2917
f 2811 2917 2814
f 2812 2813 2915
f 2814 2917 2918
f 2814 2918 2919
f 2814 2919 2920
f 2814 2920 2921
f 2814 2921 2922
f 2814 2922 2815
f 2815 2922 2816
f 2816 2922 2923
f 2816 2923 2924
f 2816 2924 2817
f 2817 2924 2925
f 2817 2925 2818
f 2818 2925 2819
f 2819 2926 2820
f 2819 2925 2926
f 2820 2926 2823
f 2822 2823 2927
f 2822 2927 2824
f 2823 2928 2927
f 2823 2926 2929
f 2823 2929 2928
f 2824 2930 2825
f 2824 2927 2931
f 2824 2931 2930
f 2825 2930 2932
f 2825 2932 2826
f 2826 2933 2828
f 2826 2932 2933
f 2827 2829 2830
f 2828 2933 2934
f 2828 2934 2935
f 2828 2935 2829
f 2829 2935 2936
f 2829 2936 2830
f 2830 2936 2937
f 2830 2937 2938
f 2830 2938 2939
f 2830 2939 2940
f 2830 2940 2941
f 2830 2941 2832
f 2830 2832 2831
f 2832 2941 2848
f 2833 2942 2834
f 2833 2847 2943
f 2833 2943 2942
f 2834 2942 2835
f 2835 2839 2836
f 2835 2942 2944
f 2835 2944 2945
f 2835 2945 2837
f 2835 2837 2839
f 2837 2945 2946
f 2837 2946 2840
f 2837 2840 2838
f 2840 2947 2841
f 2840 2946 2947
f 2841 2947 2842
f 2842 2947 2948
f 2842 2948 2843
f 2843 2948 2844
f 2844 2948 2949
f 2844 2949 2845
f 2845 2949 2849
f 2846 2943 2847
f 2846 2848 2950
f 2846 2950 2951
f 2846 2951 2952
f 2846 2952 2943
f 2848 2941 2953
f 2848 2953 2954
f 2848 2954 2950
f 2849 2949 2955
f 2849 2955 2850
f 2850 2956 2851
f 2850 2955 2957
f 2850 2957 2853
f 2850 2853 2956
f 2851 2956 2852
f 2852 2956 2853
f 2853 2957 2958
f 2853 2958 2959
f 2853 2959 2854
f 2854 2959 2855
f 2855 2959 2862
f 2856 2960 2961
f 2856 2961 2857
f 2856 2863 2960
f 2857 2961 2858
f 2858 2961 2866
f 2860 2862 2962
f 2860 2962 2963
f 2860 2963 2861
f 2861 2963 2863
f 2862 2959 2964
f 2862 2964 2962
f 2863 2963 2960
f 2864 2965 2869
f 2865 2966 2965
f 2865 2868 2966
f 2866 2967 2868
f 2866 2868 2867
f 2866 2961 2967
f 2868 2967 2968
f 2868 2968 2969
f 2868 2969 2970
f 2868 2970 2971
f 2868 2971 2972
f 2868 2972 2966
f 2869 2965 2973
f 2869 2973 2974
f 2869 2974 2975
f 2869 2975 2976
f 2869 2976 2870
f 2870 2976 2977
f 2870 2977 2871
f 2871 2977 2978
f 2871 2978 2979
f 2871 2979 2872
f 2872 2979 2873
f 2873 2979 2980
f 2873 2980 2874
f 2874 2980 2875
f 2875 2980 2981
f 2875 2981 2879
f 2876 2982 2877
f 2876 2878 2982
f 2877 2982 2983
f 2877 2983 2916
f 2878 2984 2982
f 2879 2981 2880
f 2880 2981 2986
f 2880 2986 2985
f 2883 2904 2987
f 2883 2987 2884
f 2884 2987 2988
f 2884 2988 2989
f 2884 2989 2990
f 2884 2990 2886
f 2886 2990 2887
f 2887 2990 2991
f 2887 2991 2992
f 2887 2992 2888
f 2888 2992 2993
f 2888 2993 2890
f 2888 2890 2889
f 2890 2993 2994
f 2890 2994 2894
f 2890 2894 2891
f 2891 2894 2893
f 2894 2995 2895
f 2894 2994 2996
f 2894 2996 2995
f 2895 2997 2896
f 2895 2995 2998
f 2895 2998 2999
f 2895 2999 3000
f 2895 3000 3001
f 2895 3001 2906
f 2895 2906 2997
f 2896 2997 2906
f 2899 2900 3002
f 2899 3002 2901
f 2900 2916 3003
f 2900 3003 3002
f 2901 3002 3004
f 2901 3004 3005
f 2901 3005 2902
f 2902 3005 2903
f 2903 3005 3006
f 2903 3006 3007
f 2903 3007 3008
f 2903 3008 2904
f 2904 3008 3009
f 2904 3009 3010
f 2904 3010 2987
f 2905 2906 3000
f 2905 3000 3011
f 2905 3011 2907
f 2906 3001 3000
f 2907 3012 3013
f 2907 3013 3014
f 2907 3014 2908
f 2907 3011 3015
f 2907 3015 3016
f 2907 3016 3012
f 2908 3014 2909
f 2909 3014 3017
f 2909 3017 3018
f 2909 3018 2910
f 2910 3018 2911
f 2911 3018 3019
f 2911 3019 2912
f 2912 3019 3020
f 2912 3020 3021
f 2912 3021 3022
f 2912 3022 2913
f 2913 3022 3023
f 2913 3023 2914
f 2914 3023 2915
f 2915 3024 2917
f 2915 3023 3024
f 2916 2983 3003
f 2917 3025 2918
f 2917 3024 3026
f 2917 3026 3025
f 2918 3025 3027
f 2918 3027 2919
f 2919 3028 3029
f 2919 3029 2920
f 2919 3027 3028
f 2920 3029 2921
f 2921 3029 3030
f 2921 3030 3031
f 2921 3031 2922
f 2922 3031 2923
f 2923 3031 3032
f 2923 3032 2924
f 2924 3032 3033
f 2924 3033 3034
f 2924 3034 2926
f 2924 2926 2925
f 2926 3034 3035
f 2926 3035 2929
f 2927 2928 2931
f 2928 3036 3037
f 2928 3037 3038
f 2928 3038 3039
f 2928 3039 3040
f 2928 3040 3041
f 2928 3041 2931
f 2928 2929 3035
f 2928 3035 3036
f 2930 2931 3042
f 2930 3042 3043
f 2930 3043 2932
f 2931 3041 3042
f 2932 3043 3044
f 2932 3044 3045
f 2932 3045 2933
f 2933 3046 3047
f 2933 3047 2934
f 2933 3045 3046
f 2934 3047 3048
f 2934 3048 3049
f 2934 3049 2935
f 2935 3049 2937
f 2935 2937 2936
f 2937 3049 3050
f 2937 3050 2939
f 2937 2939 2938
f 2939 3051 3052
f 2939 3052 2940
f 2939 3050 3051
f 2940 3052 3053
f 2940 3053 2941
f 2941 3053 2953
f 2942 3054 3055
f 2942 3055 2944
f 2942 2943 3056
f 2942 3056 3057
f 2942 3057 3054
f 2943 3058 3059
f 2943 3059 3056
f 2943 2952 3058
f 2944 3055 3060
f 2944 3060 2945
f 2945 3061 3062
f 2945 3062 2946
f 2945 3060 3061
f 2946 3062 3063
f 2946 3063 3064
f 2946 3064 3065
f 2946 3065 2947
f 2947 3064 3066
f 2947 3066 3067
f 2947 3067 3068
f 2947 3068 2948
f 2947 3065 3064
f 2948 3068 3067
f 2948 3067 3069
f 2948 3069 3070
f 2948 3070 2949
f 2949 3071 3072
f 2949 3072 3073
f 2949 3073 2955
f 2949 3070 3071
f 2950 2954 2951
f 2951 3074 3075
f 2951 3075 2952
f 2951 2954 3074
f 2952 3075 3076
f 2952 3076 3058
f 2953 3053 3077
f 2953 3077 2954
f 2954 3078 3074
f 2954 3077 3078
f 2955 3073 3079
f 2955 3079 3080
f 2955 3080 2957
f 2957 3080 3081
f 2957 3081 2958
f 2958 3081 3082
f 2958 3082 3083
f 2958 3083 2959
f 2959 3083 2964
f 2960 2963 3084
f 2960 3084 2961
f 2961 3085 3086
f 2961 3086 2968
f 2961 2968 2967
f 2961 3084 3087
f 2961 3087 3085
f 2962 2964 3083
f 2962 3083 3088
f 2962 3088 2963
f 2963 3089 3087
f 2963 3087 3084
f 2963 3088 3089
f 2965 2966 3090
f 2965 3090 3091
f 2965 3091 2973
f 2966 2972 3092
f 2966 3092 3090
f 2968 3086 2969
f 2969 3093 3094
f 2969 3094 2970
f 2969 3086 3085
f 2969 3085 3095
f 2969 3095 3096
f 2969 3096 3097
f 2969 3097 3098
f 2969 3098 3099
f 2969 3099 3093
f 2970 3094 3100
f 2970 3100 2971
f 2971 3100 3101
f 2971 3101 3092
f 2971 3092 2972
f 2973 3091 2975
f 2973 2975 2974
f 2975 3091 3102
f 2975 3102 3103
f 2975 3103 3104
f 2975 3104 3105
f 2975 3105 3106
f 2975 3106 2976
f 2976 3106 2977
f 2977 3106 3107
f 2977 3107 3108
f 2977 3108 2978
f 2978 3108 3109
f 2978 3109 3110
f 2978 3110 2979
f 2979 3110 2980
f 2980 3110 3111
f 2980 3111 2981
f 2981 3112 3113
f 2981 3113 2986
f 2981 3111 3112
f 2982 3114 3115
f 2982 3115 2983
f 2982 2984 3116
f 2982 3116 3117
f 2982 3117 3114
f 2983 3115 3003
f 2985 2986 3118
f 2986 3113 3118
f 2987 3010 2988
f 2988 3010 2989
f 2989 3010 2990
f 2990 3119 2991
f 2990 3010 3120
f 2990 3120 3121
f 2990 3121 3122
f 2990 3122 3123
f 2990 3123 3119
f 2991 3119 2992
f 2992 3119 3124
f 2992 3124 3125
f 2992 3125 3126
f 2992 3126 3127
f 2992 3127 3128
f 2992 3128 2996
f 2992 2996 2994
f 2992 2994 2993
f 2995 2996 2998
f 2996 3128 2998
f 2998 3129 3130
f 2998 3130 2999
f 2998 3128 3131
f 2998 3131 3129
f 2999 3011 3000
f 2999 3130 3129
f 2999 3129 3132
f 2999 3132 3133
f 2999 3133 3016
f 2999 3016 3011
f 3002 3003 3134
f 3002 3134 3004
f 3003 3115 3135
f 3003 3135 3134
f 3004 3134 3136
f 3004 3136 3006
f 3004 3006 3005
f 3006 3137 3007
f 3006 3136 3138
f 3006 3138 3139
f 3006 3139 3140
f 3006 3140 3137
f 3007 3137 3008
f 3008 3137 3141
f 3008 3141 3009
f 3009 3141 3142
f 3009 3142 3010
f 3010 3142 3143
f 3010 3143 3144
f 3010 3144 3145
f 3010 3145 3120
f 3011 3016 3015
f 3012 3016 3013
f 3013 3016 3146
f 3013 3146 3147
f 3013 3147 3148
f 3013 3148 3149
f 3013 3149 3014
f 3014 3149 3150
f 3014 3150 3017
f 3016 3133 3146
f 3017 3150 3018
f 3018 3151 3020
f 3018 3020 3019
f 3018 3150 3151
f 3020 3151 3152
f 3020 3152 3153
f 3020 3153 3154
f 3020 3154 3022
f 3020 3022 3021
f 3022 3154 3155
f 3022 3155 3023
f 3023 3155 3026
f 3023 3026 3024
f 3025 3026 3027
f 3026 3155 3156
f 3026 3156 3027
f 3027 3157 3028
f 3027 3156 3157
f 3028 3157 3158
f 3028 3158 3159
f 3028 3159 3160
f 3028 3160 3029
f 3029 3160 3030
f 3030 3160 3161
f 3030 3161 3162
f 3030 3162 3163
f 3030 3163 3031
f 3031 3163 3162
f 3031 3162 3164
f 3031 3164 3165
f 3031 3165 3166
f 3031 3166 3035
f 3031 3035 3032
f 3032 3035 3033
f 3033 3035 3034
f 3035 3166 3036
f 3036 3167 3037
f 3036 3166 3168
f 3036 3168 3167
f 3037 3167 3038
f 3038 3167 3169
f 3038 3169 3170
f 3038 3170 3171
f 3038 3171 3039
f 3039 3171 3172
f 3039 3172 3040
f 3040 3172 3173
f 3040 3173 3042
f 3040 3042 3041
f 3042 3173 3043
f 3043 3173 3044
f 3044 3173 3174
f 3044 3174 3175
f 3044 3175 3176
f 3044 3176 3045
f 3045 3176 3177
f 3045 3177 3046
f 3046 3177 3047
f 3047 3177 3178
f 3047 3178 3048
f 3048 3179 3180
f 3048 3180 3049
f 3048 3178 3179
f 3049 3180 3050
f 3050 3180 3181
f 3050 3181 3051
f 3051 3181 3182
f 3051 3182 3183
f 3051 3183 3052
f 3052 3183 3184
f 3052 3184 3053
f 3053 3184 3077
f 3054 3057 3185
f 3054 3185 3055
f 3055 3186 3187
f 3055 3187 3061
f 3055 3061 3060
f 3055 3185 3188
f 3055 3188 3189
f 3055 3189 3186
f 3056 3185 3057
f 3056 3059 3185
f 3058 3076 3190
f 3058 3190 3059
f 3059 3190 3185
f 3061 3187 3191
f 3061 3191 3063
f 3061 3063 3062
f 3063 3191 3064
f 3064 3192 3193
f 3064 3193 3067
f 3064 3067 3066
f 3064 3191 3194
f 3064 3194 3192
f 3067 3195 3196
f 3067 3196 3071
f 3067 3071 3069
f 3067 3193 3195
f 3069 3071 3070
f 3071 3197 3073
f 3071 3073 3072
f 3071 3196 3197
f 3073 3198 3199
f 3073 3199 3200
f 3073 3200 3201
f 3073 3201 3079
f 3073 3197 3198
f 3074 3078 3202
f 3074 3202 3075
f 3075 3202 3076
f 3076 3202 3203
f 3076 3203 3204
f 3076 3204 3190
f 3077 3205 3206
f 3077 3206 3078
f 3077 3184 3205
f 3078 3206 3202
f 3079 3201 3080
f 3080 3201 3207
f 3080 3207 3082
f 3080 3082 3081
f 3082 3207 3208
f 3082 3208 3209
f 3082 3209 3088
f 3082 3088 3083
f 3085 3087 3210
f 3085 3210 3095
f 3087 3089 3211
f 3087 3211 3210
f 3088 3209 3212
f 3088 3212 3211
f 3088 3211 3089
f 3090 3092 3091
f 3091 3092 3101
f 3091 3101 3100
f 3091 3100 3213
f 3091 3213 3214
f 3091 3214 3215
f 3091 3215 3102
f 3093 3099 3216
f 3093 3216 3217
f 3093 3217 3218
f 3093 3218 3094
f 3094 3218 3100
f 3095 3210 3096
f 3096 3210 3097
f 3097 3210 3219
f 3097 3219 3220
f 3097 3220 3221
f 3097 3221 3222
f 3097 3222 3223
f 3097 3223 3098
f 3098 3223 3224
f 3098 3224 3225
f 3098 3225 3099
f 3099 3225 3216
f 3100 3218 3213
f 3102 3215 3226
f 3102 3226 3103
f 3103 3226 3227
f 3103 3227 3228
f 3103 3228 3104
f 3104 3228 3229
f 3104 3229 3105
f 3105 3229 3106
f 3106 3229 3107
f 3107 3229 3230
f 3107 3230 3231
f 3107 3231 3108
f 3108 3231 3109
f 3109 3231 3232
f 3109 3232 3233
f 3109 3233 3110
f 3110 3233 3112
f 3110 3112 3111
f 3112 3233 3234
f 3112 3234 3235
f 3112 3235 3113
f 3113 3235 3236
f 3113 3236 3118
f 3114 3117 3237
f 3114 3237 3139
f 3114 3139 3135
f 3114 3135 3115
f 3117 3238 3237
f 3119 3123 3124
f 3120 3145 3121
f 3121 3145 3122
f 3122 3145 3239
f 3122 3239 3123
f 3123 3239 3240
f 3123 3240 3241
f 3123 3241 3242
f 3123 3242 3243
f 3123 3243 3244
f 3123 3244 3125
f 3123 3125 3124
f 3125 3244 3126
f 3126 3131 3127
f 3126 3244 3245
f 3126 3245 3246
f 3126 3246 3247
f 3126 3247 3131
f 3127 3131 3128
f 3129 3131 3133
f 3129 3133 3132
f 3131 3247 3246
f 3131 3246 3133
f 3133 3246 3146
f 3134 3135 3138
f 3134 3138 3136
f 3135 3139 3138
f 3137 3140 3248
f 3137 3248 3249
f 3137 3249 3141
f 3139 3250 3140
f 3139 3237 3251
f 3139 3251 3250
f 3140 3250 3248
f 3141 3249 3252
f 3141 3252 3142
f 3142 3252 3143
f 3143 3252 3253
f 3143 3253 3144
f 3144 3253 3254
f 3144 3254 3145
f 3145 3254 3255
f 3145 3255 3256
f 3145 3256 3257
f 3145 3257 3258
f 3145 3258 3239
f 3146 3259 3260
f 3146 3260 3147
f 3146 3246 3259
f 3147 3260 3263
f 3147 3263 3148
f 3148 3261 3262
f 3148 3262 3149
f 3148 3263 3264
f 3148 3264 3261
f 3149 3262 3265
f 3149 3265 3150
f 3150 3265 3266
f 3150 3266 3152
f 3150 3152 3151
f 3152 3267 3268
f 3152 3268 3153
f 3152 3266 3267
f 3153 3268 3154
f 3154 3268 3269
f 3154 3269 3270
f 3154 3270 3271
f 3154 3271 3155
f 3155 3271 3272
f 3155 3272 3156
f 3156 3273 3157
f 3156 3272 3274
f 3156 3274 3273
f 3157 3273 3275
f 3157 3275 3158
f 3158 3276 3159
f 3158 3275 3276
f 3159 3276 3160
f 3160 3276 3277
f 3160 3277 3278
f 3160 3278 3161
f 3161 3278 3279
f 3161 3279 3280
f 3161 3280 3162
f 3162 3281 3282
f 3162 3282 3164
f 3162 3280 3281
f 3164 3282 3283
f 3164 3283 3165
f 3165 3283 3284
f 3165 3284 3285
f 3165 3285 3166
f 3166 3285 3168
f 3167 3286 3169
f 3167 3168 3286
f 3168 3285 3284
f 3168 3284 3286
f 3169 3286 3287
f 3169 3287 3170
f 3170 3288 3171
f 3170 3287 3288
f 3171 3288 3289
f 3171 3289 3172
f 3172 3290 3173
f 3172 3289 3290
f 3173 3290 3174
f 3174 3290 3291
f 3174 3291 3175
f 3175 3292 3294
f 3175 3294 3176
f 3175 3291 3293
f 3175 3293 3292
f 3176 3294 3295
f 3176 3295 3177
f 3177 3295 3296
f 3177 3296 3178
f 3178 3296 3297
f 3178 3297 3179
f 3179 3297 3298
f 3179 3298 3299
f 3179 3299 3180
f 3180 3299 3181
f 3181 3300 3182
f 3181 3299 3300
f 3182 3300 3301
f 3182 3301 3302
f 3182 3302 3205
f 3182 3205 3183
f 3183 3205 3184
f 3185 3190 3303
f 3185 3303 3188
f 3186 3189 3304
f 3186 3304 3305
f 3186 3305 3187
f 3187 3305 3306
f 3187 3306 3191
f 3188 3303 3307
f 3188 3307 3304
f 3188 3304 3189
f 3190 3204 3308
f 3190 3308 3309
f 3190 3309 3303
f 3191 3310 3194
f 3191 3306 3310
f 3192 3194 3310
f 3192 3310 3311
f 3192 3311 3312
f 3192 3312 3195
f 3192 3195 3193
f 3195 3312 3313
f 3195 3313 3196
f 3196 3313 3197
f 3197 3314 3199
f 3197 3199 3198
f 3197 3313 3314
f 3199 3314 3315
f 3199 3315 3316
f 3199 3316 3200
f 3200 3316 3201
f 3201 3316 3317
f 3201 3317 3207
f 3202 3206 3318
f 3202 3318 3319
f 3202 3319 3320
f 3202 3320 3203
f 3203 3320 3321
f 3203 3321 3204
f 3204 3321 3308
f 3205 3318 3206
f 3205 3302 3318
f 3207 3317 3208
f 3208 3212 3209
f 3208 3317 3212
f 3210 3211 3212
f 3210 3212 3322
f 3210 3322 3219
f 3212 3317 3322
f 3213 3323 3214
f 3213 3218 3217
f 3213 3217 3216
f 3213 3216 3225
f 3213 3225 3324
f 3213 3324 3325
f 3213 3325 3326
f 3213 3326 3327
f 3213 3327 3323
f 3214 3323 3226
f 3214 3226 3215
f 3219 3322 3220
f 3220 3322 3221
f 3221 3322 3328
f 3221 3328 3329
f 3221 3329 3330
f 3221 3330 3331
f 3221 3331 3332
f 3221 3332 3333
f 3221 3333 3222
f 3222 3334 3224
f 3222 3224 3223
f 3222 3333 3335
f 3222 3335 3334
f 3224 3334 3324
f 3224 3324 3225
f 3226 3323 3327
f 3226 3327 3336
f 3226 3336 3337
f 3226 3337 3338
f 3226 3338 3227
f 3227 3338 3339
f 3227 3339 3340
f 3227 3340 3228
f 3228 3340 3341
f 3228 3341 3229
f 3229 3341 3342
f 3229 3342 3230
f 3230 3342 3343
f 3230 3343 3344
f 3230 3344 3231
f 3231 3344 3232
f 3232 3344 3345
f 3232 3345 3346
f 3232 3346 3234
f 3232 3234 3233
f 3234 3346 3235
f 3235 3346 3347
f 3235 3347 3348
f 3235 3348 3349
f 3235 3349 3350
f 3235 3350 3351
f 3235 3351 3352
f 3235 3352 3236
f 3237 3238 3251
f 3238 3353 3251
f 3239 3258 3240
f 3240 3258 3241
f 3241 3258 3354
f 3241 3354 3355
f 3241 3355 3356
f 3241 3356 3242
f 3242 3356 3357
f 3242 3357 3245
f 3242 3245 3243
f 3243 3245 3244
f 3245 3357 3358
f 3245 3358 3260
f 3245 3260 3259
f 3245 3259 3246
f 3248 3250 3359
f 3248 3359 3249
f 3249 3359 3360
f 3249 3360 3361
f 3249 3361 3252
f 3250 3251 3361
f 3250 3361 3359
f 3251 3353 3362
f 3251 3362 3363
f 3251 3363 3361
f 3252 3364 3365
f 3252 3365 3253
f 3252 3361 3364
f 3253 3365 3255
f 3253 3255 3254
f 3255 3365 3366
f 3255 3366 3367
f 3255 3367 3368
f 3255 3368 3369
f 3255 3369 3370
f 3255 3370 3256
f 3256 3370 3257
f 3257 3370 3371
f 3257 3371 3258
f 3258 3371 3372
f 3258 3372 3373
f 3258 3373 3354
f 3260 3358 3263
f 3261 3264 3381
f 3261 3381 3374
f 3261 3374 3375
f 3261 3375 3262
f 3262 3375 3376
f 3262 3376 3266
f 3262 3266 3265
f 3263 3358 3377
f 3263 3377 3378
f 3263 3378 3379
f 3263 3379 3264
f 3264 3379 3378
f 3264 3378 3380
f 3264 3380 3381
f 3266 3376 3267
f 3267 3376 3382
f 3267 3382 3268
f 3268 3382 3383
f 3268 3383 3269
f 3269 3384 3385
f 3269 3385 3386
f 3269 3386 3387
f 3269 3387 3270
f 3269 3383 3384
f 3270 3387 3388
f 3270 3388 3274
f 3270 3274 3272
f 3270 3272 3271
f 3273 3274 3275
f 3274 3388 3275
f 3275 3388 3276
f 3276 3388 3389
f 3276 3389 3390
f 3276 3390 3391
f 3276 3391 3392
f 3276 3392 3279
f 3276 3279 3277
f 3277 3279 3278
f 3279 3392 3393
f 3279 3393 3394
f 3279 3394 3395
f 3279 3395 3280
f 3280 3395 3396
f 3280 3396 3281
f 3281 3396 3282
f 3282 3396 3397
f 3282 3397 3283
f 3283 3398 3284
f 3283 3397 3398
f 3284 3399 3286
f 3284 3398 3399
f 3286 3399 3400
f 3286 3400 3287
f 3287 3401 3402
f 3287 3402 3288
f 3287 3400 3401
f 3288 3402 3403
f 3288 3403 3404
f 3288 3404 3289
f 3289 3404 3405
f 3289 3405 3290
f 3290 3405 3291
f 3291 3405 3293
f 3292 3406 3407
f 3292 3407 3294
f 3292 3293 3408
f 3292 3408 3406
f 3293 3405 3409
f 3293 3409 3410
f 3293 3410 3408
f 3294 3407 3295
f 3295 3411 3412
f 3295 3412 3296
f 3295 3407 3411
f 3296 3412 3413
f 3296 3413 3297
f 3297 3413 3414
f 3297 3414 3298
f 3298 3414 3516
f 3298 3516 3415
f 3298 3415 3300
f 3298 3300 3299
f 3300 3415 3301
f 3301 3415 3416
f 3301 3416 3302
f 3302 3416 3318
f 3303 3309 3307
f 3304 3417 3418
f 3304 3418 3419
f 3304 3419 3420
f 3304 3420 3305
f 3304 3307 3309
f 3304 3309 3417
f 3305 3421 3422
f 3305 3422 3423
f 3305 3423 3310
f 3305 3310 3306
f 3305 3420 3424
f 3305 3424 3421
f 3308 3321 3309
f 3309 3321 3425
f 3309 3425 3426
f 3309 3426 3427
f 3309 3427 3417
f 3310 3423 3311
f 3311 3428 3429
f 3311 3429 3430
f 3311 3430 3312
f 3311 3423 3525
f 3311 3525 3428
f 3312 3429 3431
f 3312 3431 3313
f 3312 3430 3429
f 3313 3431 3432
f 3313 3432 3433
f 3313 3433 3314
f 3314 3434 3435
f 3314 3435 3315
f 3314 3433 3434
f 3315 3436 3437
f 3315 3437 3316
f 3315 3435 3434
f 3315 3434 3436
f 3316 3437 3317
f 3317 3437 3438
f 3317 3438 3329
f 3317 3329 3328
f 3317 3328 3322
f 3318 3416 3319
f 3319 3416 3320
f 3320 3416 3439
f 3320 3439 3440
f 3320 3440 3321
f 3321 3441 3425
f 3321 3440 3442
f 3321 3442 3441
f 3324 3334 3443
f 3324 3443 3444
f 3324 3444 3445
f 3324 3445 3446
f 3324 3446 3325
f 3325 3446 3336
f 3325 3336 3326
f 3326 3336 3327
f 3329 3438 3447
f 3329 3447 3330
f 3330 3448 3335
f 3330 3335 3331
f 3330 3447 3449
f 3330 3449 3448
f 3331 3335 3332
f 3332 3335 3333
f 3334 3335 3450
f 3334 3450 3443
f 3335 3448 3451
f 3335 3451 3443
f 3335 3443 3450
f 3336 3446 3452
f 3336 3452 3453
f 3336 3453 3454
f 3336 3454 3455
f 3336 3455 3337
f 3337 3455 3339
f 3337 3339 3338
f 3339 3455 3456
f 3339 3456 3457
f 3339 3457 3458
f 3339 3458 3459
f 3339 3459 3340
f 3340 3459 3460
f 3340 3460 3341
f 3341 3460 3342
f 3342 3460 3461
f 3342 3461 3462
f 3342 3462 3463
f 3342 3463 3343
f 3343 3463 3345
f 3343 3345 3344
f 3345 3463 3347
f 3345 3347 3346
f 3347 3463 3464
f 3347 3464 3465
f 3347 3465 3348
f 3348 3465 3466
f 3348 3466 3467
f 3348 3467 3349
f 3353 3468 3362
f 3354 3373 3355
f 3355 3373 3469
f 3355 3469 3356
f 3356 3469 3470
f 3356 3470 3471
f 3356 3471 3377
f 3356 3377 3358
f 3356 3358 3357
f 3359 3361 3360
f 3361 3363 3367
f 3361 3367 3472
f 3361 3472 3364
f 3362 3468 3473
f 3362 3473 3474
f 3362 3474 3363
f 3363 3474 3475
f 3363 3475 3476
f 3363 3476 3477
f 3363 3477 3367
f 3364 3472 3365
f 3365 3472 3366
f 3366 3472 3367
f 3367 3478 3368
f 3367 3477 3478
f 3368 3478 3369
f 3369 3478 3479
f 3369 3479 3480
f 3369 3480 3370
f 3370 3480 3371
f 3371 3480 3372
f 3372 3480 3481
f 3372 3481 3373
f 3373 3481 3482
f 3373 3482 3483
f 3373 3483 3469
f 3374 3484 3485
f 3374 3485 3376
f 3374 3376 3375
f 3374 3381 3492
f 3374 3492 3484
f 3376 3485 3486
f 3376 3486 3383
f 3376 3383 3382
f 3377 3471 3487
f 3377 3487 3378
f 3378 3487 3488
f 3378 3488 3489
f 3378 3489 3490
f 3378 3490 3380
f 3380 3490 3381
f 3381 3490 3491
f 3381 3491 3492
f 3383 3486 3384
f 3384 3493 3385
f 3384 3486 3493
f 3385 3494 3386
f 3385 3493 3494
f 3386 3495 3496
f 3386 3496 3388
f 3386 3388 3387
f 3386 3494 3495
f 3388 3496 3389
f 3389 3496 3495
f 3389 3495 3390
f 3390 3497 3391
f 3390 3495 3497
f 3391 3497 3392
f 3392 3497 3393
f 3393 3497 3498
f 3393 3498 3394
f 3394 3498 3395
f 3395 3498 3499
f 3395 3499 3396
f 3396 3499 3500
f 3396 3500 3501
f 3396 3501 3502
f 3396 3502 3397
f 3397 3502 3398
f 3398 3502 3399
f 3399 3502 3400
f 3400 3502 3401
f 3401 3503 3403
f 3401 3403 3402
f 3401 3502 3504
f 3401 3504 3503
f 3403 3505 3404
f 3403 3503 3506
f 3403 3506 3505
f 3404 3505 3409
f 3404 3409 3405
f 3406 3507 3508
f 3406 3508 3407
f 3406 3408 3510
f 3406 3510 3507
f 3407 3508 3509
f 3407 3509 3411
f 3408 3410 3511
f 3408 3511 3510
f 3409 3505 3410
f 3410 3505 3512
f 3410 3512 3599
f 3410 3599 3511
f 3411 3509 3513
f 3411 3513 3412
f 3412 3513 3413
f 3413 3514 3414
f 3413 3513 3514
f 3414 3515 3604
f 3414 3604 3516
f 3414 3514 3515
f 3415 3516 3517
f 3415 3517 3518
f 3415 3518 3519
f 3415 3519 3416
f 3416 3519 3518
f 3416 3518 3520
f 3416 3520 3439
f 3417 3427 3521
f 3417 3521 3418
f 3418 3521 3419
f 3419 3522 3420
f 3419 3521 3522
f 3420 3522 3424
f 3421 3523 3524
f 3421 3524 3422
f 3421 3424 3522
f 3421 3522 3523
f 3422 3524 3423
f 3423 3524 3525
f 3425 3526 3426
f 3425 3441 3526
f 3426 3526 3427
f 3427 3526 3521
f 3428 3525 3527
f 3428 3527 3528
f 3428 3528 3529
f 3428 3529 3429
f 3429 3530 3531
f 3429 3531 3532
f 3429 3532 3432
f 3429 3432 3431
f 3429 3529 3530
f 3432 3532 3434
f 3432 3434 3433
f 3434 3533 3534
f 3434 3534 3436
f 3434 3532 3535
f 3434 3535 3533
f 3436 3536 3437
f 3436 3534 3537
f 3436 3537 3538
f 3436 3538 3536
f 3437 3536 3447
f 3437 3447 3438
f 3439 3520 3440
f 3440 3520 3442
f 3441 3442 3526
f 3442 3520 3526
f 3443 3451 3448
f 3443 3448 3539
f 3443 3539 3540
f 3443 3540 3541
f 3443 3541 3444
f 3444 3541 3452
f 3444 3452 3445
f 3445 3452 3446
f 3447 3536 3449
f 3448 3449 3539
f 3449 3536 3542
f 3449 3542 3539
f 3452 3541 3543
f 3452 3543 3544
f 3452 3544 3545
f 3452 3545 3546
f 3452 3546 3453
f 3453 3546 3456
f 3453 3456 3454
f 3454 3456 3455
f 3456 3546 3547
f 3456 3547 3548
f 3456 3548 3549
f 3456 3549 3550
f 3456 3550 3457
f 3457 3550 3551
f 3457 3551 3458
f 3458 3551 3552
f 3458 3552 3459
f 3459 3552 3461
f 3459 3461 3460
f 3461 3552 3553
f 3461 3553 3554
f 3461 3554 3555
f 3461 3555 3462
f 3462 3555 3464
f 3462 3464 3463
f 3464 3555 3553
f 3464 3553 3465
f 3465 3553 3556
f 3465 3556 3557
f 3465 3557 3558
f 3465 3558 3466
f 3469 3483 3559
f 3469 3559 3470
f 3470 3559 3471
f 3471 3559 3560
f 3471 3560 3561
f 3471 3561 3488
f 3471 3488 3487
f 3475 3562 3476
f 3476 3562 3477
f 3477 3562 3563
f 3477 3563 3564
f 3477 3564 3565
f 3477 3565 3478
f 3478 3565 3479
f 3479 3565 3566
f 3479 3566 3480
f 3480 3566 3567
f 3480 3567 3481
f 3481 3567 3482
f 3482 3567 3568
f 3482 3568 3483
f 3483 3568 3569
f 3483 3569 3570
f 3483 3570 3559
f 3484 3492 3493
f 3484 3493 3571
f 3484 3571 3486
f 3484 3486 3485
f 3486 3571 3493
f 3488 3561 3489
f 3489 3561 3572
f 3489 3572 3490
f 3490 3572 3573
f 3490 3573 3491
f 3491 3573 3574
f 3491 3574 3575
f 3491 3575 3576
f 3491 3576 3577
f 3491 3577 3492
f 3492 3577 3576
f 3492 3576 3493
f 3493 3576 3578
f 3493 3578 3494
f 3494 3578 3579
f 3494 3579 3580
f 3494 3580 3495
f 3495 3579 3581
f 3495 3581 3582
f 3495 3582 3497
f 3495 3580 3579
f 3497 3582 3583
f 3497 3583 3584
f 3497 3584 3585
f 3497 3585 3498
f 3498 3586 3587
f 3498 3587 3499
f 3498 3585 3588
f 3498 3588 3586
f 3499 3587 3500
f 3500 3587 3501
f 3501 3587 3589
f 3501 3589 3502
f 3502 3589 3504
f 3503 3504 3589
f 3503 3589 3590
f 3503 3590 3591
f 3503 3591 3592
f 3503 3592 3506
f 3505 3506 3592
f 3505 3592 3593
f 3505 3593 3512
f 3507 3594 3508
f 3507 3510 3594
f 3508 3594 3595
f 3508 3595 3596
f 3508 3596 3509
f 3509 3596 3601
f 3509 3601 3513
f 3510 3597 3594
f 3510 3511 3597
f 3511 3598 3597
f 3511 3599 3600
f 3511 3600 3598
f 3512 3593 3682
f 3512 3682 3599
f 3513 3601 3602
f 3513 3602 3514
f 3514 3602 3515
f 3515 3603 3696
f 3515 3696 3604
f 3515 3602 3603
f 3516 3604 3606
f 3516 3606 3517
f 3517 3605 3520
f 3517 3520 3518
f 3517 3606 3607
f 3517 3607 3605
f 3520 3608 3609
f 3520 3609 3610
f 3520 3610 3526
f 3520 3605 3608
f 3521 3526 3611
f 3521 3611 3612
f 3521 3612 3613
f 3521 3613 3522
f 3522 3614 3615
f 3522 3615 3523
f 3522 3613 3616
f 3522 3616 3614
f 3523 3615 3617
f 3523 3617 3618
f 3523 3618 3619
f 3523 3619 3524
f 3524 3619 3525
f 3525 3620 3527
f 3525 3619 3620
f 3526 3621 3622
f 3526 3622 3611
f 3526 3610 3623
f 3526 3623 3621
f 3527 3620 3624
f 3527 3624 3625
f 3527 3625 3626
f 3527 3626 3528
f 3528 3626 3627
f 3528 3627 3628
f 3528 3628 3532
f 3528 3532 3531
f 3528 3531 3530
f 3528 3530 3529
f 3532 3628 3537
f 3532 3537 3535
f 3533 3535 3537
f 3533 3537 3534
f 3536 3538 3542
f 3537 3628 3629
f 3537 3629 3630
f 3537 3630 3631
f 3537 3631 3538
f 3538 3632 3633
f 3538 3633 3542
f 3538 3631 3630
f 3538 3630 3632
f 3539 3542 3633
f 3539 3633 3634
f 3539 3634 3543
f 3539 3543 3540
f 3540 3543 3541
f 3543 3634 3633
f 3543 3633 3635
f 3543 3635 3636
f 3543 3636 3637
f 3543 3637 3544
f 3544 3637 3547
f 3544 3547 3545
f 3545 3547 3546
f 3547 3637 3638
f 3547 3638 3639
f 3547 3639 3640
f 3547 3640 3641
f 3547 3641 3548
f 3548 3641 3642
f 3548 3642 3549
f 3549 3642 3643
f 3549 3643 3550
f 3550 3643 3551
f 3551 3643 3644
f 3551 3644 3552
f 3552 3644 3645
f 3552 3645 3553
f 3553 3646 3647
f 3553 3647 3648
f 3553 3648 3556
f 3553 3555 3554
f 3553 3645 3646
f 3556 3648 3557
f 3557 3648 3649
f 3559 3570 3650
f 3559 3650 3560
f 3560 3650 3561
f 3561 3650 3651
f 3561 3651 3652
f 3561 3652 3572
f 3562 3653 3563
f 3563 3654 3564
f 3563 3653 3655
f 3563 3655 3654
f 3564 3656 3657
f 3564 3657 3567
f 3564 3567 3566
f 3564 3566 3658
f 3564 3658 3565
f 3564 3654 3659
f 3564 3659 3660
f 3564 3660 3656
f 3565 3658 3566
f 3567 3657 3656
f 3567 3656 3568
f 3568 3656 3661
f 3568 3661 3569
f 3569 3661 3570
f 3570 3661 3662
f 3570 3662 3663
f 3570 3663 3650
f 3572 3652 3573
f 3573 3652 3574
f 3574 3652 3664
f 3574 3664 3575
f 3575 3664 3665
f 3575 3665 3666
f 3575 3666 3576
f 3576 3666 3667
f 3576 3667 3668
f 3576 3668 3578
f 3578 3669 3579
f 3578 3668 3670
f 3578 3670 3669
f 3579 3671 3672
f 3579 3672 3582
f 3579 3582 3581
f 3579 3669 3671
f 3582 3672 3583
f 3583 3672 3673
f 3583 3673 3584
f 3584 3673 3585
f 3585 3673 3588
f 3586 3674 3675
f 3586 3675 3587
f 3586 3588 3673
f 3586 3673 3674
f 3587 3675 3676
f 3587 3676 3677
f 3587 3677 3590
f 3587 3590 3589
f 3590 3677 3678
f 3590 3678 3592
f 3590 3592 3591
f 3592 3678 3593
f 3593 3678 3679
f 3593 3679 3680
f 3593 3680 3681
f 3593 3681 3682
f 3594 3683 3595
f 3594 3597 3684
f 3594 3684 3683
f 3595 3683 3685
f 3595 3685 3596
f 3596 3686 3687
f 3596 3687 3601
f 3596 3685 3686
f 3597 3598 3688
f 3597 3688 3684
f 3598 3600 3689
f 3598 3689 3688
f 3599 3682 3690
f 3599 3690 3600
f 3600 3690 3691
f 3600 3691 3692
f 3600 3692 3689
f 3601 3687 3693
f 3601 3693 3602
f 3602 3693 3694
f 3602 3694 3603
f 3603 3694 3695
f 3603 3695 3696
f 3604 3696 3697
f 3604 3697 3606
f 3605 3607 3608
f 3606 3697 3698
f 3606 3698 3699
f 3606 3699 3607
f 3607 3700 3701
f 3607 3701 3610
f 3607 3610 3609
f 3607 3609 3608
f 3607 3699 3698
f 3607 3698 3700
f 3610 3701 3702
f 3610 3702 3623
f 3611 3622 3702
f 3611 3702 3703
f 3611 3703 3704
f 3611 3704 3612
f 3612 3704 3705
f 3612 3705 3613
f 3613 3705 3617
f 3613 3617 3616
f 3614 3616 3617
f 3614 3617 3615
f 3617 3706 3707
f 3617 3707 3618
f 3617 3705 3708
f 3617 3708 3706
f 3618 3709 3619
f 3618 3707 3706
f 3618 3706 3709
f 3619 3709 3624
f 3619 3624 3620
f 3621 3702 3622
f 3621 3623 3702
f 3624 3709 3710
f 3624 3710 3711
f 3624 3711 3625
f 3625 3712 3713
f 3625 3713 3626
f 3625 3711 3712
f 3626 3714 3715
f 3626 3715 3716
f 3626 3716 3627
f 3626 3713 3714
f 3627 3716 3628
f 3628 3716 3629
f 3629 3716 3630
f 3630 3717 3718
f 3630 3718 3719
f 3630 3719 3632
f 3630 3716 3717
f 3632 3635 3633
f 3632 3719 3720
f 3632 3720 3635
f 3635 3721 3636
f 3635 3720 3722
f 3635 3722 3721
f 3636 3721 3638
f 3636 3638 3637
f 3638 3721 3723
f 3638 3723 3724
f 3638 3724 3725
f 3638 3725 3640
f 3638 3640 3639
f 3640 3726 3642
f 3640 3642 3641
f 3640 3725 3727
f 3640 3727 3728
f 3640 3728 3729
f 3640 3729 3730
f 3640 3730 3726
f 3642 3726 3643
f 3643 3726 3731
f 3643 3731 3647
f 3643 3647 3644
f 3644 3647 3732
f 3644 3732 3646
f 3644 3646 3645
f 3646 3732 3647
f 3647 3731 3733
f 3647 3733 3729
f 3647 3729 3734
f 3647 3734 3648
f 3648 3734 3735
f 3648 3735 3649
f 3649 3735 3736
f 3650 3663 3737
f 3650 3737 3651
f 3651 3737 3652
f 3652 3737 3738
f 3652 3738 3664
f 3654 3655 3739
f 3654 3739 3740
f 3654 3740 3659
f 3656 3660 3659
f 3656 3659 3741
f 3656 3741 3742
f 3656 3742 3661
f 3659 3743 3742
f 3659 3742 3741
f 3659 3740 3744
f 3659 3744 3743
f 3661 3742 3745
f 3661 3745 3662
f 3662 3745 3663
f 3663 3745 3746
f 3663 3746 3747
f 3663 3747 3737
f 3664 3738 3748
f 3664 3748 3749
f 3664 3749 3665
f 3665 3750 3751
f 3665 3751 3752
f 3665 3752 3667
f 3665 3667 3666
f 3665 3749 3750
f 3667 3752 3753
f 3667 3753 3754
f 3667 3754 3668
f 3668 3754 3670
f 3669 3670 3671
f 3670 3754 3755
f 3670 3755 3671
f 3671 3756 3757
f 3671 3757 3672
f 3671 3755 3758
f 3671 3758 3756
f 3672 3756 3759
f 3672 3759 3760
f 3672 3760 3673
f 3672 3757 3756
f 3673 3760 3761
f 3673 3761 3762
f 3673 3762 3674
f 3674 3763 3764
f 3674 3764 3765
f 3674 3765 3677
f 3674 3677 3676
f 3674 3676 3675
f 3674 3762 3766
f 3674 3766 3763
f 3677 3765 3678
f 3678 3767 3680
f 3678 3680 3679
f 3678 3765 3767
f 3680 3767 3765
f 3680 3765 3681
f 3681 3768 3769
f 3681 3769 3770
f 3681 3770 3682
f 3681 3765 3771
f 3681 3771 3768
f 3682 3770 3769
f 3682 3769 3690
f 3683 3684 3772
f 3683 3772 3685
f 3684 3773 3772
f 3684 3688 3773
f 3685 3772 3774
f 3685 3774 3775
f 3685 3775 3686
f 3686 3775 3687
f 3687 3775 3776
f 3687 3776 3693
f 3688 3777 3773
f 3688 3689 3777
f 3689 3778 3777
f 3689 3692 3778
f 3690 3779 3691
f 3690 3769 3780
f 3690 3780 3781
f 3690 3781 3779
f 3691 3779 3692
f 3692 3779 3782
f 3692 3782 3783
f 3692 3783 3778
f 3693 3784 3694
f 3693 3776 3784
f 3694 3785 3786
f 3694 3786 3695
f 3694 3784 3785
f 3695 3786 3787
f 3695 3787 3696
f 3696 3787 3788
f 3696 3788 3697
f 3697 3789 3790
f 3697 3790 3698
f 3697 3788 3789
f 3698 3790 3791
f 3698 3791 3792
f 3698 3792 3793
f 3698 3793 3701
f 3698 3701 3700
f 3701 3793 3794
f 3701 3794 3795
f 3701 3795 3702
f 3702 3796 3703
f 3702 3795 3794
f 3702 3794 3796
f 3703 3796 3797
f 3703 3797 3704
f 3704 3797 3705
f 3705 3797 3706
f 3705 3706 3708
f 3706 3797 3798
f 3706 3798 3799
f 3706 3799 3800
f 3706 3800 3709
f 3709 3800 3801
f 3709 3801 3710
f 3710 3801 3711
f 3711 3801 3802
f 3711 3802 3803
f 3711 3803 3804
f 3711 3804 3712
f 3712 3805 3806
f 3712 3806 3714
f 3712 3714 3713
f 3712 3804 3807
f 3712 3807 3805
f 3714 3806 3808
f 3714 3808 3715
f 3715 3808 3716
f 3716 3808 3717
f 3717 3808 3718
f 3718 3720 3719
f 3718 3808 3809
f 3718 3809 3720
f 3720 3809 3810
f 3720 3810 3811
f 3720 3811 3722
f 3721 3722 3811
f 3721 3811 3723
f 3723 3811 3812
f 3723 3812 3813
f 3723 3813 3814
f 3723 3814 3724
f 3724 3814 3725
f 3725 3814 3727
f 3726 3730 3733
f 3726 3733 3731
f 3727 3814 3815
f 3727 3815 3816
f 3727 3816 3817
f 3727 3817 3818
f 3727 3818 3728
f 3728 3818 3729
f 3729 3733 3730
f 3729 3818 3817
f 3729 3817 3734
f 3734 3817 3819
f 3734 3819 3820
f 3734 3820 3821
f 3734 3821 3736
f 3734 3736 3735
f 3737 3747 3748
f 3737 3748 3738
f 3739 3822 3823
f 3739 3823 3740
f 3740 3823 3744
f 3742 3743 3824
f 3742 3824 3825
f 3742 3825 3745
f 3743 3744 3824
f 3744 3823 3826
f 3744 3826 3827
f 3744 3827 3824
f 3745 3825 3828
f 3745 3828 3746
f 3746 3828 3747
f 3747 3828 3829
f 3747 3829 3830
f 3747 3830 3748
f 3748 3830 3750
f 3748 3750 3749
f 3750 3831 3751
f 3750 3830 3831
f 3751 3831 3832
f 3751 3832 3833
f 3751 3833 3752
f 3752 3834 3754
f 3752 3754 3753
f 3752 3833 3835
f 3752 3835 3836
f 3752 3836 3834
f 3754 3834 3836
f 3754 3836 3837
f 3754 3837 3755
f 3755 3837 3838
f 3755 3838 3758
f 3756 3758 3760
f 3756 3760 3759
f 3758 3838 3837
f 3758 3837 3839
f 3758 3839 3840
f 3758 3840 3760
f 3760 3840 3761
f 3761 3840 3762
f 3762 3763 3766
f 3762 3840 3841
f 3762 3841 3763
f 3763 3841 3765
f 3763 3765 3764
f 3765 3841 3771
f 3768 3771 3769
f 3769 3771 3842
f 3769 3842 3843
f 3769 3843 3780
f 3771 3841 3844
f 3771 3844 3845
f 3771 3845 3842
f 3772 3846 3774
f 3772 3773 3847
f 3772 3847 3846
f 3773 3777 3848
f 3773 3848 3847
f 3774 3846 3849
f 3774 3849 3775
f 3775 3850 3851
f 3775 3851 3776
f 3775 3849 3850
f 3776 3851 3852
f 3776 3852 3784
f 3777 3778 3853
f 3777 3853 3848
f 3778 3783 3854
f 3778 3854 3853
f 3779 3781 3780
f 3779 3780 3855
f 3779 3855 3856
f 3779 3856 3782
f 3780 3843 3857
f 3780 3857 3855
f 3782 3856 3858
f 3782 3858 3783
f 3783 3858 3859
f 3783 3859 3854
f 3784 3852 3860
f 3784 3860 3785
f 3785 3860 3861
f 3785 3861 3786
f 3786 3861 3862
f 3786 3862 3863
f 3786 3863 3864
f 3786 3864 3787
f 3787 3864 3865
f 3787 3865 3789
f 3787 3789 3788
f 3789 3865 3866
f 3789 3866 3867
f 3789 3867 3791
f 3789 3791 3790
f 3791 3867 3868
f 3791 3868 3792
f 3792 3868 3793
f 3793 3868 3869
f 3793 3869 3794
f 3794 3869 3870
f 3794 3870 3797
f 3794 3797 3796
f 3797 3871 3872
f 3797 3872 3798
f 3797 3870 3873
f 3797 3873 3871
f 3798 3874 3799
f 3798 3872 3874
f 3799 3874 3801
f 3799 3801 3800
f 3801 3874 3875
f 3801 3875 3876
f 3801 3876 3802
f 3802 3876 3877
f 3802 3877 3803
f 3803 3878 3807
f 3803 3807 3804
f 3803 3877 3878
f 3805 3807 3879
f 3805 3879 3806
f 3806 3879 3880
f 3806 3880 3809
f 3806 3809 3808
f 3807 3881 3879
f 3807 3878 3881
f 3809 3880 3882
f 3809 3882 3810
f 3810 3882 3811
f 3811 3882 3812
f 3812 3882 3883
f 3812 3883 3884
f 3812 3884 3885
f 3812 3885 3813
f 3813 3885 3814
f 3814 3885 3815
f 3815 3885 3886
f 3815 3886 3887
f 3815 3887 3888
f 3815 3888 3817
f 3815 3817 3816
f 3817 3888 3889
f 3817 3889 3890
f 3817 3890 3819
f 3819 3890 3891
f 3819 3891 3892
f 3819 3892 3820
f 3822 3893 3823
f 3823 3894 3826
f 3823 3893 3894
f 3824 3827 3825
f 3825 3827 3826
f 3825 3826 3895
f 3825 3895 3896
f 3825 3896 3828
f 3826 3894 3897
f 3826 3897 3898
f 3826 3898 3899
f 3826 3899 3896
f 3826 3896 3895
f 3828 3896 3900
f 3828 3900 3829
f 3829 3900 3830
f 3830 3900 3901
f 3830 3901 3831
f 3831 3901 3902
f 3831 3902 3903
f 3831 3903 3904
f 3831 3904 3832
f 3832 3904 3833
f 3833 3904 3905
f 3833 3905 3835
f 3835 3906 3907
f 3835 3907 3908
f 3835 3908 3836
f 3835 3905 3909
f 3835 3909 3910
f 3835 3910 3911
f 3835 3911 3906
f 3836 3908 3837
f 3837 3908 3912
f 3837 3912 3913
f 3837 3913 3839
f 3839 3913 3840
f 3840 3913 3912
f 3840 3912 3914
f 3840 3914 3841
f 3841 3915 3845
f 3841 3845 3844
f 3841 3914 3915
f 3842 3845 3916
f 3842 3916 3917
f 3842 3917 3857
f 3842 3857 3843
f 3845 3915 3912
f 3845 3912 3916
f 3846 3847 3918
f 3846 3918 3919
f 3846 3919 3849
f 3847 3920 3918
f 3847 3848 3920
f 3848 3853 3921
f 3848 3921 3920
f 3849 3919 3922
f 3849 3922 3923
f 3849 3923 3850
f 3850 3923 3851
f 3851 3923 3924
f 3851 3924 3925
f 3851 3925 3852
f 3852 3925 3926
f 3852 3926 3860
f 3853 3927 3921
f 3853 3854 3928
f 3853 3928 3927
f 3854 3859 3928
f 3855 3929 3856
f 3855 3857 3930
f 3855 3930 3929
f 3856 3929 3858
f 3857 3917 3916
f 3857 3916 3911
f 3857 3911 3931
f 3857 3931 3932
f 3857 3932 3930
f 3858 3933 3859
f 3858 3929 3934
f 3858 3934 3935
f 3858 3935 3933
f 3859 3933 3928
f 3860 3926 3936
f 3860 3936 3861
f 3861 3937 3938
f 3861 3938 3862
f 3861 3936 3937
f 3862 3938 3863
f 3863 3939 3940
f 3863 3940 3865
f 3863 3865 3864
f 3863 3938 3939
f 3865 3940 3866
f 3866 3940 3941
f 3866 3941 3867
f 3867 3941 3942
f 3867 3942 3868
f 3868 3942 3943
f 3868 3943 3944
f 3868 3944 3945
f 3868 3945 3870
f 3868 3870 3869
f 3870 3945 3873
f 3871 3874 3872
f 3871 3873 3945
f 3871 3945 3874
f 3874 3946 3875
f 3874 3945 3947
f 3874 3947 3948
f 3874 3948 3946
f 3875 3946 3876
f 3876 3946 3877
f 3877 3949 3878
f 3877 3946 3950
f 3877 3950 3951
f 3877 3951 3952
f 3877 3952 3949
f 3878 3949 3953
f 3878 3953 3954
f 3878 3954 3881
f 3879 3883 3882
f 3879 3882 3880
f 3879 3881 3883
f 3881 3954 3955
f 3881 3955 3956
f 3881 3956 3883
f 3883 3956 3957
f 3883 3957 3884
f 3884 3957 3885
f 3885 3957 3886
f 3886 3957 3958
f 3886 3958 3959
f 3886 3959 3960
f 3886 3960 3887
f 3887 3960 3889
f 3887 3889 3888
f 3889 3960 3961
f 3889 3961 3962
f 3889 3962 3890
f 3890 3962 3963
f 3890 3963 3964
f 3890 3964 3891
f 3893 3965 3894
f 3894 3965 3966
f 3894 3966 3897
f 3896 3899 3967
f 3896 3967 3968
f 3896 3968 3900
f 3897 3966 3969
f 3897 3969 3970
f 3897 3970 3971
f 3897 3971 3898
f 3898 3972 3968
f 3898 3968 3967
f 3898 3967 3899
f 3898 3971 3973
f 3898 3973 3972
f 3900 3968 3901
f 3901 3968 3902
f 3902 3968 3974
f 3902 3974 3903
f 3903 3974 3975
f 3903 3975 3904
f 3904 3975 3976
f 3904 3976 3977
f 3904 3977 3909
f 3904 3909 3905
f 3906 3912 3907
f 3906 3911 3978
f 3906 3978 3912
f 3907 3912 3908
f 3909 3977 3910
f 3910 3977 3979
f 3910 3979 3911
f 3911 3980 3981
f 3911 3981 3931
f 3911 3916 3978
f 3911 3979 3980
f 3912 3978 3916
f 3912 3915 3914
f 3918 3920 3982
f 3918 3982 3983
f 3918 3983 3984
f 3918 3984 3919
f 3919 3984 3922
f 3920 3985 3982
f 3920 3921 3986
f 3920 3986 3985
f 3921 3927 3987
f 3921 3987 3986
f 3922 3984 3988
f 3922 3988 3989
f 3922 3989 3923
f 3923 3989 3990
f 3923 3990 3924
f 3924 3990 3925
f 3925 3991 3992
f 3925 3992 3926
f 3925 3990 3991
f 3926 3993 3994
f 3926 3994 3936
f 3926 3992 3993
f 3927 3928 3995
f 3927 3995 3987
f 3928 3933 3996
f 3928 3996 3995
f 3929 3930 3997
f 3929 3997 3934
f 3930 3932 3981
f 3930 3981 3997
f 3931 3981 3932
f 3933 3935 3998
f 3933 3998 3996
f 3934 3997 3999
f 3934 3999 3935
f 3935 3999 4000
f 3935 4000 4001
f 3935 4001 3998
f 3936 3994 4002
f 3936 4002 3937
f 3937 4002 4003
f 3937 4003 3938
f 3938 4003 4004
f 3938 4004 3939
f 3939 4004 4005
f 3939 4005 4006
f 3939 4006 3940
f 3940 4006 4007
f 3940 4007 3941
f 3941 4007 4008
f 3941 4008 4009
f 3941 4009 3942
f 3942 4009 3943
f 3943 4009 3944
f 3944 4009 4010
f 3944 4010 3945
f 3945 4010 4011
f 3945 4011 3947
f 3946 3948 4012
f 3946 4012 4013
f 3946 4013 3950
f 3947 4012 3948
f 3947 4011 4012
f 3949 3952 4014
f 3949 4014 3953
f 3950 4013 3951
f 3951 4015 4014
f 3951 4014 3952
f 3951 4013 4016
f 3951 4016 4017
f 3951 4017 4018
f 3951 4018 4015
f 3953 4019 3955
f 3953 3955 3954
f 3953 4014 4019
f 3955 3958 3957
f 3955 3957 3956
f 3955 4019 3958
f 3958 4019 4020
f 3958 4020 4021
f 3958 4021 3959
f 3959 4021 3961
f 3959 3961 3960
f 3961 4021 4022
f 3961 4022 4023
f 3961 4023 4024
f 3961 4024 4025
f 3961 4025 3962
f 3962 4025 3963
f 3968 3972 4026
f 3968 4026 3974
f 3970 4027 4028
f 3970 4028 3971
f 3971 4028 4029
f 3971 4029 4030
f 3971 4030 3973
f 3972 3973 4026
f 3973 4030 4031
f 3973 4031 4032
f 3973 4032 4026
f 3974 4032 4033
f 3974 4033 4034
f 3974 4034 3975
f 3974 4026 4032
f 3975 4034 3976
f 3976 4034 4035
f 3976 4035 3977
f 3977 4036 4037
f 3977 4037 3981
f 3977 3981 3980
f 3977 3980 3979
f 3977 4035 4038
f 3977 4038 4036
f 3981 4039 4040
f 3981 4040 4041
f 3981 4041 3997
f 3981 4037 4039
f 3982 3985 3983
f 3983 3985 4042
f 3983 4042 4043
f 3983 4043 4044
f 3983 4044 4045
f 3983 4045 4046
f 3983 4046 3984
f 3984 4046 3988
f 3985 3986 4047
f 3985 4047 4048
f 3985 4048 4042
f 3986 3987 4047
f 3987 3995 4049
f 3987 4049 4050
f 3987 4050 4047
f 3988 4046 4051
f 3988 4051 4052
f 3988 4052 3989
f 3989 4052 4053
f 3989 4053 3990
f 3990 4053 3991
f 3991 3993 3992
f 3991 4053 4054
f 3991 4054 4055
f 3991 4055 4056
f 3991 4056 3993
f 3993 4057 4002
f 3993 4002 3994
f 3993 4056 4058
f 3993 4058 4057
f 3995 3996 4059
f 3995 4059 4049
f 3996 3998 4059
f 3997 4041 3999
f 3998 4001 4060
f 3998 4060 4059
f 3999 4041 4040
f 3999 4040 4061
f 3999 4061 4000
f 4000 4062 4063
f 4000 4063 4001
f 4000 4061 4064
f 4000 4064 4062
f 4001 4063 4060
f 4002 4065 4066
f 4002 4066 4003
f 4002 4057 4065
f 4003 4066 4067
f 4003 4067 4004
f 4004 4067 4005
f 4005 4067 4068
f 4005 4068 4006
f 4006 4069 4070
f 4006 4070 4071
f 4006 4071 4007
f 4006 4068 4069
f 4007 4071 4008
f 4008 4071 4072
f 4008 4072 4009
f 4009 4073 4074
f 4009 4074 4075
f 4009 4075 4012
f 4009 4012 4010
f 4009 4072 4073
f 4010 4012 4011
f 4012 4076 4077
f 4012 4077 4013
f 4012 4075 4078
f 4012 4078 4076
f 4013 4077 4016
f 4014 4079 4080
f 4014 4080 4081
f 4014 4081 4019
f 4014 4015 4079
f 4015 4018 4082
f 4015 4082 4079
f 4016 4077 4076
f 4016 4076 4017
f 4017 4076 4083
f 4017 4083 4084
f 4017 4084 4085
f 4017 4085 4018
f 4018 4085 4082
f 4019 4081 4080
f 4019 4080 4086
f 4019 4086 4020
f 4020 4086 4022
f 4020 4022 4021
f 4022 4086 4080
f 4022 4080 4087
f 4022 4087 4023
f 4023 4087 4088
f 4023 4088 4089
f 4023 4089 4024
f 4027 4029 4028
f 4027 4090 4029
f 4029 4090 4091
f 4029 4091 4092
f 4029 4092 4093
f 4029 4093 4030
f 4030 4094 4038
f 4030 4038 4095
f 4030 4095 4031
f 4030 4093 4096
f 4030 4096 4094
f 4031 4095 4033
f 4031 4033 4032
f 4033 4095 4038
f 4033 4038 4034
f 4034 4038 4035
f 4036 4038 4097
f 4036 4097 4037
f 4037 4097 4039
f 4038 4094 4098
f 4038 4098 4097
f 4039 4097 4040
f 4040 4093 4064
f 4040 4064 4061
f 4040 4097 4098
f 4040 4098 4099
f 4040 4099 4093
f 4042 4048 4100
f 4042 4100 4044
f 4042 4044 4043
f 4045 4101 4046
f 4046 4101 4051
f 4047 4050 4048
f 4048 4050 4102
f 4048 4102 4103
f 4048 4103 4100
f 4049 4059 4060
f 4049 4060 4102
f 4049 4102 4050
f 4051 4101 4052
f 4052 4104 4053
f 4052 4101 4104
f 4053 4105 4054
f 4053 4104 4105
f 4055 4106 4056
f 4056 4106 4107
f 4056 4107 4058
f 4057 4058 4065
f 4058 4107 4108
f 4058 4108 4109
f 4058 4109 4110
f 4058 4110 4111
f 4058 4111 4112
f 4058 4112 4065
f 4060 4063 4092
f 4060 4092 4113
f 4060 4113 4102
f 4062 4064 4093
f 4062 4093 4063
f 4063 4093 4092
f 4065 4112 4066
f 4066 4112 4114
f 4066 4114 4067
f 4067 4114 4068
f 4068 4114 4115
f 4068 4115 4069
f 4069 4115 4116
f 4069 4116 4070
f 4070 4116 4117
f 4070 4117 4118
f 4070 4118 4073
f 4070 4073 4071
f 4071 4073 4072
f 4073 4119 4120
f 4073 4120 4121
f 4073 4121 4074
f 4073 4118 4119
f 4074 4121 4075
f 4075 4121 4078
f 4076 4078 4121
f 4076 4121 4120
f 4076 4120 4084
f 4076 4084 4083
f 4079 4082 4080
f 4080 4082 4122
f 4080 4122 4123
f 4080 4123 4087
f 4082 4085 4084
f 4082 4084 4122
f 4084 4120 4124
f 4084 4124 4125
f 4084 4125 4118
f 4084 4118 4126
f 4084 4126 4122
f 4087 4123 4127
f 4087 4127 4128
f 4087 4128 4129
f 4087 4129 4088
f 4090 4130 4091
f 4091 4130 4092
f 4092 4130 4113
f 4093 4099 4096
f 4094 4096 4098
f 4096 4099 4098
f 4102 4131 4103
f 4102 4113 4131
f 4111 4132 4112
f 4112 4132 4133
f 4112 4133 4134
f 4112 4134 4114
f 4113 4130 4135
f 4113 4135 4131
f 4114 4134 4136
f 4114 4136 4115
f 4115 4136 4118
f 4115 4118 4116
f 4116 4118 4117
f 4118 4125 4119
f 4118 4136 4126
f 4119 4125 4120
f 4120 4125 4124
f 4122 4126 4137
f 4122 4137 4138
f 4122 4138 4139
f 4122 4139 4123
f 4123 4139 4140
f 4123 4140 4127
f 4126 4136 4141
f 4126 4141 4142
f 4126 4142 4143
f 4126 4143 4144
f 4126 4144 4138
f 4126 4138 4137
f 4133 4145 4134
f 4134 4145 4146
f 4134 4146 4147
f 4134 4147 4136
f 4136 4147 4148
f 4136 4148 4141
f 4141 4148 4142

