# https://github.com/mikedh/trimesh
mtllib material.mtl
usemtl material_0
v -5.77927160 -3.68620422 7.21254344
v -5.64850282 -3.68620416 6.83863158
v -4.83519602 -3.68620416 6.83863158
v -4.83592367 -3.68620422 7.21254344
v -4.83519602 -3.68620428 7.58645458
v -5.64850282 -3.68620428 7.58645458
v 5.83501387 -3.68620422 7.21254344
v 4.89015150 -3.68620422 7.21254344
v 4.89005041 -3.68620416 6.83863158
v 5.70424509 -3.68620416 6.83863158
v 0.02787114 -3.68620422 7.21254344
v 4.89005041 -3.68620428 7.58645458
v 0.02787114 -3.68620428 7.58645458
v 0.02787114 -3.68620416 6.83863158
v 0.02787114 -3.68620422 7.21254344
v 0.02787114 -3.68620428 7.58645458
v 0.02787114 -3.68620416 6.83863158
v 5.70424509 -3.68620428 7.58645458
v 0.01113948 1.28952028 14.82085881
v 0.01753517 1.28332235 14.82711635
v 0.02787161 1.29334260 14.81697784
v 0.02787161 1.28096677 14.82949243
v 0.03820805 1.28332235 14.82711635
v 0.04460374 1.28952028 14.82085881
v 0.04460374 1.29716398 14.81311641
v 0.03820805 1.30334188 14.80685887
v 0.02787161 1.30569793 14.80446277
v 0.01753517 1.30334188 14.80685887
v 0.01113948 1.29716398 14.81311641
v -0.02885983 -0.30147926 9.67912127
v 0.02787161 -0.31991474 9.67922044
v 0.02787161 -0.25858942 13.58985449
v -0.00634537 -0.24748102 13.58557773
v -0.02749337 -0.21843186 13.57436968
v -0.06392812 -0.25322334 9.67884398
v -0.02749337 -0.18253151 13.56052806
v -0.03347324 -0.17550222 9.67842795
v -0.01392925 -0.14859215 9.67826988
v -0.00634537 -0.15348306 13.54934098
v 0.02787161 -0.14239421 13.54504324
v 0.01771344 -0.13831536 9.67821004
v 0.06208859 -0.15348306 13.54934098
v 0.04935613 -0.14859215 9.67826988
v 0.02787161 -0.14239421 13.54504324
v 0.08323660 -0.18253151 13.56052806
v 0.11967134 -0.19356147 9.67852689
v 0.08323660 -0.21843186 13.57436968
v 0.11967134 -0.25322334 9.67884398
v 0.06208859 -0.24748102 13.58557773
v 0.08460306 -0.30147926 9.67912127
v 0.01753517 1.28332235 14.82711635
v 0.02787161 1.28096677 14.82949243
v 0.01113948 1.28952028 14.82085881
v 0.01113948 1.29716398 14.81311641
v 0.01753517 1.30334188 14.80685887
v 0.02787161 1.30569793 14.80446277
v 0.02787161 1.30569793 14.80446277
v 0.03820805 1.30334188 14.80685887
v 0.04460374 1.29716398 14.81311641
v 0.04460374 1.28952028 14.82085881
v 0.03820805 1.28332235 14.82711635
v -5.03158705 -3.36945519 6.91254710
v -5.39450829 -3.36945529 7.49728504
v -5.03158705 -3.36945529 7.49728504
v -5.39450829 -0.59933827 6.91254756
v -5.03158705 -0.59933827 6.91254756
v -5.51947539 -0.59933829 7.07379120
v -5.39450829 -3.36945519 6.91254710
v -5.51947539 -3.36945522 7.07379073
v -5.39450829 -0.59933836 7.49728548
v -5.51947539 -0.59933834 7.33584398
v -5.51947539 -3.36945526 7.33584353
v 5.08732946 -3.36945519 6.91254710
v 5.45025070 -3.36945529 7.49728504
v 5.57521780 -3.36945526 7.33584353
v 5.45025070 -0.59933827 6.91254756
v 5.57521780 -0.59933829 7.07379120
v 5.08732946 -0.59933827 6.91254756
v 5.57521780 -3.36945522 7.07379073
v 5.45025070 -3.36945519 6.91254710
v 5.45025070 -0.59933836 7.49728548
v 5.08732946 -0.59933836 7.49728548
v 5.57521780 -0.59933834 7.33584398
v 5.08732946 -3.36945529 7.49728504
v -5.03158705 -0.59933836 7.49728548
v -4.89331333 -0.44518444 6.91254758
v -4.89331333 -3.52044246 6.91254709
v -5.03158705 -3.36945519 6.91254710
v -5.03158705 -0.59933827 6.91254756
v -4.89331333 -3.52044256 7.49728501
v -4.89331333 -0.44518454 7.49728551
v -5.03158705 -0.59933836 7.49728548
v -5.03158705 -3.36945529 7.49728504
v -4.89331333 -0.44518454 7.49728551
v -4.89331333 -3.52044256 7.49728501
v -4.89331333 -3.52044246 6.91254709
v -4.89331333 -0.44518444 6.91254758
v -5.39450829 -3.52044246 6.91254709
v -5.51947539 -3.52044249 7.07379071
v -5.51947539 -3.36945522 7.07379073
v -5.39450829 -3.36945519 6.91254710
v -5.39450829 -0.59933836 7.49728548
v -5.39450829 -0.44518454 7.49728551
v -5.51947539 -0.44518451 7.33584400
v -5.51947539 -0.59933834 7.33584398
v -5.39450829 -3.36945519 6.91254710
v -5.03158705 -3.36945519 6.91254710
v -4.89331333 -3.52044246 6.91254709
v -5.39450829 -3.52044246 6.91254709
v -4.89331333 -3.52044256 7.49728501
v -5.03158705 -3.36945529 7.49728504
v -5.39450829 -3.36945529 7.49728504
v -5.39450829 -3.52044256 7.49728501
v -5.39450829 -0.59933836 7.49728548
v -5.03158705 -0.59933836 7.49728548
v -4.89331333 -0.44518454 7.49728551
v -5.39450829 -0.44518454 7.49728551
v -5.39450829 -0.44518444 6.91254758
v -4.89331333 -0.44518444 6.91254758
v -5.03158705 -0.59933827 6.91254756
v -5.39450829 -0.59933827 6.91254756
v -5.03158705 -3.36945529 7.49728504
v -5.03158705 -0.59933836 7.49728548
v -5.03158705 -0.59933827 6.91254756
v -5.03158705 -3.36945519 6.91254710
v -5.51947539 -3.36945526 7.33584353
v -5.51947539 -3.52044253 7.33584351
v -5.39450829 -3.52044256 7.49728501
v -5.39450829 -3.36945529 7.49728504
v -5.51947539 -0.59933829 7.07379120
v -5.51947539 -0.44518447 7.07379122
v -5.39450829 -0.44518444 6.91254758
v -5.39450829 -0.59933827 6.91254756
v 4.94905575 -0.44518444 6.91254758
v 5.08732946 -0.59933827 6.91254756
v 5.08732946 -3.36945519 6.91254710
v 4.94905575 -3.52044246 6.91254709
v 4.94905575 -3.52044256 7.49728501
v 5.08732946 -3.36945529 7.49728504
v 5.08732946 -0.59933836 7.49728548
v 4.94905575 -0.44518454 7.49728551
v 4.94905575 -0.44518444 6.91254758
v 4.94905575 -3.52044246 6.91254709
v 4.94905575 -3.52044256 7.49728501
v 4.94905575 -0.44518454 7.49728551
v 5.45025070 -3.52044246 6.91254709
v 5.45025070 -3.36945519 6.91254710
v 5.57521780 -3.36945522 7.07379073
v 5.57521780 -3.52044249 7.07379071
v 5.45025070 -0.59933836 7.49728548
v 5.57521780 -0.59933834 7.33584398
v 5.57521780 -0.44518451 7.33584400
v 5.45025070 -0.44518454 7.49728551
v 5.45025070 -3.36945519 6.91254710
v 5.45025070 -3.52044246 6.91254709
v 4.94905575 -3.52044246 6.91254709
v 5.08732946 -3.36945519 6.91254710
v 4.94905575 -3.52044256 7.49728501
v 5.45025070 -3.52044256 7.49728501
v 5.45025070 -3.36945529 7.49728504
v 5.08732946 -3.36945529 7.49728504
v 5.45025070 -0.59933836 7.49728548
v 5.45025070 -0.44518454 7.49728551
v 4.94905575 -0.44518454 7.49728551
v 5.08732946 -0.59933836 7.49728548
v 5.45025070 -0.44518444 6.91254758
v 5.45025070 -0.59933827 6.91254756
v 5.08732946 -0.59933827 6.91254756
v 4.94905575 -0.44518444 6.91254758
v 5.08732946 -3.36945529 7.49728504
v 5.08732946 -3.36945519 6.91254710
v 5.08732946 -0.59933827 6.91254756
v 5.08732946 -0.59933836 7.49728548
v 5.57521780 -3.36945526 7.33584353
v 5.45025070 -3.36945529 7.49728504
v 5.45025070 -3.52044256 7.49728501
v 5.57521780 -3.52044253 7.33584351
v 5.57521780 -0.59933829 7.07379120
v 5.45025070 -0.59933827 6.91254756
v 5.45025070 -0.44518444 6.91254758
v 5.57521780 -0.44518447 7.07379122
v -5.71400540 -3.69277075 6.66912577
v -5.71400540 -3.49505309 6.66912580
v 5.76974781 -3.49505309 6.66912580
v 5.76974781 -3.69277075 6.66912577
v -5.71400540 -3.69277093 7.74961373
v 5.76974781 -3.69277093 7.74961373
v 5.76974781 -3.49505326 7.74961377
v -5.71400540 -3.49505326 7.74961377
v -5.71400540 -3.69277075 6.66912577
v -5.88257544 -3.69277084 7.20936987
v -5.88257544 -3.49505317 7.20936989
v -5.71400540 -3.49505309 6.66912580
v -5.71400540 -3.49505309 6.66912580
v -5.88257544 -3.49505317 7.20936989
v 5.93831785 -3.49505317 7.20936989
v 5.76974781 -3.49505309 6.66912580
v -5.71400540 -3.49505326 7.74961377
v 5.76974781 -3.49505326 7.74961377
v -5.71400540 -3.49505326 7.74961377
v -5.71400540 -3.69277093 7.74961373
v 5.70424469 -3.69277091 7.64369557
v 5.76974781 -3.69277093 7.74961373
v -5.71400540 -3.69277093 7.74961373
v -5.64850228 -3.69277091 7.64369557
v -5.88257544 -3.69277084 7.20936987
v -5.77927105 -3.69277084 7.20936987
v -5.71400540 -3.69277075 6.66912577
v -5.64850228 -3.69277077 6.77504394
v 5.76974781 -3.69277075 6.66912577
v 5.70424469 -3.69277077 6.77504394
v 5.76974781 -3.69277075 6.66912577
v 5.76974781 -3.49505309 6.66912580
v 5.93831785 -3.49505317 7.20936989
v 5.93831785 -3.69277084 7.20936987
v 5.76974781 -3.49505326 7.74961377
v 5.76974781 -3.69277093 7.74961373
v 5.93831785 -3.69277084 7.20936987
v 5.83501346 -3.69277084 7.20936987
v -5.64850228 -3.65734619 7.58328126
v 5.70424469 -3.65734619 7.58328126
v -5.64850228 -3.65734619 7.58328126
v -5.64850228 -3.69277091 7.64369557
v -5.77927105 -3.69277084 7.20936987
v -5.77927105 -3.65734613 7.20936988
v -5.64850228 -3.69277077 6.77504394
v -5.64850228 -3.65734607 6.83545838
v 5.70424469 -3.65734607 6.83545838
v -5.64850228 -3.65734607 6.83545838
v 5.83501346 -3.69277084 7.20936987
v 5.83501346 -3.65734613 7.20936988
v 5.70424469 -3.65734607 6.83545838
v 5.70424469 -3.69277077 6.77504394
v 5.70424469 -3.65734619 7.58328126
v 5.70424469 -3.69277091 7.64369557
v -4.83535664 -3.69229573 7.58519742
v -4.99764197 -3.69229573 7.58511803
v -4.99776308 -3.69229617 7.33266470
v -4.83541720 -3.69229617 7.33278366
v -4.99764197 -3.69229573 7.58511803
v -4.83535664 -3.69229573 7.58519742
v -4.83535664 -3.63813109 7.58519743
v -4.99764197 -3.63813109 7.58511804
v -4.99776308 -3.69229617 7.33266470
v -4.99764197 -3.69229573 7.58511803
v -4.99764197 -3.63813109 7.58511804
v -4.99776308 -3.63813104 7.33266470
v -4.83541720 -3.69229617 7.33278366
v -4.99776308 -3.69229617 7.33266470
v -4.99776308 -3.63813104 7.33266470
v -4.83541720 -3.63813104 7.33278368
v -4.83535664 -3.69229573 7.58519742
v -4.83541720 -3.69229617 7.33278366
v -4.83541720 -3.63813104 7.33278368
v -4.83535664 -3.63813109 7.58519743
v 4.76759854 -3.80871049 6.56249687
v 4.18555364 -3.80871049 6.56259593
v 4.18555364 -3.36095945 6.56259602
v 4.76759854 -3.36095945 6.56249694
v 4.18555364 -3.80882944 7.85616765
v 4.76759854 -3.80882944 7.85624681
v 4.76759854 -3.36095966 7.85624688
v 4.18555364 -3.36095966 7.85616773
v 4.18555364 -3.80871049 6.56259593
v 4.76759854 -3.80871049 6.56249687
v 4.76738075 -3.80892847 6.93417082
v 4.18511802 -3.80892847 6.93430946
v 4.18555364 -3.36095966 7.85616773
v 4.76759854 -3.36095966 7.85624688
v 4.76759854 -3.36095945 6.56249694
v 4.18555364 -3.36095945 6.56259602
v 4.76759854 -3.80882944 7.85624681
v 4.18555364 -3.80882944 7.85616765
v 4.18511802 -3.80882938 7.48445400
v 4.76738075 -3.80882938 7.48457299
v 4.76759854 -3.48848098 6.65797964
v 4.76759854 -3.68532746 6.65797961
v 4.76759854 -3.80871049 6.56249687
v 4.76759854 -3.36095945 6.56249694
v 4.76738075 -3.80892847 6.93417082
v 4.76759854 -3.80871049 6.56249687
v 4.76759854 -3.68532746 6.65797961
v 4.76738075 -3.68532751 6.93417084
v 4.76738075 -3.68532751 6.93417084
v 4.18511802 -3.68532751 6.93430948
v 4.18511802 -3.80892847 6.93430946
v 4.76738075 -3.80892847 6.93417082
v 4.18511802 -3.68532751 6.93430948
v 4.18555364 -3.68532746 6.65797961
v 4.18555364 -3.80871049 6.56259593
v 4.18511802 -3.80892847 6.93430946
v 4.18555364 -3.68532746 6.65797961
v 4.18555364 -3.48848098 6.65797964
v 4.18555364 -3.36095945 6.56259602
v 4.18555364 -3.80871049 6.56259593
v 4.18555364 -3.48848116 7.76076403
v 4.18555364 -3.36095966 7.85616773
v 4.18555364 -3.80882944 7.85616765
v 4.18555364 -3.68532764 7.76076399
v 4.18511802 -3.80882938 7.48445400
v 4.18555364 -3.80882944 7.85616765
v 4.18555364 -3.68532764 7.76076399
v 4.18511802 -3.68532760 7.48445403
v 4.76738075 -3.68532760 7.48457301
v 4.76738075 -3.80882938 7.48457299
v 4.18511802 -3.80882938 7.48445400
v 4.18511802 -3.68532760 7.48445403
v 4.76759854 -3.80882944 7.85624681
v 4.76738075 -3.80882938 7.48457299
v 4.76738075 -3.68532760 7.48457301
v 4.76759854 -3.68532764 7.76076399
v 4.76759854 -3.36095966 7.85624688
v 4.76759854 -3.80882944 7.85624681
v 4.76759854 -3.68532764 7.76076399
v 4.76759854 -3.48848116 7.76076403
v 5.32213593 -3.77105572 7.20917547
v 5.37126351 -3.75442222 7.29424274
v 5.32213593 -3.75442223 7.30741083
v 5.40720272 -3.75442222 7.25830304
v 5.42037106 -3.75442221 7.20917547
v 5.40720272 -3.75442220 7.16006768
v 5.37126351 -3.75442220 7.12410832
v 5.32213593 -3.75442219 7.11094022
v 5.27302838 -3.75442220 7.12410832
v 5.23706866 -3.75442220 7.16006768
v 5.22390080 -3.75442221 7.20917547
v 5.23706866 -3.75442222 7.25830304
v 5.27302838 -3.75442222 7.29424274
v -5.26639318 -3.77105620 7.20917452
v -5.26639318 -3.75442270 7.30740988
v -5.31552076 -3.75442270 7.29424179
v -5.35145902 -3.75442270 7.25830209
v -5.36462736 -3.75442269 7.20917452
v -5.35145902 -3.75442268 7.16006673
v -5.31552076 -3.75442267 7.12410737
v -5.26639318 -3.75442267 7.11093927
v -5.21728468 -3.75442267 7.12410737
v -5.18132543 -3.75442268 7.16006673
v -5.16815710 -3.75442269 7.20917452
v -5.18132543 -3.75442270 7.25830209
v -5.21728468 -3.75442270 7.29424179
v 5.40720272 -3.70895820 7.35651840
v 5.32213593 -3.70895820 7.37932957
v 5.46949864 -3.70895819 7.29424274
v 5.49229002 -3.70895817 7.20917547
v 5.46949864 -3.70895816 7.12410821
v 5.40722275 -3.70895815 7.06183256
v 5.32213593 -3.70895814 7.03904105
v 5.23706866 -3.70895815 7.06183256
v 5.17479277 -3.70895816 7.12410821
v 5.15200138 -3.70895817 7.20917547
v 5.17479277 -3.70895819 7.29424274
v 5.23706866 -3.70895820 7.35651840
v 5.42037106 -3.64688068 7.37932958
v 5.32213593 -3.64688068 7.40564575
v 5.49229002 -3.64688067 7.30741086
v 5.51860619 -3.64688065 7.20917549
v 5.49229002 -3.64688063 7.11094011
v 5.42037106 -3.64688062 7.03904107
v 5.32213593 -3.64688062 7.01270510
v 5.22390080 -3.64688062 7.03904107
v 5.15200138 -3.64688063 7.11094011
v 5.12568522 -3.64688065 7.20917549
v 5.15200138 -3.64688067 7.30741086
v 5.22390080 -3.64688068 7.37932958
v -5.35145902 -3.70895820 7.35651745
v -5.26639318 -3.70895820 7.37932885
v -5.41375494 -3.70895819 7.29424179
v -5.43654680 -3.70895817 7.20917477
v -5.41375494 -3.70895816 7.12410750
v -5.35148000 -3.70895815 7.06183185
v -5.26639318 -3.70895814 7.03904034
v -5.18132543 -3.70895815 7.06183185
v -5.11904955 -3.70895816 7.12410750
v -5.09625768 -3.70895817 7.20917477
v -5.11904955 -3.70895819 7.29424179
v -5.18132543 -3.70895820 7.35651745
v -5.36462736 -3.64688068 7.37932887
v -5.26639318 -3.64688068 7.40564504
v -5.43654680 -3.64688067 7.30740991
v -5.46286344 -3.64688065 7.20917478
v -5.43654680 -3.64688063 7.11093940
v -5.36462736 -3.64688062 7.03904035
v -5.26639318 -3.64688062 7.01270428
v -5.16815710 -3.64688062 7.03904035
v -5.09625768 -3.64688063 7.11093940
v -5.06994199 -3.64688065 7.20917478
v -5.09625768 -3.64688067 7.30740991
v -5.16815710 -3.64688068 7.37932887
v 9.93613100 -0.10634651 7.11176916
v 9.93613100 -0.23990753 7.11176914
v 9.93613100 -0.14545453 7.01731621
v 9.93613100 -0.23990762 6.97818840
v 9.93613100 -0.33436061 7.01731636
v 9.93613100 -0.37348845 7.11176932
v 9.93613100 -0.33436064 7.20622249
v 9.93613100 -0.23990755 7.24535012
v 9.93613100 -0.14545433 7.20622233
v 9.93613100 -0.10634651 7.11176916
v 7.12709093 -0.10634651 7.11176916
v 7.12709093 -0.14545433 7.20622233
v 9.93613100 -0.14545433 7.20622233
v 7.12709093 -0.23990755 7.24535012
v 9.93613100 -0.23990755 7.24535012
v 7.12709093 -0.33436064 7.20622249
v 9.93613100 -0.33436064 7.20622249
v 7.12709093 -0.37348845 7.11176932
v 9.93613100 -0.37348845 7.11176932
v 7.12709093 -0.33436061 7.01731636
v 9.93613100 -0.33436061 7.01731636
v 7.12709093 -0.23990762 6.97818840
v 9.93613100 -0.23990762 6.97818840
v 9.93613100 -0.23990762 6.97818840
v 7.12709093 -0.23990762 6.97818840
v 7.12709093 -0.14545453 7.01731621
v 9.93613100 -0.14545453 7.01731621
v 8.37545061 -0.31245848 7.28925169
v 8.37545061 -0.23733165 7.10788967
v 8.37545061 -0.37615989 7.24669825
v 8.37545061 -0.41871331 7.18301664
v 8.37545061 -0.43366345 7.10788975
v 8.37545061 -0.41871334 7.03276310
v 8.37545061 -0.37615995 6.96906172
v 8.37545061 -0.31245855 6.92650819
v 8.37545061 -0.23733171 6.91155792
v 8.37545061 -0.16220486 6.92650821
v 8.37545061 -0.09852326 6.96906164
v 8.37545061 -0.05596982 7.03276305
v 8.37545061 -0.04101967 7.10788969
v 8.37545061 -0.05596978 7.18301646
v 8.37545061 -0.09852319 7.24669806
v 8.37545061 -0.16220477 7.28925147
v 8.37545061 -0.23733162 7.30420197
v 8.96373415 -0.23733153 7.63803519
v 8.96381235 -0.23733165 7.10788967
v 8.96373415 -0.03446527 7.59767954
v 8.96373415 0.13755021 7.48277159
v 8.96373415 0.25245828 7.31077573
v 8.96373415 0.29281370 7.10788951
v 8.96373415 0.25245822 6.90500363
v 8.96373415 0.13755003 6.73300787
v 8.96373415 -0.03446549 6.61808019
v 8.96373415 -0.23733177 6.57772470
v 8.96373415 -0.44021786 6.61808023
v 8.96373415 -0.61221359 6.73300798
v 8.96373415 -0.72714141 6.90500384
v 8.96373415 -0.76749679 7.10788982
v 8.96373415 -0.72714132 7.31077580
v 8.96373415 -0.61221342 7.48277171
v 8.96373415 -0.44021763 7.59767972
v 8.74924326 -0.03446527 7.59767954
v 8.74924326 -0.23733153 7.63803519
v 8.96373415 -0.23733153 7.63803519
v 8.96373415 -0.03446527 7.59767954
v 8.74924326 0.13755021 7.48277159
v 8.96373415 0.13755021 7.48277159
v 8.96373415 0.25245828 7.31077573
v 8.74924326 0.25245828 7.31077573
v 8.96373415 0.29281370 7.10788951
v 8.74924326 0.29281370 7.10788951
v 8.96373415 0.25245822 6.90500363
v 8.74924326 0.25245822 6.90500363
v 8.74924326 0.13755003 6.73300787
v 8.96373415 0.13755003 6.73300787
v 8.96373415 -0.03446549 6.61808019
v 8.74924326 -0.03446549 6.61808019
v 8.74924326 0.13755003 6.73300787
v 8.96373415 0.13755003 6.73300787
v 8.96373415 -0.23733177 6.57772470
v 8.74924326 -0.23733177 6.57772470
v 8.74924326 -0.44021786 6.61808023
v 8.96373415 -0.44021786 6.61808023
v 8.96373415 -0.61221359 6.73300798
v 8.74924326 -0.61221359 6.73300798
v 8.96373415 -0.72714141 6.90500384
v 8.74924326 -0.72714141 6.90500384
v 8.96373415 -0.76749679 7.10788982
v 8.74924326 -0.76749679 7.10788982
v 8.96373415 -0.72714132 7.31077580
v 8.74924326 -0.72714132 7.31077580
v 8.74924326 -0.61221342 7.48277171
v 8.96373415 -0.61221342 7.48277171
v 8.96373415 -0.44021763 7.59767972
v 8.74924326 -0.44021763 7.59767972
v 8.74928332 -0.23733163 7.32188453
v 8.74924326 -0.23733153 7.63803519
v 8.74924326 -0.03446527 7.59767954
v 8.74928332 -0.15545246 7.30558792
v 8.74928332 -0.31923058 7.30558813
v 8.74924326 -0.44021763 7.59767972
v 8.74928332 -0.38865462 7.25921283
v 8.74924326 -0.61221342 7.48277171
v 8.74928332 -0.43504954 7.18976913
v 8.74924326 -0.72714132 7.31077580
v 8.74928332 -0.45134618 7.10788975
v 8.74924326 -0.76749679 7.10788982
v 8.74928332 -0.43504958 7.02599083
v 8.74924326 -0.72714141 6.90500384
v 8.74928332 -0.38865469 6.95656691
v 8.74924326 -0.61221359 6.73300798
v 8.74928332 -0.31923068 6.91017186
v 8.74924326 -0.44021786 6.61808023
v 8.74928332 -0.23733171 6.89387514
v 8.74924326 -0.23733177 6.57772470
v 8.74928332 -0.15545254 6.91017190
v 8.74924326 -0.03446549 6.61808019
v 8.74928332 -0.08600870 6.95656684
v 8.74924326 0.13755003 6.73300787
v 8.74928332 -0.03963358 7.02599077
v 8.74924326 0.25245822 6.90500363
v 8.74928332 -0.02333697 7.10788958
v 8.74924326 0.29281370 7.10788951
v 8.74924326 0.25245828 7.31077573
v 8.74928332 -0.03963355 7.18976895
v 8.74928332 -0.08600863 7.25921265
v 8.74924326 0.13755021 7.48277159
v 8.74928332 -0.15545246 7.30558792
v 8.37545061 -0.16220477 7.28925147
v 8.37545061 -0.23733162 7.30420197
v 8.74928332 -0.23733163 7.32188453
v 8.37545061 -0.31245848 7.28925169
v 8.74928332 -0.31923058 7.30558813
v 8.37545061 -0.37615989 7.24669825
v 8.74928332 -0.38865462 7.25921283
v 8.37545061 -0.41871331 7.18301664
v 8.74928332 -0.43504954 7.18976913
v 8.37545061 -0.43366345 7.10788975
v 8.74928332 -0.45134618 7.10788975
v 8.37545061 -0.41871334 7.03276310
v 8.74928332 -0.43504958 7.02599083
v 8.37545061 -0.37615995 6.96906172
v 8.74928332 -0.38865469 6.95656691
v 8.74928332 -0.31923068 6.91017186
v 8.37545061 -0.31245855 6.92650819
v 8.74928332 -0.23733171 6.89387514
v 8.37545061 -0.23733171 6.91155792
v 8.37545061 -0.16220486 6.92650821
v 8.74928332 -0.15545254 6.91017190
v 8.74928332 -0.23733171 6.89387514
v 8.37545061 -0.23733171 6.91155792
v 8.74928332 -0.08600870 6.95656684
v 8.37545061 -0.09852326 6.96906164
v 8.37545061 -0.05596982 7.03276305
v 8.74928332 -0.03963358 7.02599077
v 8.37545061 -0.04101967 7.10788969
v 8.74928332 -0.02333697 7.10788958
v 8.37545061 -0.05596978 7.18301646
v 8.74928332 -0.03963355 7.18976895
v 8.74928332 -0.08600863 7.25921265
v 8.37545061 -0.09852319 7.24669806
v -8.31970930 -0.31245842 7.28925169
v -8.31970930 -0.37615982 7.24669825
v -8.31970930 -0.23733153 7.10788978
v -8.31970930 -0.41871321 7.18301664
v -8.31970930 -0.43366333 7.10788975
v -8.31970930 -0.41871319 7.03276310
v -8.31970930 -0.37615977 6.96906172
v -8.31970930 -0.31245836 6.92650831
v -8.31970930 -0.23733150 6.91155805
v -8.31970930 -0.16220465 6.92650832
v -8.31970930 -0.09852308 6.96906177
v -8.31970930 -0.05596967 7.03276317
v -8.31970930 -0.04101955 7.10788982
v -8.31970930 -0.05596969 7.18301670
v -8.31970930 -0.09852313 7.24669830
v -8.31970930 -0.16220471 7.28925171
v -8.31970930 -0.23733156 7.30420197
v -8.90799284 -0.23733162 7.63803519
v -8.90799284 -0.03446533 7.59767977
v -8.90807104 -0.23733153 7.10788978
v -8.90799284 0.13755021 7.48277183
v -8.90799284 0.25245834 7.31077597
v -8.90799284 0.29281381 7.10788987
v -8.90799284 0.25245840 6.90500387
v -8.90799284 0.13755033 6.73300810
v -8.90799284 -0.03446517 6.61808030
v -8.90799284 -0.23733145 6.57772483
v -8.90799284 -0.44021754 6.61808023
v -8.90799284 -0.61221331 6.73300798
v -8.90799284 -0.72714121 6.90500372
v -8.90799284 -0.76749667 7.10788969
v -8.90799284 -0.72714127 7.31077580
v -8.90799284 -0.61221343 7.48277171
v -8.90799284 -0.44021769 7.59767972
v -8.69350195 -0.03446533 7.59767977
v -8.90799284 -0.03446533 7.59767977
v -8.90799284 -0.23733162 7.63803519
v -8.69350195 -0.23733162 7.63803519
v -8.69350195 0.13755021 7.48277183
v -8.90799284 0.13755021 7.48277183
v -8.90799284 0.25245834 7.31077597
v -8.69350195 0.25245834 7.31077597
v -8.69350195 0.29281381 7.10788987
v -8.90799284 0.29281381 7.10788987
v -8.69350195 0.25245840 6.90500387
v -8.90799284 0.25245840 6.90500387
v -8.69350195 0.13755033 6.73300810
v -8.90799284 0.13755033 6.73300810
v -8.90799284 -0.03446517 6.61808030
v -8.90799284 0.13755033 6.73300810
v -8.69350195 0.13755033 6.73300810
v -8.69350195 -0.03446517 6.61808030
v -8.69350195 -0.23733145 6.57772483
v -8.90799284 -0.23733145 6.57772483
v -8.69350195 -0.44021754 6.61808023
v -8.90799284 -0.44021754 6.61808023
v -8.90799284 -0.61221331 6.73300798
v -8.69350195 -0.61221331 6.73300798
v -8.69350195 -0.72714121 6.90500372
v -8.90799284 -0.72714121 6.90500372
v -8.90799284 -0.76749667 7.10788969
v -8.69350195 -0.76749667 7.10788969
v -8.69350195 -0.72714127 7.31077580
v -8.90799284 -0.72714127 7.31077580
v -8.69350195 -0.61221343 7.48277171
v -8.90799284 -0.61221343 7.48277171
v -8.90799284 -0.44021769 7.59767972
v -8.69350195 -0.44021769 7.59767972
v -8.69354200 -0.23733157 7.32188453
v -8.69354200 -0.15545240 7.30558815
v -8.69350195 -0.03446533 7.59767977
v -8.69350195 -0.23733162 7.63803519
v -8.69350195 -0.44021769 7.59767972
v -8.69354200 -0.31923054 7.30558813
v -8.69350195 -0.61221343 7.48277171
v -8.69354200 -0.38865456 7.25921283
v -8.69350195 -0.72714127 7.31077580
v -8.69354200 -0.43504944 7.18976913
v -8.69350195 -0.76749667 7.10788969
v -8.69354200 -0.45134606 7.10788975
v -8.69354200 -0.43504942 7.02599083
v -8.69350195 -0.72714121 6.90500372
v -8.69350195 -0.61221331 6.73300798
v -8.69354200 -0.38865451 6.95656691
v -8.69350195 -0.44021754 6.61808023
v -8.69354200 -0.31923047 6.91017199
v -8.69350195 -0.23733145 6.57772483
v -8.69354200 -0.23733150 6.89387526
v -8.69350195 -0.03446517 6.61808030
v -8.69354200 -0.15545233 6.91017201
v -8.69350195 0.13755033 6.73300810
v -8.69354200 -0.08600852 6.95656697
v -8.69350195 0.25245840 6.90500387
v -8.69354200 -0.03963343 7.02599088
v -8.69354200 -0.02333685 7.10788982
v -8.69350195 0.29281381 7.10788987
v -8.69350195 0.25245834 7.31077597
v -8.69354200 -0.03963346 7.18976919
v -8.69350195 0.13755021 7.48277183
v -8.69354200 -0.08600857 7.25921289
v -8.69354200 -0.15545240 7.30558815
v -8.69354200 -0.23733157 7.32188453
v -8.31970930 -0.23733156 7.30420197
v -8.31970930 -0.16220471 7.28925171
v -8.31970930 -0.31245842 7.28925169
v -8.69354200 -0.31923054 7.30558813
v -8.31970930 -0.37615982 7.24669825
v -8.69354200 -0.38865456 7.25921283
v -8.69354200 -0.43504944 7.18976913
v -8.31970930 -0.41871321 7.18301664
v -8.69354200 -0.45134606 7.10788975
v -8.31970930 -0.43366333 7.10788975
v -8.69354200 -0.43504942 7.02599083
v -8.31970930 -0.41871319 7.03276310
v -8.69354200 -0.38865451 6.95656691
v -8.31970930 -0.37615977 6.96906172
v -8.69354200 -0.31923047 6.91017199
v -8.31970930 -0.31245836 6.92650831
v -8.69354200 -0.23733150 6.89387526
v -8.31970930 -0.23733150 6.91155805
v -8.31970930 -0.16220465 6.92650832
v -8.31970930 -0.23733150 6.91155805
v -8.69354200 -0.23733150 6.89387526
v -8.69354200 -0.15545233 6.91017201
v -8.69354200 -0.08600852 6.95656697
v -8.31970930 -0.09852308 6.96906177
v -8.31970930 -0.05596967 7.03276317
v -8.69354200 -0.03963343 7.02599088
v -8.69354200 -0.02333685 7.10788982
v -8.31970930 -0.04101955 7.10788982
v -8.69354200 -0.03963346 7.18976919
v -8.31970930 -0.05596969 7.18301670
v -8.69354200 -0.08600857 7.25921289
v -8.31970930 -0.09852313 7.24669830
v -9.88038819 -0.11650491 7.06066219
v -9.88038819 -0.23990751 7.11176971
v -9.88038819 -0.11650492 7.16287750
v -9.88038819 -0.18879997 6.98836697
v -9.88038819 -0.29103516 6.98836696
v -9.88038819 -0.36333036 7.06066214
v -9.88038819 -0.36333038 7.16287746
v -9.88038819 -0.29103520 7.23517268
v -9.88038819 -0.18880001 7.23517270
v -9.88038819 -0.11650492 7.16287750
v -7.07134812 -0.11650492 7.16287750
v -7.07134812 -0.11650491 7.06066219
v -9.88038819 -0.11650491 7.06066219
v -9.88038819 -0.18880001 7.23517270
v -7.07134812 -0.18880001 7.23517270
v -9.88038819 -0.29103520 7.23517268
v -7.07134812 -0.29103520 7.23517268
v -9.88038819 -0.36333038 7.16287746
v -7.07134812 -0.36333038 7.16287746
v -9.88038819 -0.36333036 7.06066214
v -7.07134812 -0.36333036 7.06066214
v -9.88038819 -0.29103516 6.98836696
v -7.07134812 -0.29103516 6.98836696
v -9.88038819 -0.18879997 6.98836697
v -7.07134812 -0.18879997 6.98836697
v -7.07134812 -0.18879997 6.98836697
v -9.88038819 -0.18879997 6.98836697
v -4.90543215 -0.45162517 6.68661088
v -7.10422938 -0.45124908 6.82815187
v -7.02244894 -0.45124906 6.68627428
v -7.18919747 -0.45124912 7.05398789
v -7.18919747 -0.45124916 7.27695274
v -7.10424893 -0.45124919 7.48948201
v -7.03860705 -0.03397209 6.72167943
v -7.10422938 -0.03397211 6.82815194
v -4.90547220 -0.03397209 6.72320411
v -7.10424893 -0.03397221 7.48948208
v -7.18919747 -0.03397218 7.27695281
v -7.18919747 -0.03397214 7.05398796
v 7.07819135 -0.45124906 6.68627428
v 7.15997179 -0.45124908 6.82815187
v 4.96117456 -0.45162517 6.68661088
v 7.24493988 -0.45124912 7.05398789
v 7.24493988 -0.45124916 7.27695274
v 7.15999134 -0.45124919 7.48948201
v 7.09434946 -0.03397209 6.72167943
v 4.96121414 -0.03397209 6.72320411
v 7.15997179 -0.03397211 6.82815194
v 7.15999134 -0.03397221 7.48948208
v 7.24493988 -0.03397218 7.27695281
v 7.24493988 -0.03397214 7.05398796
v -4.90547220 -0.03397209 6.72320411
v -4.90543215 -0.45162517 6.68661088
v -7.02244894 -0.45124906 6.68627428
v -7.03860705 -0.03397209 6.72167943
v -7.03860705 -0.45124921 7.59597441
v -4.90618555 -0.45124921 7.59431109
v -4.90618555 -0.03397223 7.59431115
v -7.03860705 -0.03397223 7.59597448
v -0.23380561 -0.45162506 6.01458781
v -0.52746163 -0.45162508 6.15678233
v -0.52748130 -0.03397200 6.19339538
v -0.23378561 -0.03397198 6.05120099
v -0.23333012 -0.03397258 9.74077296
v -0.52771889 -0.03397249 9.17213357
v -0.52771889 -0.45124947 9.17213350
v -0.23333012 -0.45124956 9.74077289
v -0.52771889 -0.45124947 9.17213350
v -0.52746163 -0.45162508 6.15678233
v -0.23380561 -0.45162506 6.01458781
v -0.23333012 -0.45124956 9.74077289
v -0.85438405 -0.45162511 6.33519387
v -1.13095145 -0.45162513 6.45443839
v -1.13095145 -0.03397205 6.49105150
v -0.85436444 -0.03397203 6.37178707
v -1.13065462 -0.03397237 8.45270587
v -1.13065462 -0.45124935 8.45270580
v -0.85402791 -0.45124940 8.77610378
v -0.85402791 -0.03397242 8.77610385
v -0.85402791 -0.45124940 8.77610378
v -1.13065462 -0.45124935 8.45270580
v -1.13095145 -0.45162513 6.45443839
v -0.85438405 -0.45162511 6.33519387
v -1.48135857 -0.45162514 6.54435700
v -1.81675653 -0.45162515 6.61225622
v -1.81675653 -0.03397208 6.64884949
v -1.48135857 -0.03397207 6.58095027
v -1.81703381 -0.03397231 8.05467611
v -1.81703381 -0.45124928 8.05467604
v -1.48106174 -0.45124931 8.21160275
v -1.48106174 -0.03397233 8.21160281
v -1.48106174 -0.45124931 8.21160275
v -1.81703381 -0.45124928 8.05467604
v -1.81675653 -0.45162515 6.61225622
v -1.48135857 -0.45162514 6.54435700
v -3.46267597 -0.45162517 6.69868976
v -3.46263687 -0.03397209 6.73530284
v -2.22577564 -0.03397208 6.69825418
v -2.22577564 -0.45162516 6.66164118
v -2.22617213 -0.03397228 7.91345174
v -3.46222059 -0.03397224 7.68036837
v -3.46222059 -0.45124922 7.68036830
v -2.22617213 -0.45124926 7.91345166
v -2.22577564 -0.45162516 6.66164118
v -2.22617213 -0.45124926 7.91345166
v -3.46222059 -0.45124922 7.68036830
v -3.46267597 -0.45162517 6.69868976
v -4.90618555 -0.45124921 7.59431109
v 0.02787121 -0.03397198 6.05086435
v 0.02787121 -0.45162506 6.01425128
v 0.02787121 -0.03397259 9.82176090
v -0.23333012 -0.03397258 9.74077296
v -0.23333012 -0.45124956 9.74077289
v 0.02787121 -0.45124957 9.82176082
v 0.02787121 -0.45162506 6.01425128
v 0.02787121 -0.45124957 9.82176082
v -0.85436444 -0.03397203 6.37178707
v -0.85402791 -0.03397242 8.77610385
v -0.52771889 -0.03397249 9.17213357
v -0.52748130 -0.03397200 6.19339538
v -1.48106174 -0.03397233 8.21160281
v -1.13065462 -0.03397237 8.45270587
v -1.13095145 -0.03397205 6.49105150
v -1.48135857 -0.03397207 6.58095027
v -1.81703381 -0.03397231 8.05467611
v -1.81675653 -0.03397208 6.64884949
v -2.22577564 -0.03397208 6.69825418
v -2.22617213 -0.03397228 7.91345174
v -7.03860705 -0.45124921 7.59597441
v -0.23333012 -0.03397258 9.74077296
v -0.23378561 -0.03397198 6.05120099
v -3.46263687 -0.03397209 6.73530284
v -3.46222059 -0.03397224 7.68036837
v -4.90618555 -0.03397223 7.59431115
v -7.03860705 -0.03397223 7.59597448
v 0.02787121 -0.03397259 9.82176090
v 0.02787121 -0.03397198 6.05086435
v -7.10424893 -0.03397221 7.48948208
v -7.10424893 -0.45124919 7.48948201
v -7.03860705 -0.45124921 7.59597441
v -7.03860705 -0.03397223 7.59597448
v -7.10422938 -0.03397211 6.82815194
v -7.03860705 -0.03397209 6.72167943
v -7.02244894 -0.45124906 6.68627428
v -7.10422938 -0.45124908 6.82815187
v -7.18919747 -0.03397218 7.27695281
v -7.18919747 -0.45124916 7.27695274
v -7.18919747 -0.45124912 7.05398789
v -7.18919747 -0.03397214 7.05398796
v -1.48106174 -0.03397233 8.21160281
v -1.48106174 -0.45124931 8.21160275
v 4.96121414 -0.03397209 6.72320411
v 7.09434946 -0.03397209 6.72167943
v 7.07819135 -0.45124906 6.68627428
v 4.96117456 -0.45162517 6.68661088
v 7.09434946 -0.45124921 7.59597441
v 7.09434946 -0.03397223 7.59597448
v 4.96192749 -0.03397223 7.59431115
v 4.96192749 -0.45124921 7.59431109
v 0.28952803 -0.03397198 6.05120099
v 0.58322371 -0.03397200 6.19339538
v 0.58320405 -0.45162508 6.15678233
v 0.28954802 -0.45162506 6.01458781
v 0.28907253 -0.45124956 9.74077289
v 0.58346130 -0.45124947 9.17213350
v 0.58346130 -0.03397249 9.17213357
v 0.28907253 -0.03397258 9.74077296
v 0.58320405 -0.45162508 6.15678233
v 0.58346130 -0.45124947 9.17213350
v 0.28907253 -0.45124956 9.74077289
v 0.28954802 -0.45162506 6.01458781
v 1.18669386 -0.45162513 6.45443839
v 0.91012646 -0.45162511 6.33519387
v 0.91010685 -0.03397203 6.37178707
v 1.18669386 -0.03397205 6.49105150
v 0.90977032 -0.45124940 8.77610378
v 1.18639703 -0.45124935 8.45270580
v 1.18639703 -0.03397237 8.45270587
v 0.90977032 -0.03397242 8.77610385
v 0.90977032 -0.45124940 8.77610378
v 0.91012646 -0.45162511 6.33519387
v 1.18669386 -0.45162513 6.45443839
v 1.18639703 -0.45124935 8.45270580
v 1.53710099 -0.03397207 6.58095027
v 1.87249882 -0.03397208 6.64884949
v 1.87249882 -0.45162515 6.61225622
v 1.53710099 -0.45162514 6.54435700
v 1.53680415 -0.45124931 8.21160275
v 1.87277599 -0.45124928 8.05467604
v 1.87277599 -0.03397231 8.05467611
v 1.53680415 -0.03397233 8.21160281
v 1.53710099 -0.45162514 6.54435700
v 1.87249882 -0.45162515 6.61225622
v 1.87277599 -0.45124928 8.05467604
v 1.53680415 -0.45124931 8.21160275
v 2.28151829 -0.03397208 6.69825418
v 3.51837881 -0.03397209 6.73530284
v 3.51841839 -0.45162517 6.69868976
v 2.28151829 -0.45162516 6.66164118
v 2.28191431 -0.45124926 7.91345166
v 3.51796301 -0.45124922 7.68036830
v 3.51796301 -0.03397224 7.68036837
v 2.28191431 -0.03397228 7.91345174
v 2.28151829 -0.45162516 6.66164118
v 3.51841839 -0.45162517 6.69868976
v 3.51796301 -0.45124922 7.68036830
v 2.28191431 -0.45124926 7.91345166
v 4.96192749 -0.45124921 7.59431109
v 0.02787121 -0.03397198 6.05086435
v 0.02787121 -0.45162506 6.01425128
v 0.02787121 -0.45124957 9.82176082
v 0.28907253 -0.45124956 9.74077289
v 0.28907253 -0.03397258 9.74077296
v 0.02787121 -0.03397259 9.82176090
v 0.58346130 -0.03397249 9.17213357
v 0.90977032 -0.03397242 8.77610385
v 0.91010685 -0.03397203 6.37178707
v 0.58322371 -0.03397200 6.19339538
v 2.28191431 -0.03397228 7.91345174
v 2.28151829 -0.03397208 6.69825418
v 1.87249882 -0.03397208 6.64884949
v 1.87277599 -0.03397231 8.05467611
v 7.09434946 -0.45124921 7.59597441
v 7.07819135 -0.45124906 6.68627428
v 7.09434946 -0.03397209 6.72167943
v 7.15997179 -0.03397211 6.82815194
v 7.15997179 -0.45124908 6.82815187
v 0.28952803 -0.03397198 6.05120099
v 0.28907253 -0.03397258 9.74077296
v 1.18639703 -0.03397237 8.45270587
v 1.18669386 -0.03397205 6.49105150
v 1.53680415 -0.03397233 8.21160281
v 1.53710099 -0.03397207 6.58095027
v 3.51796301 -0.03397224 7.68036837
v 3.51837881 -0.03397209 6.73530284
v 4.96192749 -0.03397223 7.59431115
v 7.09434946 -0.03397223 7.59597448
v 7.15999134 -0.03397221 7.48948208
v 7.09434946 -0.03397223 7.59597448
v 7.09434946 -0.45124921 7.59597441
v 7.15999134 -0.45124919 7.48948201
v 7.24493988 -0.45124916 7.27695274
v 7.24493988 -0.03397218 7.27695281
v 7.24493988 -0.45124912 7.05398789
v 7.24493988 -0.03397214 7.05398796
v -1.77155976 1.55890880 14.53597648
v -1.27844326 0.88110382 13.89678509
v -0.90265070 1.88757382 14.84590949
v 0.00000007 2.01232318 14.96355034
v 1.27844341 0.88110382 13.89678509
v 0.90265085 1.88757382 14.84590949
v -0.96447091 0.85858957 13.87555780
v 0.96447106 0.85858957 13.87555780
v -0.47335447 0.62204096 13.65247381
v -0.58859913 0.72589973 13.75041164
v 0.47335462 0.62204096 13.65247381
v 0.58859928 0.72589973 13.75041164
v 0.00000007 2.11329100 14.85648311
v -1.27844326 0.98207164 13.78971790
v -0.90265070 1.98854158 14.73884231
v 1.77155991 1.65987659 14.42890927
v 1.27844341 0.98207164 13.78971790
v 0.90265085 1.98854158 14.73884231
v -0.96447091 0.95955736 13.76849059
v 0.96447106 0.95955736 13.76849059
v -0.47335447 0.72300879 13.54540659
v -0.58859913 0.82686756 13.64334597
v 0.47335462 0.72300879 13.54540659
v 0.58859928 0.82686756 13.64334597
v -0.74592196 0.81573913 13.83514262
v 0.74592210 0.81573913 13.83514262
v -0.74592196 0.91670693 13.72807546
v 0.74592210 0.91670693 13.72807546
v 0.00000007 0.73283032 13.55467493
v -1.77155976 1.65987659 14.42890927
v 0.00000007 0.63186256 13.66174061
v 1.77155991 1.55890880 14.53597648
v -1.77155976 1.65987659 14.42890927
v -1.27844326 0.98207164 13.78971790
v -1.27844326 0.88110382 13.89678509
v -1.77155976 1.55890880 14.53597648
v -1.77155976 1.55890880 14.53597648
v -0.90265070 1.88757382 14.84590949
v -0.90265070 1.98854158 14.73884231
v -1.77155976 1.65987659 14.42890927
v 1.27844341 0.88110382 13.89678509
v 1.27844341 0.98207164 13.78971790
v 1.77155991 1.65987659 14.42890927
v 1.77155991 1.55890880 14.53597648
v 0.90265085 1.98854158 14.73884231
v 0.90265085 1.88757382 14.84590949
v 1.77155991 1.55890880 14.53597648
v 1.77155991 1.65987659 14.42890927
v -1.27844326 0.88110382 13.89678509
v -1.27844326 0.98207164 13.78971790
v -0.96447091 0.95955736 13.76849059
v -0.96447091 0.85858957 13.87555780
v 0.96447106 0.95955736 13.76849059
v 1.27844341 0.98207164 13.78971790
v 1.27844341 0.88110382 13.89678509
v 0.96447106 0.85858957 13.87555780
v 0.00000007 2.01232318 14.96355034
v 0.00000007 2.11329100 14.85648311
v 0.00000007 0.63186256 13.66174061
v -0.47335447 0.62204096 13.65247381
v -0.47335447 0.72300879 13.54540659
v 0.00000007 0.73283032 13.55467493
v -0.47335447 0.72300879 13.54540659
v -0.47335447 0.62204096 13.65247381
v -0.58859913 0.72589973 13.75041164
v -0.58859913 0.82686756 13.64334597
v 0.47335462 0.72300879 13.54540659
v 0.47335462 0.62204096 13.65247381
v 0.58859928 0.72589973 13.75041164
v 0.47335462 0.62204096 13.65247381
v 0.47335462 0.72300879 13.54540659
v 0.58859928 0.82686756 13.64334597
v -0.74592196 0.91670693 13.72807546
v -0.74592196 0.81573913 13.83514262
v 0.74592210 0.81573913 13.83514262
v 0.74592210 0.91670693 13.72807546
v -0.21350019 1.94426536 7.98740406
v -0.51755194 1.94426459 6.79398818
v -0.56994681 1.94426459 6.97245906
v 0.21349920 1.94426498 7.98740406
v 0.56994624 1.94426421 6.97245906
v 0.51755096 1.94426421 6.79398818
v -0.21357951 1.80749638 7.98744370
v -0.57002579 1.80749562 6.97245906
v -0.51844291 1.80751526 6.79390902
v 0.51842268 1.80751488 6.79390902
v 0.57002552 1.80749524 6.97245906
v 0.21357852 1.80749600 7.98744370
v -0.74946617 -2.42751390 4.45947891
v 0.00033697 -2.42745520 7.96974855
v -0.74946617 -2.42745473 7.96980745
v 0.00033697 -2.20233132 7.96974838
v 0.69315185 -2.20233179 8.19091069
v 0.75013973 -2.20233180 7.96980726
v -0.74946617 -2.20233132 7.96980726
v -0.69247751 -2.20233132 8.19091069
v -0.25163640 0.93067955 13.47493841
v 0.00033772 1.80259866 14.32186747
v 0.25231145 0.93067913 13.47493841
v -1.00874655 1.37276739 14.15797045
v -0.72132801 0.89547228 13.71845629
v -0.51677845 1.59899974 14.36630202
v 0.51745351 1.59899935 14.36630202
v 0.72200306 0.89547186 13.71845629
v 1.00942166 1.37276703 14.15797045
v 0.00033697 -2.20233179 8.48918087
v 0.24322213 -2.20233179 8.48920054
v -0.24254820 -2.20233179 8.48920054
v 0.51723523 1.71778834 14.23953249
v 0.72142900 1.04428028 13.58560851
v -0.72075354 1.04428064 13.58560851
v -0.51656054 1.71778873 14.23953249
v -0.39543481 0.86446326 13.69223930
v 0.00033772 1.68606672 14.44645788
v 0.39610989 0.86446290 13.69223930
v 0.39551617 1.01479601 13.55449965
v -0.39484109 1.01479643 13.55449965
v -0.25217120 0.77167373 13.60748866
v 0.75013973 -2.42745520 7.96980745
v 0.69315185 -2.42735602 8.19091088
v 0.24314283 -2.42719723 8.48920090
v 0.00033697 -2.42719723 8.48918123
v -0.24246889 -2.42719723 8.48920090
v -0.69247751 -2.42735554 8.19091088
v 0.75013973 -2.20221310 4.63163287
v 0.52238305 -2.42727686 8.34264988
v -0.52170949 -2.42727638 8.34264988
v 0.52238305 -2.20233132 8.34264952
v -0.52170949 -2.20233132 8.34264952
v 0.25284551 0.77167325 13.60748866
v 0.75013973 -2.42751437 4.45947891
v -0.74946617 -2.20221310 4.63163287
v 1.00904544 1.49739799 14.02555754
v -1.00837044 1.49741801 14.02555754
v 0.36609010 1.94422418 6.68601078
v 0.14144175 1.94410636 8.09660930
v 0.14150143 1.80749600 8.09660930
v 0.35755520 1.80713832 6.68610973
v -0.14150202 1.80749638 8.09660930
v -0.35757582 1.80713870 6.68610973
v 0.21349920 1.94426498 7.98740406
v 0.21357852 1.80749600 7.98744370
v 0.57002552 1.80749524 6.97245906
v 0.56994624 1.94426421 6.97245906
v 0.36609010 1.94422418 6.68601078
v 0.51755096 1.94426421 6.79398818
v 0.51842268 1.80751488 6.79390902
v 0.35755520 1.80713832 6.68610973
v 0.14144175 1.94410636 8.09660930
v 0.14150143 1.80749600 8.09660930
v -0.14150202 1.80749638 8.09660930
v -0.14144236 1.94410674 8.09660930
v -0.21350019 1.94426536 7.98740406
v -0.21357951 1.80749638 7.98744370
v -0.51844291 1.80751526 6.79390902
v -0.51755194 1.94426459 6.79398818
v -0.36611034 1.94422455 6.68601078
v -0.35757582 1.80713870 6.68610973
v -0.57002579 1.80749562 6.97245906
v -0.56994681 1.94426459 6.97245906
v 0.06079048 1.94422533 8.14195455
v 0.13585807 1.94424382 6.59351790
v 0.13251105 1.80713832 6.59373588
v 0.06082976 1.80749600 8.14203388
v 0.13251105 1.80713832 6.59373588
v 0.13585807 1.94424382 6.59351790
v 0.06079048 1.94422533 8.14195455
v 0.06082976 1.80749600 8.14203388
v -0.14144236 1.94410674 8.09660930
v -0.06081073 1.94422571 8.14195455
v -0.13587833 1.94424419 6.59351790
v -0.36611034 1.94422455 6.68601078
v -0.13251203 1.80713870 6.59373588
v -0.06085001 1.80749638 8.14203388
v -0.13251203 1.80713870 6.59373588
v -0.13587833 1.94424419 6.59351790
v -0.06085001 1.80749638 8.14203388
v -0.06081073 1.94422571 8.14195455
v -0.13587833 1.94424419 6.59351790
v -0.13251203 1.80713870 6.59373588
v 3.77976783 0.04921622 5.34864381
v 3.72206624 0.00610824 5.45119683
v 4.58059843 -0.06998936 6.27400736
v 4.65669592 -0.02919833 6.25315610
v 4.65669592 -0.47659305 6.25315647
v 3.77976783 -0.55500703 5.34864381
v 3.77976783 0.04921622 5.34864381
v 4.65669592 -0.02919833 6.25315610
v -0.67216079 1.67551261 3.95178725
v -0.63695352 1.48399240 4.17578222
v 0.63762857 1.48399201 4.17578222
v 0.67283548 1.67551224 3.95178725
v -0.63695352 1.48399240 4.17578222
v -0.89766006 0.48411637 4.17578247
v 0.89833440 0.48411602 4.17578247
v 0.63762857 1.48399201 4.17578222
v 1.02615304 -0.84260351 3.96137195
v -1.02547865 -0.84260351 3.96137195
v -1.02547865 0.33681303 3.96137168
v 1.02615304 0.33681267 3.96137168
v 0.89833440 0.48411602 4.17578247
v 0.94185783 0.48411601 3.95180728
v 0.67283548 1.67551224 3.95178725
v 0.63762857 1.48399201 4.17578222
v 1.86829026 -0.65078646 4.38045101
v 2.83693941 -0.58662992 4.87853675
v 2.83693941 0.08083887 4.87853673
v 1.86829026 0.14499563 4.38045075
v 2.87222560 0.12503583 4.76253941
v 1.89888342 0.18861836 4.24502852
v 1.86829026 0.14499563 4.38045075
v 2.83693941 0.08083887 4.87853673
v 0.99722321 0.30907076 4.17586115
v 1.02615304 0.33681267 3.96137168
v 1.12739785 0.25194341 3.99006345
v 1.12743790 0.19669741 4.19247463
v 4.65669592 -0.47659305 6.25315647
v 4.65669592 -0.02919833 6.25315610
v 4.58059843 -0.06998936 6.27400736
v 4.58059843 -0.43580202 6.27400759
v 0.99722321 0.30907076 4.17586115
v -0.99654888 0.30907112 4.17586115
v -0.99654888 -0.81486136 4.17586140
v 0.99722321 -0.81486136 4.17586140
v 1.12743790 0.19669741 4.19247463
v 1.12743790 -0.70248824 4.19247489
v -4.57992451 -0.43580107 6.27400759
v -3.72139208 -0.51189809 5.45119706
v -3.72139184 0.00610860 5.45119683
v -4.57992451 -0.06998817 6.27400736
v -3.72139184 0.00610860 5.45119683
v -3.77909319 0.04921658 5.34864381
v -4.65602200 -0.02919725 6.25315610
v -4.57992451 -0.06998817 6.27400736
v -0.63695352 1.48399240 4.17578222
v -0.67216079 1.67551261 3.95178725
v -0.94118355 0.48411637 3.95180728
v -0.89766006 0.48411637 4.17578247
v -2.87155120 0.12438244 4.76253941
v -2.83626501 0.08026523 4.87853673
v -1.86761598 0.13725346 4.38045075
v -1.89820950 0.17994565 4.24502852
v -2.83626501 -0.58605509 4.87853675
v -2.83626501 0.08026523 4.87853673
v -1.02547865 0.33681303 3.96137168
v -0.99654888 0.30907112 4.17586115
v -1.12672357 0.25194388 3.99006345
v -1.12676315 0.19669777 4.19247463
v -0.94118355 0.48411637 3.95180728
v 0.94185783 0.48411601 3.95180728
v -4.65602200 -0.47659234 6.25315647
v -4.57992451 -0.43580107 6.27400759
v -4.57992451 -0.06998817 6.27400736
v -4.65602200 -0.02919725 6.25315610
v -1.89820950 0.17994565 4.24502852
v -1.89820950 -0.68573576 4.24502878
v -2.87155120 -0.63017278 4.76253967
v -2.87155120 0.12438244 4.76253941
v -1.12672357 0.25194388 3.99006345
v -1.12672357 -0.75773389 3.99006395
v -1.12676315 0.19669777 4.19247463
v -1.12676315 -0.70248777 4.19247489
v -0.67216079 1.67551261 3.95178725
v 0.67283548 1.67551224 3.95178725
v 4.58059843 -0.43580202 6.27400759
v 4.58059843 -0.06998936 6.27400736
v 3.72206624 0.00610824 5.45119683
v 3.72206624 -0.51189880 5.45119706
v 3.72206624 -0.51189880 5.45119706
v 3.77976783 -0.55500703 5.34864381
v 4.65669592 -0.47659305 6.25315647
v 4.58059843 -0.43580202 6.27400759
v -0.67216115 -2.18130237 3.95178825
v 0.67283471 -2.18130285 3.95178825
v 0.63762785 -2.13779861 4.17578370
v -0.63695388 -2.13779861 4.17578370
v 0.63762785 -2.13779861 4.17578370
v 0.89833440 -0.98990661 4.17578320
v -0.89766006 -0.98990661 4.17578320
v -0.63695388 -2.13779861 4.17578370
v 0.67283471 -2.18130285 3.95178825
v 0.94185783 -0.98990661 3.95180802
v 0.89833440 -0.98990661 4.17578320
v 0.63762785 -2.13779861 4.17578370
v 2.83693941 -0.58662992 4.87853675
v 1.86829026 -0.65078646 4.38045101
v 1.89888342 -0.69440943 4.24502878
v 2.87222560 -0.63082653 4.76253967
v 1.02615304 -0.84260351 3.96137195
v 0.99722321 -0.81486136 4.17586140
v 1.12739785 -0.75773436 3.99006395
v 1.12743790 -0.70248824 4.19247489
v 1.89888342 -0.69440943 4.24502878
v 1.89888342 0.18861836 4.24502852
v 2.87222560 0.12503583 4.76253941
v 2.87222560 -0.63082653 4.76253967
v 1.12739785 0.25194341 3.99006345
v 1.12739785 -0.75773436 3.99006395
v -3.72139208 -0.51189809 5.45119706
v -4.57992451 -0.43580107 6.27400759
v -4.65602200 -0.47659234 6.25315647
v -3.77909319 -0.55500607 5.34864381
v -4.65602200 -0.02919725 6.25315610
v -3.77909319 0.04921658 5.34864381
v -3.77909319 -0.55500607 5.34864381
v -4.65602200 -0.47659234 6.25315647
v -0.63695388 -2.13779861 4.17578370
v -0.89766006 -0.98990661 4.17578320
v -0.94118355 -0.98990661 3.95180802
v -0.67216115 -2.18130237 3.95178825
v -1.86761598 -0.64304358 4.38045101
v -1.86761598 0.13725346 4.38045075
v -1.86761598 -0.64304358 4.38045101
v -2.83626501 -0.58605509 4.87853675
v -2.87155120 -0.63017278 4.76253967
v -1.89820950 -0.68573576 4.24502878
v -0.99654888 -0.81486136 4.17586140
v -1.02547865 -0.84260351 3.96137195
v -1.12676315 -0.70248777 4.19247489
v -1.12672357 -0.75773389 3.99006395
v 0.94185783 -0.98990661 3.95180802
v -0.94118355 -0.98990661 3.95180802
v 0.67283471 -2.18130285 3.95178825
v -0.67216115 -2.18130237 3.95178825
v -0.74946581 1.47591334 4.16728880
v 0.75014050 1.47591299 4.16728880
v 0.75013973 -2.15209562 4.16406065
v -0.74946617 -2.15209514 4.16406065
v -0.74946617 -1.92487341 4.37431318
v 0.75013973 -1.92487341 4.37431318
v 0.75014050 1.27405667 4.37108567
v -0.74946581 1.27405709 4.37108567
v 0.75013973 -2.15209562 4.16406065
v 0.75014050 1.47591299 4.16728880
v 0.75014050 1.27405667 4.37108567
v 0.75013973 -1.92487341 4.37431318
v -0.74946617 -1.92487341 4.37431318
v -0.74946581 1.27405709 4.37108567
v -0.74946581 1.47591334 4.16728880
v -0.74946617 -2.15209514 4.16406065
v -0.52170949 -2.42727638 8.34264988
v -0.24246889 -2.42719723 8.48920090
v -0.24254820 -2.20233179 8.48920054
v -0.52170949 -2.20233132 8.34264952
v 0.75013973 -2.42751437 4.45947891
v 0.75013973 -2.20221310 4.63163287
v 0.75013973 -2.20233180 7.96980726
v 0.75013973 -2.42745520 7.96980745
v -0.74946617 -2.20233132 7.96980726
v -0.74946617 -2.20221310 4.63163287
v -0.74946617 -2.42751390 4.45947891
v -0.74946617 -2.42745473 7.96980745
v -0.65271579 1.81883596 8.82639958
v 0.65339084 1.81883520 8.82639958
v 0.74915095 1.82847854 4.46078587
v -0.74847589 1.82847930 4.46078587
v -0.65271579 1.81883596 8.82639958
v -0.74847589 1.82847930 4.46078587
v -0.74841623 1.59462303 4.63020732
v -0.65271579 1.60367274 8.86643887
v 0.65339084 1.60367238 8.86643887
v -0.65271579 1.60367274 8.86643887
v -0.74841623 1.59462303 4.63020732
v 0.74909128 1.59462265 4.63020732
v 0.65339084 1.60367238 8.86643887
v 0.74909128 1.59462265 4.63020732
v 0.74915095 1.82847854 4.46078587
v 0.65339084 1.81883520 8.82639958
v 0.52238305 -2.20233132 8.34264952
v 0.24322213 -2.20233179 8.48920054
v 0.24314283 -2.42719723 8.48920090
v 0.52238305 -2.42727686 8.34264988
v -0.32727806 2.04597855 11.02288032
v 0.32795314 2.04597818 11.02288032
v 0.39317907 2.31949611 10.69142366
v -0.39250438 2.31949650 10.69142366
v -0.32737739 1.89594231 10.88246728
v -0.32727806 2.04597855 11.02288032
v -0.39250438 2.31949650 10.69142366
v -0.39238541 2.08500759 10.59021735
v 0.39306046 2.08500722 10.59021735
v 0.32805209 1.89594194 10.88246728
v -0.32737739 1.89594231 10.88246728
v -0.39238541 2.08500759 10.59021735
v 0.32805209 1.89594194 10.88246728
v 0.39306046 2.08500722 10.59021735
v 0.39317907 2.31949611 10.69142366
v 0.32795314 2.04597818 11.02288032
v -0.20272677 1.03544924 12.06327012
v -0.17763840 0.87333433 12.37545970
v 0.17831346 0.87333397 12.37545970
v 0.20340146 1.03544888 12.06327012
v -0.20340018 0.84307769 12.02200367
v -0.17658882 0.66029028 12.37227204
v -0.17763840 0.87333433 12.37545970
v -0.20272677 1.03544924 12.06327012
v -0.20340018 0.84307769 12.02200367
v 0.20407525 0.84307733 12.02200367
v 0.17726351 0.66028992 12.37227204
v -0.17658882 0.66029028 12.37227204
v 0.20407525 0.84307733 12.02200367
v 0.20340146 1.03544888 12.06327012
v 0.17831346 0.87333397 12.37545970
v 0.17726351 0.66028992 12.37227204
v 0.65339084 1.81883520 8.82639958
v -0.65271579 1.81883596 8.82639958
v -0.28112100 2.09379966 9.15142143
v 0.28179569 2.09379929 9.15142143
v -0.28112100 2.09379966 9.15142143
v -0.65271579 1.81883596 8.82639958
v -0.65271579 1.60367274 8.86643887
v -0.28197230 1.85538929 9.16456974
v 0.28264700 1.85538892 9.16456974
v -0.28197230 1.85538929 9.16456974
v -0.65271579 1.60367274 8.86643887
v 0.65339084 1.60367238 8.86643887
v 0.65339084 1.60367238 8.86643887
v 0.65339084 1.81883520 8.82639958
v 0.28179569 2.09379929 9.15142143
v 0.28264700 1.85538892 9.16456974
v 0.34830876 2.36224720 9.78397990
v -0.34763406 2.36224759 9.78397990
v -0.42406775 2.40202935 10.10753679
v 0.42474280 2.40202899 10.10755635
v -0.42466183 2.14736236 10.10767533
v -0.42406775 2.40202935 10.10753679
v -0.34763406 2.36224759 9.78397990
v -0.34836678 2.11274918 9.80801940
v 0.42533730 2.14736197 10.10767533
v -0.42466183 2.14736236 10.10767533
v -0.34836678 2.11274918 9.80801940
v 0.34904148 2.11274881 9.80801940
v 0.34904148 2.11274881 9.80801940
v 0.34830876 2.36224720 9.78397990
v 0.42474280 2.40202899 10.10755635
v 0.42533730 2.14736197 10.10767533
v -0.39543481 0.86446326 13.69223930
v -0.39484109 1.01479643 13.55449965
v -0.25163640 0.93067955 13.47493841
v -0.25217120 0.77167373 13.60748866
v 0.39610989 0.86446290 13.69223930
v 0.25284551 0.77167325 13.60748866
v 0.25231145 0.93067913 13.47493841
v 0.39551617 1.01479601 13.55449965
v 0.75013973 -2.12201720 4.44250947
v 0.75013973 -2.36949569 4.23405892
v -0.74920820 1.51062548 4.43803407
v -0.74922822 1.74402551 4.23851444
v -0.74922822 1.74402551 4.23851444
v 0.74990328 1.74402514 4.23851444
v 0.75013973 -2.36949569 4.23405892
v -0.74946617 -2.36949569 4.23405892
v 0.74988367 1.51062510 4.43803407
v -0.74920820 1.51062548 4.43803407
v 0.74988367 1.51062510 4.43803407
v 0.74990328 1.74402514 4.23851444
v -0.74946617 -2.36949569 4.23405892
v -0.74946617 -2.12201696 4.44250947
v 0.75013973 -2.12201720 4.44250947
v -0.74946617 -2.12201696 4.44250947
v 0.75013973 -2.12201720 4.44250947
v 0.75013973 -2.36949569 4.23405892
v -0.74922822 1.74402551 4.23851444
v -0.74920820 1.51062548 4.43803407
v -0.74922822 1.74402551 4.23851444
v 0.74990328 1.74402514 4.23851444
v 0.75013973 -2.36949569 4.23405892
v -0.74946617 -2.36949569 4.23405892
v -0.74920820 1.51062548 4.43803407
v 0.74988367 1.51062510 4.43803407
v 0.74988367 1.51062510 4.43803407
v 0.74990328 1.74402514 4.23851444
v -0.74946617 -2.12201696 4.44250947
v -0.74946617 -2.36949569 4.23405892
v -0.74946617 -2.12201696 4.44250947
v 0.75013973 -2.12201720 4.44250947
v 0.69315185 -2.42735602 8.19091088
v 0.69315185 -2.20233179 8.19091069
v -0.69247751 -2.20233132 8.19091069
v -0.69247751 -2.42735554 8.19091088
v -0.28767534 2.25395328 9.48081994
v 0.28835000 2.25395292 9.48081994
v -0.28807150 2.02995910 9.49959064
v -0.28767534 2.25395328 9.48081994
v 0.28874658 2.02995871 9.49959064
v -0.28807150 2.02995910 9.49959064
v 0.28835000 2.25395292 9.48081994
v 0.28874658 2.02995871 9.49959064
v -0.25189398 1.56793072 11.19026186
v -0.25185432 1.71471925 11.31318881
v 0.25252901 1.71471887 11.31318881
v 0.25256903 1.56793033 11.19026186
v -0.25185432 1.71471925 11.31318881
v 0.25252901 1.71471887 11.31318881
v 0.25256903 1.56793033 11.19026186
v -0.25189398 1.56793072 11.19026186
v -0.23363714 1.46429023 11.54399634
v -0.23365678 1.29310640 11.45267250
v 0.23433147 1.29310599 11.45267250
v 0.23431258 1.46428987 11.54399634
v -0.23363714 1.46429023 11.54399634
v 0.23431258 1.46428987 11.54399634
v 0.23433147 1.29310599 11.45267250
v -0.23365678 1.29310640 11.45267250
v 0.16274914 0.73541645 12.79515222
v -0.16207445 0.73541681 12.79515222
v -0.16207445 0.73541681 12.79515222
v -0.16183688 0.52332310 12.80528977
v 0.16251120 0.52332262 12.80528977
v -0.16183688 0.52332310 12.80528977
v 0.16251120 0.52332262 12.80528977
v 0.16274914 0.73541645 12.79515222
v -0.15753998 0.73131816 13.03245357
v 0.15821467 0.73131780 13.03245357
v -0.15680727 0.51027410 13.06484749
v -0.15753998 0.73131816 13.03245357
v 0.15748197 0.51027374 13.06484749
v -0.15680727 0.51027410 13.06484749
v 0.15748197 0.51027374 13.06484749
v 0.15821467 0.73131780 13.03245357
v -0.43317671 2.14126317 10.34347153
v -0.43307777 2.39286072 10.36537146
v 0.43375282 2.39286037 10.36537146
v 0.43385179 2.14126278 10.34347153
v 0.43375282 2.39286037 10.36537146
v -0.43307777 2.39286072 10.36537146
v 0.43385179 2.14126278 10.34347153
v -0.43317671 2.14126317 10.34347153
v -0.21678604 1.05542907 11.73028804
v -0.21660776 1.24413708 11.78943636
v 0.21746111 1.05542871 11.73028804
v 0.21728285 1.24413672 11.78943636
v -0.21660776 1.24413708 11.78943636
v 0.21728285 1.24413672 11.78943636
v 0.21746111 1.05542871 11.73028804
v -0.21678604 1.05542907 11.73028804
v -0.15195593 0.55956023 13.36814692
v -0.15197557 0.76397078 13.28084375
v 0.15264988 0.76397042 13.28084375
v 0.15263024 0.55955987 13.36814692
v -0.15197557 0.76397078 13.28084375
v 0.15264988 0.76397042 13.28084375
v 0.15263024 0.55955987 13.36814692
v -0.15195593 0.55956023 13.36814692
v -0.25217120 0.77167373 13.60748866
v -0.25163640 0.93067955 13.47493841
v 0.25231145 0.93067913 13.47493841
v 0.25284551 0.77167325 13.60748866
v 0.25231145 0.93067913 13.47493841
v -0.25163640 0.93067955 13.47493841
v -0.25217120 0.77167373 13.60748866
v 0.25284551 0.77167325 13.60748866
v 0.00033697 -2.20233179 8.48918087
v 0.00033697 -2.42719723 8.48918123
v -0.51677845 1.59899974 14.36630202
v -0.51656054 1.71778873 14.23953249
v -1.00837044 1.49741801 14.02555754
v -1.00874655 1.37276739 14.15797045
v 0.00033772 1.68606672 14.44645788
v 0.00033772 1.80259866 14.32186747
v 0.51745351 1.59899935 14.36630202
v 0.51723523 1.71778834 14.23953249
v 1.00942166 1.37276703 14.15797045
v 1.00904544 1.49739799 14.02555754
v -0.72075354 1.04428064 13.58560851
v -0.72132801 0.89547228 13.71845629
v 0.72142900 1.04428028 13.58560851
v 0.72200306 0.89547186 13.71845629
v 0.18393612 1.77295836 7.45339940
v 0.18393612 -2.31244542 7.45337890
v 0.18393612 -2.31244543 7.30100647
v 0.18393612 1.77295836 7.30100715
v 0.07619621 1.77295836 7.56113926
v 0.07619621 -2.31244542 7.56113858
v -0.07619606 1.77295836 7.56113926
v -0.07619606 -2.31244542 7.56113858
v -0.18393597 1.77295836 7.45339940
v -0.18393597 -2.31244542 7.45337890
v -0.18393597 1.77295836 7.30100715
v -0.18393597 -2.31244543 7.30100647
v -0.07619606 1.77295836 7.19324744
v -0.07619606 -2.31244543 7.19324679
v 0.07619621 1.77295836 7.19324744
v 0.07619621 -2.31244543 7.19324679
v 0.07619621 -2.31244543 7.19324679
v 0.07619621 1.77295836 7.19324744
v 2.70571049 -2.48709708 3.80740229
v -2.70605962 -2.48709708 3.80740229
v -2.71312515 -3.39248512 1.91479863
v 2.71347292 -3.39248584 1.91479910
v -2.31336539 -3.08101955 2.83825969
v -2.31336539 -3.00964610 2.94168283
v -2.37532608 -3.01666467 2.92663099
v -2.42065422 -3.03582112 2.88554956
v -2.43726198 -3.06200710 2.82939435
v -2.42065422 -3.08818211 2.77326107
v -2.37532608 -3.10734905 2.73215770
v -2.31336539 -3.11436809 2.71710539
v -2.25142948 -3.10734905 2.73215770
v -2.20607655 -3.08818211 2.77326107
v -2.18946879 -3.06200710 2.82939435
v -2.20607655 -3.03582112 2.88554956
v -2.25142948 -3.01666467 2.92663099
v 2.31336506 -3.08101955 2.83825969
v 2.37532575 -3.01666467 2.92663099
v 2.31336506 -3.00964610 2.94168283
v 2.42065389 -3.03582112 2.88554956
v 2.43726142 -3.06200710 2.82939435
v 2.42065389 -3.08818211 2.77326107
v 2.37532575 -3.10734905 2.73215770
v 2.31336506 -3.11436809 2.71710539
v 2.25142939 -3.10734905 2.73215770
v 2.20607622 -3.08818211 2.77326107
v 2.18946846 -3.06200710 2.82939435
v 2.20607622 -3.03582112 2.88554956
v 2.25142939 -3.01666467 2.92663099
v -0.00001328 -0.25289459 4.53945588
v 0.06812628 -0.13490647 4.51638556
v -0.00001328 -0.11664194 4.51638603
v 0.11797436 -0.18475432 4.51638651
v 0.13623865 -0.25289482 4.51638553
v 0.11797436 -0.32100696 4.51638552
v 0.06812628 -0.37088246 4.51638600
v -0.00001328 -0.38914651 4.51638551
v -0.06812565 -0.37088246 4.51638600
v -0.11800186 -0.32100696 4.51638552
v -0.13626568 -0.25289482 4.51638553
v -0.11800186 -0.18475432 4.51638651
v -0.06812565 -0.13490647 4.51638556
v -0.66515343 1.28729295 13.70950006
v -0.70032828 1.32193945 13.76098991
v -0.66515343 1.32860611 13.76765608
v -0.72606032 1.30374382 13.74279380
v -0.73548882 1.27887152 13.71792102
v -0.72606032 1.25400971 13.69305968
v -0.70032828 1.23580360 13.67485403
v -0.66515343 1.22913742 13.66818784
v -0.62999336 1.23580360 13.67485403
v -0.60424654 1.25400971 13.69305968
v -0.59481852 1.27887152 13.71792102
v -0.60424654 1.30374382 13.74279380
v -0.62999336 1.32193945 13.76098991
v 0.66515334 1.28729295 13.70950006
v 0.66515334 1.32860611 13.76765608
v 0.70032795 1.32193945 13.76098895
v 0.72606023 1.30374382 13.74279380
v 0.73548825 1.27887152 13.71792102
v 0.72606023 1.25400971 13.69305968
v 0.70032795 1.23580360 13.67485403
v 0.66515334 1.22913742 13.66818784
v 0.62999304 1.23580360 13.67485403
v 0.60424645 1.25400971 13.69305968
v 0.59481843 1.27887152 13.71792102
v 0.60424645 1.30374382 13.74279380
v 0.62999304 1.32193945 13.76098895
v -1.14040367 1.22279393 14.38967870
v -1.14040367 1.31501947 14.45519614
v -1.19618551 1.30444704 14.44462371
v -1.23699324 1.27559172 14.41576742
v -1.25194494 1.23614824 14.37632535
v -1.23699324 1.19671953 14.33689473
v -1.19618551 1.16784943 14.30802509
v -1.14040367 1.15727652 14.29745267
v -1.08464424 1.16784943 14.30802509
v -1.04381411 1.19671953 14.33689473
v -1.02886240 1.23614824 14.37632535
v -1.04381411 1.27559172 14.41576742
v -1.08464424 1.30444704 14.44462371
v 1.14040382 1.22279393 14.38967870
v 1.19618566 1.30444657 14.44462180
v 1.14040382 1.31501947 14.45519614
v 1.23699315 1.27559172 14.41576742
v 1.25194462 1.23614776 14.37632345
v 1.23699315 1.19671953 14.33689473
v 1.19618566 1.16784895 14.30802509
v 1.14040382 1.15727605 14.29745267
v 1.08464463 1.16784895 14.30802509
v 1.04381426 1.19671953 14.33689473
v 1.02886279 1.23614776 14.37632345
v 1.04381426 1.27559172 14.41576742
v 1.08464463 1.30444657 14.44462180
v -0.00000851 2.04697612 7.59528625
v -0.00000851 2.03034259 7.69352138
v 0.04911859 2.03034212 7.68035400
v 0.08505781 2.03034260 7.64441383
v 0.09822567 2.03034213 7.59528625
v 0.08505781 2.03034214 7.54617775
v 0.04911859 2.03034262 7.51021946
v -0.00000851 2.03034215 7.49705112
v -0.04911654 2.03034262 7.51021946
v -0.08507673 2.03034214 7.54617775
v -0.09824364 2.03034213 7.59528625
v -0.08507673 2.03034260 7.64441383
v -0.04911654 2.03034212 7.68035400
v -2.42065422 -2.93150227 2.97358230
v -2.31336539 -2.91934365 2.99965670
v -2.49922268 -2.96469609 2.90239718
v -2.52796786 -3.01003852 2.80516054
v -2.49922268 -3.05538047 2.70792389
v -2.42067950 -3.08857452 2.63673973
v -2.31336539 -3.10072290 2.61068725
v -2.20607655 -3.08857452 2.63673973
v -2.12753241 -3.05538047 2.70792389
v -2.09878771 -3.01003852 2.80516054
v -2.12753241 -2.96469609 2.90239718
v -2.20607655 -2.93150227 2.97358230
v -2.43726198 -2.84838550 2.96656850
v -2.31336539 -2.83435839 2.99664979
v -2.52796786 -2.88671938 2.88436130
v -2.56115858 -2.93908038 2.77207281
v -2.52796786 -2.99144137 2.65978385
v -2.43726198 -3.02976476 2.57759954
v -2.31336539 -3.04380212 2.54749584
v -2.18946879 -3.02976476 2.57759954
v -2.09878771 -2.99144137 2.65978385
v -2.06559698 -2.93908038 2.77207281
v -2.09878771 -2.88671938 2.88436130
v -2.18946879 -2.84838550 2.96656850
v 2.42065389 -2.93150227 2.97358230
v 2.31336506 -2.91934365 2.99965670
v 2.49922235 -2.96469609 2.90239718
v 2.52796777 -3.01003852 2.80516054
v 2.49922235 -3.05538047 2.70792389
v 2.42067917 -3.08857452 2.63673973
v 2.31336506 -3.10072290 2.61068725
v 2.20607622 -3.08857452 2.63673973
v 2.12753232 -3.05538047 2.70792389
v 2.09878738 -3.01003852 2.80516054
v 2.12753232 -2.96469609 2.90239718
v 2.20607622 -2.93150227 2.97358230
v 2.43726142 -2.84838550 2.96656850
v 2.31336506 -2.83435839 2.99664979
v 2.52796777 -2.88671938 2.88436130
v 2.56115849 -2.93908038 2.77207281
v 2.52796777 -2.99144137 2.65978385
v 2.43726142 -3.02976476 2.57759954
v 2.31336506 -3.04380212 2.54749584
v 2.18946846 -3.02976476 2.57759954
v 2.09878738 -2.99144137 2.65978385
v 2.06559665 -2.93908038 2.77207281
v 2.09878738 -2.88671938 2.88436130
v 2.18946846 -2.84838550 2.96656850
v 0.11797436 -0.04853004 4.45332577
v -0.00001328 -0.01689117 4.45332577
v 0.20437868 -0.13490646 4.45332622
v 0.23599060 -0.25289434 4.45332668
v 0.20437868 -0.37088245 4.45332666
v 0.11800201 -0.45725864 4.45332665
v -0.00001328 -0.48887103 4.45332616
v -0.11800186 -0.45725864 4.45332665
v -0.20437805 -0.37088245 4.45332666
v -0.23598997 -0.25289434 4.45332668
v -0.20437805 -0.13490646 4.45332622
v -0.11800186 -0.04853004 4.45332577
v 0.13623865 -0.01689092 4.36722423
v -0.00001328 0.01960977 4.36722424
v 0.23599060 -0.11664216 4.36722423
v 0.27249105 -0.25289456 4.36722516
v 0.23599060 -0.38914672 4.36722417
v 0.13623865 -0.48887102 4.36722416
v -0.00001328 -0.52539889 4.36722416
v -0.13626568 -0.48887102 4.36722416
v -0.23598997 -0.38914672 4.36722417
v -0.27249043 -0.25289456 4.36722516
v -0.23598997 -0.11664216 4.36722423
v -0.13626568 -0.01689092 4.36722423
v -0.72606032 1.33045051 13.81553531
v -0.66515343 1.34199950 13.82708527
v -0.77066319 1.29892204 13.78400683
v -0.78698199 1.25585411 13.74093985
v -0.77066319 1.21278619 13.69787096
v -0.72607462 1.18125772 13.66634247
v -0.66515343 1.16971874 13.65480397
v -0.60424654 1.18125772 13.66634247
v -0.55965798 1.21278619 13.69787096
v -0.54333966 1.25585411 13.74093985
v -0.55965798 1.29892204 13.78400683
v -0.60424654 1.33045051 13.81553531
v -0.73548882 1.31057068 13.85851263
v -0.66515343 1.32389446 13.87183738
v -0.78698199 1.27415940 13.82210230
v -0.80582373 1.22442529 13.77236723
v -0.78698199 1.17469071 13.72263311
v -0.73548882 1.13828992 13.68623230
v -0.66515343 1.12495660 13.67289898
v -0.59481852 1.13828992 13.68623230
v -0.54333966 1.17469071 13.72263311
v -0.52449744 1.22442529 13.77236723
v -0.54333966 1.27415940 13.82210230
v -0.59481852 1.31057068 13.85851263
v 0.72606023 1.33045051 13.81553531
v 0.66515334 1.34199950 13.82708527
v 0.77066310 1.29892204 13.78400683
v 0.78698142 1.25585411 13.74093985
v 0.77066310 1.21278619 13.69787096
v 0.72607429 1.18125772 13.66634247
v 0.66515334 1.16971874 13.65480397
v 0.60424645 1.18125772 13.66634247
v 0.55965765 1.21278619 13.69787096
v 0.54333933 1.25585411 13.74093985
v 0.55965765 1.29892204 13.78400683
v 0.60424645 1.33045051 13.81553531
v 0.73548825 1.31057116 13.85851360
v 0.66515334 1.32389399 13.87183548
v 0.78698142 1.27415940 13.82210230
v 0.80582340 1.22442529 13.77236723
v 0.78698142 1.17469119 13.72263311
v 0.73548825 1.13828992 13.68623230
v 0.66515334 1.12495660 13.67289898
v 0.59481843 1.13828992 13.68623230
v 0.54333933 1.17469119 13.72263311
v 0.52449758 1.22442529 13.77236723
v 0.54333933 1.27415940 13.82210230
v 0.59481843 1.31057116 13.85851360
v -1.23699324 1.39095007 14.45812012
v -1.14040367 1.40926491 14.47643639
v -1.30772631 1.34094989 14.40812088
v -1.33360522 1.27265060 14.33982253
v -1.30772631 1.20435180 14.27152227
v -1.23701565 1.15435162 14.22152112
v -1.14040367 1.13605252 14.20322392
v -1.04381411 1.15435162 14.22152112
v -0.97310297 1.20435180 14.27152227
v -0.94722454 1.27265060 14.33982253
v -0.97310297 1.34094989 14.40812088
v -1.04381411 1.39095007 14.45812012
v -1.25194494 1.45910584 14.42659357
v -1.14040367 1.48023449 14.44772318
v -1.33360522 1.40136325 14.36885239
v -1.36348574 1.32249202 14.28997969
v -1.33360522 1.24362030 14.21110891
v -1.25194494 1.18589393 14.15338205
v -1.14040367 1.16474859 14.13223717
v -1.02886240 1.18589393 14.15338205
v -0.94722454 1.24362030 14.21110891
v -0.91734402 1.32249202 14.28997969
v -0.94722454 1.40136325 14.36885239
v -1.02886240 1.45910584 14.42659357
v 1.23699315 1.39094959 14.45812012
v 1.14040382 1.40926491 14.47643639
v 1.30772670 1.34094989 14.40811897
v 1.33360560 1.27265060 14.33982062
v 1.30772670 1.20435180 14.27152227
v 1.23701604 1.15435162 14.22152112
v 1.14040382 1.13605204 14.20322297
v 1.04381426 1.15435162 14.22152112
v 0.97310312 1.20435180 14.27152227
v 0.94722469 1.27265060 14.33982062
v 0.97310312 1.34094989 14.40811897
v 1.04381426 1.39094959 14.45812012
v 1.25194462 1.45910584 14.42659357
v 1.14040382 1.48023449 14.44772318
v 1.33360560 1.40136325 14.36885239
v 1.36348636 1.32249202 14.28997969
v 1.33360560 1.24362030 14.21110891
v 1.25194462 1.18589393 14.15338205
v 1.14040382 1.16474811 14.13223717
v 1.02886279 1.18589393 14.15338205
v 0.94722469 1.24362030 14.21110891
v 0.91734393 1.32249202 14.28997969
v 0.94722469 1.40136325 14.36885239
v 1.02886279 1.45910584 14.42659357
v 0.08505781 1.98487855 7.74262988
v -0.00000851 1.98487854 7.76544082
v 0.14735325 1.98487856 7.68035304
v 0.17014463 1.98487809 7.59528624
v 0.14735325 1.98487858 7.51021850
v 0.08507784 1.98487907 7.44794356
v -0.00000851 1.98487908 7.42515265
v -0.08507673 1.98487907 7.44794356
v -0.14735214 1.98487858 7.51021850
v -0.17014401 1.98487809 7.59528624
v -0.14735214 1.98487856 7.68035304
v -0.08507673 1.98487855 7.74262988
v 0.09822567 1.92280102 7.76544081
v -0.00000851 1.92280054 7.79175650
v 0.17014463 1.92280103 7.69352136
v 0.19646127 1.92280057 7.59528623
v 0.17014463 1.92280059 7.49705015
v 0.09822567 1.92280108 7.42515264
v -0.00000851 1.92280108 7.39881693
v -0.09824364 1.92280108 7.42515264
v -0.17014401 1.92280059 7.49705015
v -0.19646017 1.92280057 7.59528623
v -0.17014401 1.92280103 7.69352136
v -0.09824364 1.92280102 7.76544081
v 5.56730612 -0.25289579 4.03415646
v 6.56650932 -0.25289579 4.03415646
v 5.64336355 0.12947099 4.03415653
v 5.85997255 0.45364122 4.03415633
v 6.18414266 0.67024939 4.03415638
v 6.56650932 0.74630694 4.03415639
v 6.94887598 0.67024939 4.03415638
v 7.27304609 0.45364122 4.03415633
v 7.48963554 0.12947099 4.03415653
v 7.56571300 -0.25289579 4.03415646
v 7.48963554 -0.63526268 4.03415640
v 7.27304609 -0.95943280 4.03415683
v 6.94887598 -1.17604132 4.03415678
v 6.56650932 -1.25209876 4.03415677
v 6.18414266 -1.17604132 4.03415678
v 5.85997255 -0.95943280 4.03415683
v 5.64336355 -0.63526268 4.03415640
v -5.56663220 -0.25289388 4.03415646
v -5.64268963 0.12947290 4.03415653
v -6.56583540 -0.25289388 4.03415646
v -5.85929816 0.45364313 4.03415658
v -6.18346827 0.67025165 4.03415661
v -6.56583540 0.74630920 4.03415662
v -6.94820206 0.67025165 4.03415661
v -7.27237217 0.45364313 4.03415658
v -7.48896067 0.12947290 4.03415653
v -7.56503813 -0.25289388 4.03415646
v -7.48896067 -0.63526054 4.03415640
v -7.27237217 -0.95943089 4.03415634
v -6.94820206 -1.17603941 4.03415632
v -6.56583540 -1.25209685 4.03415631
v -6.18346827 -1.17603941 4.03415632
v -5.85929816 -0.95943089 4.03415634
v -5.64268963 -0.63526054 4.03415640
v 10.00490005 -2.24631049 0.00000029
v 10.00472172 -4.01810794 1.66112709
v 10.00434501 -4.01806857 0.00000000
v 7.48432834 -1.57450551 3.96209996
v 7.81622131 -0.75943703 3.96208053
v 5.43849905 1.88667547 3.96231844
v 7.87960584 -0.25659770 3.96208061
v 0.00000007 -4.01816659 1.66130544
v 2.51187785 -4.01812680 0.34999132
v 3.87299211 -4.01812680 0.38939667
v 6.23208292 -4.01810732 0.80736589
v 7.83618124 -4.01808821 0.58194589
v 10.00472172 -4.01810794 1.66112709
v 8.86459072 -4.01808764 0.00000000
v 6.58456857 -2.10817570 3.96223838
v 10.00434501 -4.01806857 0.00000000
v 10.00472172 -4.01810794 1.66112709
v 8.95460899 -2.44800858 1.66130568
v 7.70056112 -3.10815053 1.66130558
v 1.53277369 -4.01812681 0.43347455
v 0.00000007 -4.01814642 0.80483199
v 9.62344368 -3.52786250 1.04738005
v 9.62344368 -2.13205554 0.00000031
v 9.62344368 -3.52776362 0.00000009
v 9.62344368 -3.52776362 0.00000009
v 8.86461170 -3.52804019 0.00000009
v 9.62344368 -3.52786250 1.04738005
v 7.83627947 -3.52804076 0.58194598
v 6.23208292 -3.52804032 0.80736598
v 3.87311156 -3.52804025 0.38939676
v 2.51191790 -3.52804024 0.34999141
v 0.00000007 -3.52803988 1.04819211
v 0.00000007 -3.52804032 0.80483206
v 1.53285308 -3.52804026 0.43349418
v 6.08642252 -3.49322944 1.66130551
v 10.00436504 3.25654326 0.00000167
v 10.00472172 3.27852185 1.66120743
v 10.00490005 1.74046128 0.00000095
v 10.00484092 -0.25659760 0.40935722
v 7.81622131 0.25364691 3.96208070
v 7.48432834 1.06871599 3.96210039
v 9.47990330 0.76062448 1.66130621
v 9.62712677 -0.25659780 1.66130605
v 10.00472172 3.27852185 1.66120743
v 3.87299283 3.40095572 0.38939787
v 2.51187856 3.41703444 0.34999253
v 0.00000083 3.51342733 1.66130666
v 6.23208339 3.36331269 0.80736711
v 10.00472172 3.27852185 1.66120743
v 7.83618124 3.34677769 0.58194709
v 8.86459072 3.34374879 0.00000120
v 6.58456857 1.60238564 3.96223875
v 10.00436504 3.25654326 0.00000167
v 7.70056112 2.60236133 1.66130651
v 8.95460899 1.94221872 1.66130640
v 0.00000083 3.44362709 0.80485276
v 1.53277452 3.42804388 0.43347576
v 9.62346370 1.62622678 0.00000093
v 9.62344368 3.02126210 1.04738112
v 9.62344368 3.02126156 0.00000115
v 8.86461170 3.02126156 0.00000115
v 9.62344368 3.02126156 0.00000115
v 9.62344368 3.02126210 1.04738112
v 6.23208339 3.02126214 0.80736704
v 7.83627947 3.02126146 0.58194705
v 3.87309273 3.02126221 0.38939782
v 0.00000083 3.02126294 1.04817268
v 2.51189907 3.02126222 0.34999247
v 0.00000083 3.02126214 0.80483314
v 1.53283413 3.02126220 0.43347569
v 6.08642299 2.98744054 1.66130657
v 0.00000083 3.51342733 1.66130666
v 5.43849809 -2.39246554 3.96231750
v -5.43849795 -2.39246458 3.96231750
v -10.00489990 -2.24630858 0.00000029
v -10.00434487 -4.01806666 0.00000000
v -10.00472157 -4.01810603 1.66112709
v -7.48432820 -1.57450456 3.96209996
v -7.81622116 -0.75943560 3.96208053
v -7.87960570 -0.25659651 3.96208061
v -3.87299244 -4.01812633 0.38939667
v -2.51187770 -4.01812632 0.34999132
v -6.23208229 -4.01810637 0.80736589
v -10.00472157 -4.01810603 1.66112709
v -7.83618109 -4.01808678 0.58194589
v -8.86459057 -4.01808621 0.00000000
v -10.00434487 -4.01806666 0.00000000
v -10.00472157 -4.01810603 1.66112709
v -7.70056097 -3.10814910 1.66130558
v -8.95460884 -2.44800715 1.66130568
v -1.53277354 -4.01812633 0.43347455
v -9.62344353 -2.13205363 0.00000031
v -9.62344353 -3.52786059 1.04738005
v -9.62344353 -3.52776171 0.00000009
v -8.86461060 -3.52803875 0.00000009
v -9.62344353 -3.52776171 0.00000009
v -9.62344353 -3.52786059 1.04738005
v -6.23208229 -3.52803936 0.80736598
v -7.83627980 -3.52803933 0.58194598
v -3.87311141 -3.52803977 0.38939676
v -2.51191776 -3.52803977 0.34999141
v -1.53285293 -3.52803978 0.43349418
v -6.08642237 -3.49322848 1.66130551
v 0.00000007 -4.01816659 1.66130544
v -10.00472061 3.27852340 1.66120743
v -10.00436394 3.25654469 0.00000167
v -10.00489990 1.74046317 0.00000095
v -10.00483887 -0.25659569 0.40935722
v -7.81622116 0.25364798 3.96208070
v -7.48432820 1.06871712 3.96210039
v -9.47990124 0.76062639 1.66130621
v -10.00472061 3.27852340 1.66120743
v -9.62712567 -0.25659590 1.66130605
v -3.87299196 3.40095643 0.38939787
v -2.51187699 3.41703515 0.34999253
v -6.23208134 3.36331341 0.80736711
v -7.83618014 3.34677924 0.58194709
v -10.00472061 3.27852340 1.66120743
v -8.86459057 3.34375034 0.00000120
v -5.43849747 1.88667660 3.96231844
v -6.58456747 1.60238677 3.96223875
v -10.00436394 3.25654469 0.00000167
v -7.70056002 2.60236247 1.66130651
v -8.95460789 1.94222061 1.66130640
v -1.53277282 3.42804388 0.43347576
v -9.62344258 3.02126365 1.04738112
v -9.62346356 1.62622868 0.00000093
v -9.62344258 3.02126311 0.00000115
v -9.62344258 3.02126311 0.00000115
v -8.86460964 3.02126311 0.00000115
v -9.62344258 3.02126365 1.04738112
v -7.83627932 3.02126301 0.58194705
v -6.23208182 3.02126298 0.80736704
v -3.87309091 3.02126304 0.38939782
v -2.51189701 3.02126305 0.34999247
v -1.53283255 3.02126220 0.43347569
v -6.08642237 2.98744125 1.66130657
v 5.55405958 0.16647988 3.94281241
v 5.47063501 -0.25289577 3.94281234
v 5.56730612 -0.25289579 4.03415646
v 5.64336355 0.12947099 4.03415653
v 5.79161794 0.52199584 3.94281199
v 5.85997255 0.45364122 4.03415633
v 6.18414266 0.67024939 4.03415638
v 6.14713438 0.75955421 3.94281204
v 6.56650932 0.74630694 4.03415639
v 6.56650932 0.84297806 3.94281205
v 6.94887598 0.67024939 4.03415638
v 6.98588426 0.75955421 3.94281204
v 7.34140070 0.52199584 3.94281199
v 7.27304609 0.45364122 4.03415633
v 7.48963554 0.12947099 4.03415653
v 7.57895906 0.16647988 3.94281241
v 7.56571300 -0.25289579 4.03415646
v 7.66238315 -0.25289577 3.94281234
v 7.57895906 -0.67227167 3.94281251
v 7.48963554 -0.63526268 4.03415640
v 7.27304609 -0.95943280 4.03415683
v 7.34140070 -1.02778763 3.94281246
v 6.94887598 -1.17604132 4.03415678
v 6.98588426 -1.26534599 3.94281241
v 6.56650932 -1.25209876 4.03415677
v 6.56650932 -1.34876937 3.94281241
v 6.18414266 -1.17604132 4.03415678
v 6.14713438 -1.26534599 3.94281241
v 5.79161794 -1.02778763 3.94281246
v 5.85997255 -0.95943280 4.03415683
v 5.64336355 -0.63526268 4.03415640
v 5.55405958 -0.67227167 3.94281251
v -5.55338518 0.16648215 3.94281241
v -5.64268963 0.12947290 4.03415653
v -5.56663220 -0.25289388 4.03415646
v -5.46996109 -0.25289387 3.94281234
v -5.79094355 0.52199775 3.94281248
v -5.85929816 0.45364313 4.03415658
v -6.18346827 0.67025165 4.03415661
v -6.14645951 0.75955647 3.94281250
v -6.56583540 0.84298032 3.94281253
v -6.56583540 0.74630920 4.03415662
v -6.98521034 0.75955647 3.94281250
v -6.94820206 0.67025165 4.03415661
v -7.34072678 0.52199775 3.94281248
v -7.27237217 0.45364313 4.03415658
v -7.48896067 0.12947290 4.03415653
v -7.57828514 0.16648215 3.94281241
v -7.66170923 -0.25289387 3.94281234
v -7.56503813 -0.25289388 4.03415646
v -7.57828514 -0.67226929 3.94281227
v -7.48896067 -0.63526054 4.03415640
v -7.27237217 -0.95943089 4.03415634
v -7.34072678 -1.02778548 3.94281221
v -6.98521130 -1.26534385 3.94281218
v -6.94820206 -1.17603941 4.03415632
v -6.56583540 -1.25209685 4.03415631
v -6.56583540 -1.34876746 3.94281217
v -6.14645951 -1.26534385 3.94281218
v -6.18346827 -1.17603941 4.03415632
v -5.79094355 -1.02778548 3.94281221
v -5.85929816 -0.95943089 4.03415634
v -5.64268963 -0.63526054 4.03415640
v -5.55338518 -0.67226952 3.94281227
v 6.08642252 -3.49322944 1.66130551
v 7.70056112 -3.10815053 1.66130558
v 6.58456857 -2.10817570 3.96223838
v 5.43849809 -2.39246554 3.96231750
v 8.95460899 -2.44800858 1.66130568
v 9.47990330 -1.26641421 1.66130588
v 7.81622131 -0.75943703 3.96208053
v 7.48432834 -1.57450551 3.96209996
v -5.43849795 -2.39246458 3.96231750
v -6.08642237 -3.49322848 1.66130551
v 2.51187785 -4.01812680 0.34999132
v 2.51191790 -3.52804024 0.34999141
v 3.87311156 -3.52804025 0.38939676
v 3.87299211 -4.01812680 0.38939667
v 6.23208292 -3.52804032 0.80736598
v 6.23208292 -4.01810732 0.80736589
v 7.83627947 -3.52804076 0.58194598
v 8.86461170 -3.52804019 0.00000009
v 8.86459072 -4.01808764 0.00000000
v 7.83618124 -4.01808821 0.58194589
v 10.00490005 -2.24631049 0.00000029
v 10.00434501 -4.01806857 0.00000000
v 9.62344368 -3.52776362 0.00000009
v 9.62344368 -2.13205554 0.00000031
v 10.00484092 -0.25659760 0.40935722
v 9.62344368 -0.25687464 0.40935722
v 9.62344368 -3.52776362 0.00000009
v 10.00434501 -4.01806857 0.00000000
v 0.00000007 -4.01814642 0.80483199
v 0.00000007 -3.52804032 0.80483206
v 1.53285308 -3.52804026 0.43349418
v 1.53277369 -4.01812681 0.43347455
v 9.62344368 -0.25665731 1.04769720
v 9.62344368 -0.25687464 0.40935722
v 9.62712677 -0.25659780 1.66130605
v 7.87960584 -0.25659770 3.96208061
v 6.58456857 1.60238564 3.96223875
v 7.70056112 2.60236133 1.66130651
v 6.08642299 2.98744054 1.66130657
v 5.43849905 1.88667547 3.96231844
v 8.95460899 1.94221872 1.66130640
v 7.48432834 1.06871599 3.96210039
v 7.81622131 0.25364691 3.96208070
v 9.47990330 0.76062448 1.66130621
v 3.87309273 3.02126221 0.38939782
v 2.51189907 3.02126222 0.34999247
v 2.51187856 3.41703444 0.34999253
v 3.87299283 3.40095572 0.38939787
v 6.23208339 3.36331269 0.80736711
v 6.23208339 3.02126214 0.80736704
v 8.86459072 3.34374879 0.00000120
v 8.86461170 3.02126156 0.00000115
v 7.83627947 3.02126146 0.58194705
v 7.83618124 3.34677769 0.58194709
v 10.00490005 1.74046128 0.00000095
v 9.62346370 1.62622678 0.00000093
v 9.62344368 3.02126156 0.00000115
v 10.00436504 3.25654326 0.00000167
v 10.00436504 3.25654326 0.00000167
v 9.62344368 3.02126156 0.00000115
v 0.00000083 3.44362709 0.80485276
v 1.53277452 3.42804388 0.43347576
v 1.53283413 3.02126220 0.43347569
v 0.00000083 3.02126214 0.80483314
v -6.58456843 -2.10817427 3.96223838
v -7.70056097 -3.10814910 1.66130558
v -7.81622116 -0.75943560 3.96208053
v -9.47990219 -1.26641254 1.66130588
v -8.95460884 -2.44800715 1.66130568
v -7.48432820 -1.57450456 3.96209996
v -3.87311141 -3.52803977 0.38939676
v -2.51191776 -3.52803977 0.34999141
v -2.51187770 -4.01812632 0.34999132
v -3.87299244 -4.01812633 0.38939667
v -6.23208229 -4.01810637 0.80736589
v -6.23208229 -3.52803936 0.80736598
v -8.86459057 -4.01808621 0.00000000
v -8.86461060 -3.52803875 0.00000009
v -7.83627980 -3.52803933 0.58194598
v -7.83618109 -4.01808678 0.58194589
v -10.00489990 -2.24630858 0.00000029
v -9.62344353 -2.13205363 0.00000031
v -9.62344353 -3.52776171 0.00000009
v -10.00434487 -4.01806666 0.00000000
v -10.00483887 -0.25659569 0.40935722
v -9.62344353 -0.25687274 0.40935722
v -6.58456843 -2.10817427 3.96223838
v -10.00434487 -4.01806666 0.00000000
v -9.62344353 -3.52776171 0.00000009
v -1.53285293 -3.52803978 0.43349418
v -1.53277354 -4.01812633 0.43347455
v -9.62344353 -0.25687274 0.40935722
v -9.62344353 -0.25665540 1.04769720
v -9.62712567 -0.25659590 1.66130605
v -7.87960570 -0.25659651 3.96208061
v -6.58456747 1.60238677 3.96223875
v -5.43849747 1.88667660 3.96231844
v -6.08642237 2.98744125 1.66130657
v -7.70056002 2.60236247 1.66130651
v -7.81622116 0.25364798 3.96208070
v -7.48432820 1.06871712 3.96210039
v -8.95460789 1.94222061 1.66130640
v -9.47990124 0.76062639 1.66130621
v -2.51187699 3.41703515 0.34999253
v -2.51189701 3.02126305 0.34999247
v -3.87309091 3.02126304 0.38939782
v -3.87299196 3.40095643 0.38939787
v -6.23208182 3.02126298 0.80736704
v -6.23208134 3.36331341 0.80736711
v -7.83627932 3.02126301 0.58194705
v -8.86460964 3.02126311 0.00000115
v -8.86459057 3.34375034 0.00000120
v -7.83618014 3.34677924 0.58194709
v -10.00489990 1.74046317 0.00000095
v -10.00436394 3.25654469 0.00000167
v -9.62344258 3.02126311 0.00000115
v -9.62346356 1.62622868 0.00000093
v -9.62344258 3.02126311 0.00000115
v -10.00436394 3.25654469 0.00000167
v -1.53283255 3.02126220 0.43347569
v -1.53277282 3.42804388 0.43347576
v 9.47990330 -1.26641421 1.66130588
v -9.47990219 -1.26641254 1.66130588
v 8.26413024 -0.42427529 8.85779340
v 8.12310398 -0.82729489 8.85779333
v 6.40518618 0.00001118 8.89246631
v 7.89594102 -1.18883050 8.85779327
v 7.59402776 -1.49074376 8.85779321
v 7.23249257 -1.71790648 8.85779319
v 6.82947269 -1.85893262 8.85779316
v 6.40518618 -1.90673352 8.85779314
v 5.98089966 -1.85893262 8.85779316
v 5.57788015 -1.71790648 8.85779319
v 5.21634460 -1.49074376 8.85779321
v 4.91443134 -1.18883050 8.85779327
v 4.68726874 -0.82729489 8.85779333
v 4.54624248 -0.42429508 8.85779340
v 4.49844134 0.00001118 8.85779347
v 4.54624248 0.42429762 8.85779353
v 4.68726874 0.82729750 8.85779360
v 4.91443134 1.18883299 8.85779365
v 5.21634460 1.49074637 8.85779371
v 5.57788015 1.71790897 8.85779375
v 5.98089966 1.85893511 8.85779377
v 6.40518618 1.90673589 8.85779378
v 6.82947269 1.85893511 8.85779377
v 7.23249257 1.71790897 8.85779375
v 7.59402776 1.49074637 8.85779371
v 7.89594102 1.18883299 8.85779365
v 8.12310398 0.82729750 8.85779360
v 8.26410985 0.42429762 8.85779353
v 8.31193066 0.00001118 8.85779347
v 8.61482430 0.50434341 9.07112196
v 6.40518618 0.00001809 9.08198483
v 8.67164088 0.00001205 9.07111885
v 8.44721675 0.98338832 9.07113110
v 8.17718900 1.41313560 9.07112968
v 7.81831205 1.77201279 9.07113577
v 7.38855666 2.04201205 9.07112072
v 6.90951968 2.20965322 9.07113280
v 6.40518618 2.26647242 9.07112529
v 5.90084553 2.20965131 9.07113131
v 5.42180777 2.04201014 9.07111845
v 4.99205804 1.77201338 9.07113577
v 4.63317883 1.41313143 9.07113421
v 4.36315322 0.98338892 9.07113110
v 4.19554687 0.50434341 9.07112196
v 4.13872958 0.00001205 9.07112039
v 4.19554448 -0.50434206 9.07112328
v 4.36315132 -0.98338793 9.07113227
v 4.63318670 -1.41310768 9.07112314
v 4.99206603 -1.77198593 9.07112160
v 5.42181194 -2.04201405 9.07112303
v 5.90085084 -2.20965640 9.07113661
v 6.40518618 -2.26647608 9.07112909
v 6.90952719 -2.20965545 9.07113511
v 7.38856495 -2.04201142 9.07112155
v 7.81830526 -1.77198522 9.07112160
v 8.17718375 -1.41310744 9.07112314
v 8.44721842 -0.98338751 9.07113227
v 8.61482144 -0.50432561 9.07111875
v 10.17996335 0.86157384 9.75561274
v 10.39150286 0.90984987 9.99857721
v 10.49403477 0.00001109 9.99857706
v 10.27703023 0.00001111 9.75561259
v 10.54553891 0.94501723 10.18847344
v 10.65201092 0.00001106 10.18847329
v 9.89359451 1.67992946 9.75561288
v 10.08909417 1.77408580 9.99857735
v 10.23144746 1.84263851 10.18847359
v 9.43231845 2.41404983 9.75561300
v 9.60197783 2.54935352 9.99857749
v 9.72547937 2.64786614 10.18847373
v 8.81924486 3.02714368 9.75561310
v 8.95452857 3.19678347 9.99857758
v 9.05304146 3.32030476 10.18847384
v 8.08512414 3.48841926 9.75561317
v 8.17926097 3.68391935 9.99857766
v 8.24781359 3.82627214 10.18847392
v 7.26674921 3.77476903 9.75561321
v 7.31504435 3.98632757 9.99857772
v 7.35019231 4.14036335 10.18847320
v 6.40518618 3.87185546 9.75561324
v 6.40518618 4.08883969 9.99857698
v 6.40518618 4.24683632 10.18847321
v 5.54362351 3.77476903 9.75561321
v 5.49532765 3.98632757 9.99857772
v 5.46018005 4.14036335 10.18847320
v 4.72524786 3.48841926 9.75561317
v 4.63111139 3.68391935 9.99857766
v 4.56255877 3.82627214 10.18847392
v 3.99112749 3.02714368 9.75561310
v 3.85584379 3.19678347 9.99857758
v 3.75733137 3.32030476 10.18847384
v 3.37805391 2.41404983 9.75561300
v 3.20839453 2.54935352 9.99857749
v 3.08487296 2.64786614 10.18847373
v 2.91677785 1.67992946 9.75561288
v 2.72125793 1.77408580 9.99857735
v 2.57892490 1.84263851 10.18847359
v 2.63040901 0.86157384 9.75561274
v 2.41884971 0.90984987 9.99857721
v 2.26483393 0.94501723 10.18847344
v 2.53334213 0.00001111 9.75561259
v 2.31633759 0.00001109 9.99857706
v 2.15836096 0.00001106 10.18847329
v 2.63040901 -0.86157135 9.75561245
v 2.41886950 -0.90984745 9.99857692
v 2.26483393 -0.94501488 10.18847314
v 2.91677785 -1.67992727 9.75561232
v 2.72125793 -1.77408333 9.99857677
v 2.57892490 -1.84263610 10.18847300
v 3.37805391 -2.41404752 9.75561221
v 3.20839453 -2.54935105 9.99857666
v 3.08487296 -2.64784371 10.18847286
v 3.99112749 -3.02712134 9.75561211
v 3.85584379 -3.19678052 9.99857655
v 3.75733137 -3.32030212 10.18847276
v 4.72524786 -3.48841647 9.75561203
v 4.63111139 -3.68391688 9.99857647
v 4.56255877 -3.82624994 10.18847268
v 5.54362351 -3.77476624 9.75561199
v 5.49532765 -3.98632486 9.99857641
v 5.46018005 -4.14034115 10.18847262
v 6.40518618 -3.87185291 9.75561197
v 6.40518618 -4.08883746 9.99857640
v 6.40518618 -4.24683367 10.18847261
v 7.26674921 -3.77476624 9.75561199
v 7.31504435 -3.98632486 9.99857641
v 7.35019231 -4.14034115 10.18847262
v 8.08512414 -3.48841647 9.75561203
v 8.17926097 -3.68391688 9.99857647
v 8.24781359 -3.82624994 10.18847268
v 8.81924486 -3.02712134 9.75561211
v 8.95452857 -3.19678052 9.99857655
v 9.05304146 -3.32030212 10.18847276
v 9.43231845 -2.41404752 9.75561221
v 9.60197783 -2.54935105 9.99857666
v 9.72549987 -2.64784371 10.18847286
v 9.89359451 -1.67992727 9.75561232
v 10.08911443 -1.77406354 9.99857677
v 10.23144746 -1.84261631 10.18847300
v 10.17996335 -0.86155162 9.75561245
v 10.39150286 -0.90984745 9.99857692
v 10.54553891 -0.94499509 10.18847314
v 9.97382975 0.00001113 9.50496529
v 9.88434673 0.79411018 9.50496542
v 9.47738672 0.70122145 9.26487282
v 9.55639506 0.00001114 9.26487271
v 9.88434673 -0.79408794 9.50496516
v 9.47738672 -0.70119913 9.26487260
v 9.62043286 -1.54836618 9.50496503
v 9.24432373 -1.36724193 9.26487249
v 9.19527531 -2.22500276 9.50496492
v 8.86890722 -1.96473213 9.26487240
v 8.63019991 -2.79007792 9.50496484
v 8.36992920 -2.46370979 9.26487230
v 7.95356345 -3.21523594 9.50496476
v 7.77243936 -2.83912607 9.26487224
v 7.19928515 -3.47916936 9.50496472
v 7.10639620 -3.07218952 9.26487220
v 6.40518618 -3.56863260 9.50496471
v 6.40518618 -3.15119763 9.26487220
v 5.61108721 -3.47916936 9.50496472
v 5.70397580 -3.07218952 9.26487220
v 4.85680890 -3.21523594 9.50496476
v 5.03793300 -2.83912607 9.26487224
v 4.18017221 -2.79007792 9.50496484
v 4.44044316 -2.46370979 9.26487230
v 3.61511708 -2.22500276 9.50496492
v 3.94148517 -1.96473213 9.26487240
v 3.18993950 -1.54836618 9.50496503
v 3.56604910 -1.36726160 9.26487249
v 2.92600537 -0.79408794 9.50496516
v 3.33298564 -0.70119913 9.26487260
v 2.83654237 0.00001113 9.50496529
v 3.25397754 0.00001114 9.26487271
v 2.92600537 0.79409034 9.50496542
v 3.33298564 0.70120160 9.26487282
v 3.18993950 1.54838825 9.50496554
v 3.56604910 1.36726420 9.26487293
v 3.61509729 2.22502494 9.50496564
v 3.94146514 1.96475427 9.26487304
v 4.18017221 2.79008031 9.50496575
v 4.44044316 2.46371202 9.26487311
v 4.85680890 3.21523786 9.50496580
v 5.03793300 2.83914833 9.26487318
v 5.61108721 3.47917200 9.50496586
v 5.70397580 3.07219248 9.26487322
v 6.40518618 3.56865502 9.50496587
v 6.40518618 3.15119986 9.26487322
v 7.19928515 3.47917200 9.50496586
v 7.10639620 3.07219248 9.26487322
v 7.95356345 3.21523786 9.50496580
v 7.77243936 2.83914833 9.26487318
v 8.63019991 2.79008031 9.50496575
v 8.36992920 2.46371202 9.26487311
v 9.19525504 2.22502494 9.50496564
v 8.86888743 1.96475427 9.26487304
v 9.62041331 1.54838825 9.50496554
v 9.24432373 1.36726420 9.26487293
v 10.68551493 0.97695705 10.50096111
v 10.59201289 0.95561102 10.47472344
v 10.69967318 0.00001106 10.47472328
v 10.79559183 0.00001106 10.50096095
v 10.35245419 0.90093921 10.37389478
v 10.45395661 0.00001106 10.37389464
v 10.36079049 1.90493389 10.50096127
v 10.27439690 1.86331126 10.47472359
v 10.05301619 1.75670002 10.37389492
v 9.83773446 2.73736867 10.50096140
v 9.76274610 2.67756828 10.47472372
v 9.57065201 2.52438389 10.37389506
v 9.14256358 3.43255886 10.50096152
v 9.08276272 3.35757073 10.47472384
v 8.92955923 3.16545687 10.37389515
v 8.31010866 3.95561584 10.50096160
v 8.26848638 3.86920175 10.47472393
v 8.16187477 3.64782105 10.37389523
v 7.38213224 4.28031977 10.50096087
v 7.36080599 4.18681773 10.47472320
v 7.30611444 3.94725905 10.37389528
v 6.40518618 4.39039668 10.50096089
v 6.40518618 4.29449805 10.47472321
v 6.40518618 4.04878197 10.37389530
v 5.42822045 4.28031977 10.50096087
v 5.44956637 4.18681773 10.47472320
v 5.50423831 3.94725905 10.37389528
v 4.50026334 3.95561584 10.50096160
v 4.54186631 3.86920175 10.47472393
v 4.64847756 3.64782105 10.37389523
v 3.66780877 3.43255886 10.50096152
v 3.72760916 3.35757073 10.47472384
v 3.88081336 3.16545687 10.37389515
v 2.97263789 2.73736867 10.50096140
v 3.04760647 2.67756828 10.47472372
v 3.23972035 2.52436410 10.37389506
v 2.44956184 1.90493389 10.50096127
v 2.53597546 1.86331126 10.47472359
v 2.75735617 1.75670002 10.37389492
v 2.12485743 0.97695705 10.50096111
v 2.21835947 0.95561102 10.47472344
v 2.45791817 0.90093921 10.37389478
v 2.01478052 0.00001106 10.50096095
v 2.11069918 0.00001106 10.47472328
v 2.35641575 0.00001106 10.37389464
v 2.12485743 -0.97695468 10.50096079
v 2.21835947 -0.95560876 10.47472313
v 2.45791817 -0.90093680 10.37389449
v 2.44956184 -1.90493170 10.50096065
v 2.53597546 -1.86330882 10.47472298
v 2.75735617 -1.75669755 10.37389435
v 2.97263789 -2.73736636 10.50096051
v 3.04762626 -2.67756573 10.47472285
v 3.23972035 -2.52436175 10.37389424
v 3.66780877 -3.43255655 10.50096040
v 3.72760916 -3.35756865 10.47472275
v 3.88081336 -3.16545476 10.37389412
v 4.50026334 -3.95561329 10.50096032
v 4.54188598 -3.86919943 10.47472266
v 4.64849723 -3.64781870 10.37389404
v 5.42824012 -4.28031818 10.50096026
v 5.44956637 -4.18681518 10.47472261
v 5.50425792 -3.94725670 10.37389399
v 6.40518618 -4.39039413 10.50096025
v 6.40518618 -4.29449597 10.47472260
v 6.40518618 -4.04877939 10.37389398
v 7.38215190 -4.28031818 10.50096026
v 7.36080599 -4.18681518 10.47472261
v 7.30613405 -3.94725670 10.37389399
v 8.31010866 -3.95561329 10.50096032
v 8.26850605 -3.86919943 10.47472266
v 8.16189516 -3.64781870 10.37389404
v 9.14256358 -3.43255655 10.50096040
v 9.08276272 -3.35756865 10.47472275
v 8.92955923 -3.16545476 10.37389412
v 9.83773446 -2.73736636 10.50096051
v 9.76276589 -2.67756573 10.47472285
v 9.57065201 -2.52436175 10.37389424
v 10.36081004 -1.90491179 10.50096065
v 10.27439690 -1.86330882 10.47472298
v 10.05301619 -1.75669755 10.37389435
v 10.68551493 -0.97695468 10.50096079
v 10.59201289 -0.95560876 10.47472313
v 10.35245419 -0.90093680 10.37389449
v 10.66856528 0.97309571 10.27993624
v 10.75646353 0.99315458 10.31940113
v 10.86836243 0.00001106 10.31940098
v 10.77820635 0.00001107 10.27993608
v 10.66856528 0.97309571 10.27993624
v 10.77820635 0.00001107 10.27993608
v 10.42637301 1.93649744 10.31940129
v 10.34512806 1.89738953 10.27993639
v 10.34512806 1.89738953 10.27993639
v 9.82415080 2.72653735 10.27993652
v 9.89464379 2.78275382 10.31940142
v 9.82415080 2.72653735 10.27993652
v 9.18792868 3.48944866 10.31940155
v 9.13171196 3.41895568 10.27993665
v 9.13171196 3.41895568 10.27993665
v 8.34169209 4.02117836 10.31940164
v 8.30256486 3.93995249 10.27993673
v 8.30256486 3.93995249 10.27993673
v 7.37827081 4.26337015 10.27993607
v 7.39832956 4.35128891 10.31940098
v 7.37827081 4.26337015 10.27993607
v 6.40518618 4.46318685 10.31940098
v 6.40518618 4.37301123 10.27993608
v 6.40518618 4.37301123 10.27993608
v 5.43210155 4.26337015 10.27993607
v 5.41204238 4.35128891 10.31940098
v 5.43210155 4.26337015 10.27993607
v 4.50780750 3.93995249 10.27993673
v 4.46867991 4.02117836 10.31940164
v 4.50780750 3.93995249 10.27993673
v 3.67865992 3.41895568 10.27993665
v 3.62244368 3.48944866 10.31940155
v 3.67865992 3.41895568 10.27993665
v 2.98622156 2.72653735 10.27993652
v 2.91572857 2.78275382 10.31940142
v 2.98622156 2.72653735 10.27993652
v 2.38399935 1.93649744 10.31940129
v 2.46524430 1.89738953 10.27993639
v 2.46524430 1.89738953 10.27993639
v 2.14180708 0.97309571 10.27993624
v 2.05390883 0.99315458 10.31940113
v 2.14180708 0.97309571 10.27993624
v 2.03216601 0.00001107 10.27993608
v 1.94200993 0.00001106 10.31940098
v 2.03216601 0.00001107 10.27993608
v 2.14180708 -0.97309339 10.27993593
v 2.05390883 -0.99315239 10.31940082
v 2.14180708 -0.97309339 10.27993593
v 2.38399935 -1.93649519 10.31940067
v 2.46524430 -1.89738715 10.27993578
v 2.46524430 -1.89738715 10.27993578
v 2.98622156 -2.72653473 10.27993564
v 2.91572857 -2.78275121 10.31940053
v 2.98622156 -2.72653473 10.27993564
v 3.67865992 -3.41895306 10.27993552
v 3.62244368 -3.48944629 10.31940040
v 3.67865992 -3.41895306 10.27993552
v 4.46867991 -4.02117623 10.31940033
v 4.50780750 -3.93994987 10.27993544
v 4.50780750 -3.93994987 10.27993544
v 5.43210155 -4.26336801 10.27993540
v 5.41204238 -4.35126675 10.31940026
v 5.43210155 -4.26336801 10.27993540
v 6.40518618 -4.46318520 10.31940025
v 6.40518618 -4.37300861 10.27993537
v 6.40518618 -4.37300861 10.27993537
v 7.37827081 -4.26336801 10.27993540
v 7.39832956 -4.35126675 10.31940026
v 7.37827081 -4.26336801 10.27993540
v 8.30256486 -3.93994987 10.27993544
v 8.34169209 -4.02117623 10.31940033
v 8.30256486 -3.93994987 10.27993544
v 9.13171196 -3.41895306 10.27993552
v 9.18792868 -3.48944629 10.31940040
v 9.13171196 -3.41895306 10.27993552
v 9.82415080 -2.72651494 10.27993564
v 9.89464379 -2.78273142 10.31940053
v 9.82415080 -2.72651494 10.27993564
v 10.42637301 -1.93649519 10.31940067
v 10.34512806 -1.89736736 10.27993578
v 10.34512806 -1.89736736 10.27993578
v 10.66856528 -0.97307354 10.27993593
v 10.75646353 -0.99313254 10.31940082
v 10.66856528 -0.97307354 10.27993593
v 10.74783039 0.99117454 10.48997128
v 10.85951090 0.00001106 10.48997112
v 10.90053940 0.00001104 10.45826835
v 10.78782940 1.00030300 10.45826852
v 10.74783039 -0.99117217 10.48997095
v 10.78782940 -1.00030056 10.45826819
v 10.41839314 -1.93265358 10.48997079
v 10.45536232 -1.95045510 10.45826803
v 9.88771344 -2.77720681 10.48997065
v 9.91979146 -2.80279055 10.45826789
v 9.18240404 -3.48251573 10.48997055
v 9.20798755 -3.51459470 10.45826779
v 8.33785105 -4.01319543 10.48997046
v 8.35565269 -4.05016556 10.45826769
v 7.39636940 -4.34263316 10.48997041
v 7.40549803 -4.38263217 10.45826765
v 6.40518618 -4.45431319 10.48997039
v 6.40518618 -4.49534264 10.45826762
v 5.41400296 -4.34263316 10.48997041
v 5.40487433 -4.38263217 10.45826765
v 4.47252131 -4.01319543 10.48997046
v 4.45472002 -4.05016556 10.45826769
v 3.62796808 -3.48253623 10.48997055
v 3.60238457 -3.51461426 10.45826779
v 2.92265892 -2.77722684 10.48997065
v 2.89058090 -2.80281034 10.45826789
v 2.39197922 -1.93265358 10.48997079
v 2.35501004 -1.95045510 10.45826803
v 2.06254196 -0.99117217 10.48997095
v 2.02254296 -1.00030056 10.45826819
v 1.95086146 0.00001106 10.48997112
v 1.90983296 0.00001104 10.45826835
v 2.06254196 0.99117454 10.48997128
v 2.02254296 1.00030300 10.45826852
v 2.39197922 1.93265601 10.48997143
v 2.35501004 1.95045754 10.45826868
v 2.92265892 2.77722892 10.48997157
v 2.89058090 2.80281243 10.45826882
v 3.62796808 3.48253855 10.48997167
v 3.60238457 3.51461682 10.45826892
v 4.47252131 4.01321753 10.48997176
v 4.45472002 4.05016813 10.45826901
v 5.41400296 4.34265527 10.48997110
v 5.40487433 4.38265476 10.45826835
v 6.40518618 4.45431575 10.48997113
v 6.40518618 4.49536475 10.45826838
v 7.39636940 4.34263524 10.48997110
v 7.40549803 4.38265476 10.45826835
v 8.33785105 4.01319798 10.48997176
v 8.35565269 4.05016813 10.45826901
v 9.18240404 3.48253855 10.48997167
v 9.20798755 3.51461682 10.45826892
v 9.88771344 2.77722892 10.48997157
v 9.91979146 2.80281243 10.45826882
v 10.41839314 1.93265601 10.48997143
v 10.45536232 1.95045754 10.45826868
v 10.80513573 1.00426339 10.35326123
v 10.91830159 0.00001106 10.35326107
v 10.82198716 1.00810478 10.38605248
v 10.93556881 0.00001105 10.38605232
v 10.80513573 -1.00426103 10.35326090
v 10.82198716 -1.00810244 10.38605216
v 10.47136164 -1.95815803 10.35326074
v 10.48692608 -1.96564295 10.38605201
v 9.93367291 -2.81387915 10.35326060
v 9.94719696 -2.82465138 10.38605187
v 9.21905661 -3.52847518 10.35326049
v 9.22984863 -3.54199924 10.38605174
v 8.36335516 -4.06616486 10.35326041
v 8.37084020 -4.08172836 10.38605166
v 7.40945840 -4.39995850 10.35326035
v 7.41329944 -4.41678943 10.38605160
v 6.40518618 -4.51310433 10.35326033
v 6.40518618 -4.53039064 10.38605159
v 5.40093398 -4.39995850 10.35326035
v 5.39709258 -4.41678943 10.38605160
v 4.44701720 -4.06616486 10.35326041
v 4.43953216 -4.08172836 10.38605166
v 3.59131575 -3.52849497 10.35326049
v 3.58054352 -3.54199924 10.38605174
v 2.87669993 -2.81387915 10.35326060
v 2.86319495 -2.82465138 10.38605187
v 2.33901024 -1.95815803 10.35326074
v 2.32344628 -1.96566274 10.38605201
v 2.00523663 -1.00426103 10.35326090
v 1.98838520 -1.00810244 10.38605216
v 1.89207077 0.00001106 10.35326107
v 1.87480402 0.00001105 10.38605232
v 2.00523663 1.00426339 10.35326123
v 1.98838520 1.00810478 10.38605248
v 2.33901024 1.95816027 10.35326139
v 2.32344628 1.96566520 10.38605265
v 2.87669993 2.81388174 10.35326153
v 2.86319495 2.82465349 10.38605278
v 3.59131575 3.52849732 10.35326163
v 3.58054352 3.54200182 10.38605290
v 4.44701720 4.06616746 10.35326173
v 4.43953216 4.08173094 10.38605222
v 5.40091396 4.39996110 10.35326101
v 5.39707256 4.41681157 10.38605226
v 6.40518618 4.51310645 10.35326102
v 6.40518618 4.53039322 10.38605229
v 7.40943802 4.39996110 10.35326101
v 7.41329944 4.41681157 10.38605226
v 8.36335516 4.06616746 10.35326173
v 8.37084020 4.08173094 10.38605222
v 9.21905661 3.52849732 10.35326163
v 9.22982884 3.54200182 10.38605290
v 9.93367291 2.81388174 10.35326153
v 9.94717741 2.82465349 10.38605278
v 10.47136164 1.95816027 10.35326139
v 10.48692608 1.96566520 10.38605265
v 10.81438303 1.00638208 10.42232895
v 10.92776633 0.00001105 10.42232879
v 10.81438303 -1.00635996 10.42232861
v 10.47989655 -1.96227660 10.42234813
v 9.94109822 -2.81978026 10.42234799
v 9.22497726 -3.53590050 10.42234788
v 8.36747420 -4.07469931 10.42234779
v 7.41155684 -4.40918627 10.42234774
v 6.40518618 -4.52258911 10.42234772
v 5.39881516 -4.40918627 10.42234774
v 4.44291818 -4.07469931 10.42234779
v 3.58539510 -3.53590050 10.42234788
v 2.86929393 -2.81978026 10.42234799
v 2.33047581 -1.96227660 10.42232846
v 1.99598885 -1.00635996 10.42232861
v 1.88260603 0.00001105 10.42232879
v 1.99598885 1.00638208 10.42232895
v 2.33047581 1.96227906 10.42232911
v 2.86927414 2.81978235 10.42232924
v 3.58539510 3.53590307 10.42232935
v 4.44291818 4.07472143 10.42232867
v 5.39881516 4.40920839 10.42232873
v 6.40518618 4.52259169 10.42232875
v 7.41155684 4.40920839 10.42232873
v 8.36745382 4.07472143 10.42232867
v 9.22497726 3.53590307 10.42232935
v 9.94107843 2.81978235 10.42232924
v 10.47989655 1.96227906 10.42232911
v 6.55813599 -2.92301872 7.76331450
v 6.60726357 -2.90638521 7.84838177
v 6.55813599 -2.90638521 7.86154986
v 6.64320278 -2.90638521 7.81244208
v 6.65637112 -2.90638521 7.76331450
v 6.64320278 -2.90638521 7.71420671
v 6.60726357 -2.90638521 7.67824747
v 6.55813599 -2.90638521 7.66507937
v 6.50902844 -2.90638521 7.67824747
v 6.47306872 -2.90638521 7.71420671
v 6.45990086 -2.90638521 7.76331450
v 6.47306872 -2.90638521 7.81244208
v 6.50902844 -2.90638521 7.84838177
v 6.55813599 2.41723034 7.76330871
v 6.55813599 2.40059731 7.86154407
v 6.60726357 2.40059731 7.84837599
v 6.64320278 2.40059731 7.81243629
v 6.65637112 2.40059731 7.76330871
v 6.64320278 2.40059731 7.71420093
v 6.60726357 2.40059683 7.67824144
v 6.55813599 2.40059683 7.66507335
v 6.50902844 2.40059683 7.67824144
v 6.47306872 2.40059731 7.71420093
v 6.45990086 2.40059731 7.76330871
v 6.47306872 2.40059731 7.81243629
v 6.50902844 2.40059731 7.84837599
v 6.64320278 -2.86092117 7.91065741
v 6.55813599 -2.86092117 7.93346860
v 6.70549870 -2.86092117 7.84838177
v 6.72829008 -2.86092117 7.76331450
v 6.70549870 -2.86092117 7.67824735
v 6.64322281 -2.86092165 7.61597170
v 6.55813599 -2.86092165 7.59318018
v 6.47306872 -2.86092165 7.61597170
v 6.41079283 -2.86092117 7.67824735
v 6.38800145 -2.86092117 7.76331450
v 6.41079283 -2.86092117 7.84838177
v 6.47306872 -2.86092117 7.91065741
v 6.65637112 -2.79884364 7.93346859
v 6.55813599 -2.79884364 7.95978476
v 6.72829008 -2.79884364 7.86154986
v 6.75460625 -2.79884365 7.76331450
v 6.72829008 -2.79884365 7.66507925
v 6.65637112 -2.79884412 7.59318018
v 6.55813599 -2.79884412 7.56684423
v 6.45990086 -2.79884412 7.59318018
v 6.38800145 -2.79884365 7.66507925
v 6.36168528 -2.79884365 7.76331450
v 6.38800145 -2.79884364 7.86154986
v 6.45990086 -2.79884364 7.93346859
v 6.64320278 2.35513327 7.91065163
v 6.55813599 2.35513327 7.93346281
v 6.70549870 2.35513280 7.84837599
v 6.72829008 2.35513280 7.76330871
v 6.70549870 2.35513279 7.67824156
v 6.64322281 2.35513279 7.61596592
v 6.55813599 2.35513279 7.59317441
v 6.47306872 2.35513279 7.61596592
v 6.41079283 2.35513279 7.67824156
v 6.38800145 2.35513280 7.76330871
v 6.41079283 2.35513280 7.84837599
v 6.47306872 2.35513327 7.91065163
v 6.65637112 2.29305527 7.93346281
v 6.55813599 2.29305528 7.95977898
v 6.72829008 2.29305527 7.86154409
v 6.75460625 2.29305527 7.76330871
v 6.72829008 2.29305479 7.66507347
v 6.65637112 2.29305479 7.59317441
v 6.55813599 2.29305479 7.56683845
v 6.45990086 2.29305479 7.59317441
v 6.38800145 2.29305479 7.66507347
v 6.36168528 2.29305527 7.76330871
v 6.38800145 2.29305527 7.86154409
v 6.45990086 2.29305527 7.93346281
v 4.37997032 -0.40538545 8.78227693
v 1.93573380 -0.11933290 9.96513891
v 2.00775194 -0.18141055 9.92668412
v 1.88498259 -0.11933292 9.81928061
v 4.35440636 -0.40550430 8.63253827
v 1.95717907 -0.18141059 9.78098509
v 1.93573380 0.11933443 9.96513894
v 1.87419129 0.03979185 9.99802924
v 1.88498259 0.11933439 9.81928066
v 1.82326126 0.03979183 9.85201313
v 1.87419129 -0.03977051 9.99802924
v 1.82326126 -0.03977053 9.85201311
v 10.92657948 -0.11933290 9.96513891
v 8.48234296 -0.40538545 8.78227693
v 10.85456133 -0.18141055 9.92668412
v 10.97733069 -0.11933292 9.81928061
v 10.90513420 -0.18141059 9.78098509
v 8.50790692 -0.40550430 8.63253827
v 10.92657948 0.11933443 9.96513894
v 10.98812294 0.03977207 9.99802924
v 10.97733069 0.11933439 9.81928066
v 11.03905201 0.03977205 9.85201313
v 10.98812294 -0.03977051 9.99802924
v 11.03905201 -0.03977053 9.85201311
v 6.83654234 -2.05118631 8.63862888
v 6.55050988 -4.49542207 9.82188677
v 6.61256779 -4.42340391 9.78341293
v 6.55050988 -4.54617325 9.67602920
v 6.83666170 -2.07674976 8.48861268
v 6.61256779 -4.47395721 9.63773297
v 6.31182304 -4.49542207 9.82188677
v 6.39138582 -4.55696506 9.85475730
v 6.31182304 -4.54617325 9.67602920
v 6.39138582 -4.60789411 9.70876071
v 6.47094785 -4.55696506 9.85475730
v 6.47094785 -4.60789411 9.70876071
v 6.55050988 4.49542361 9.82188513
v 6.83654234 2.05120660 8.63862800
v 6.61256779 4.42340547 9.78341128
v 6.55050988 4.54617485 9.67602758
v 6.61256779 4.47397837 9.63773134
v 6.83666170 2.07675079 8.48861180
v 6.31182304 4.49542361 9.82188513
v 6.39138582 4.55696612 9.85475568
v 6.31182304 4.54617485 9.67602758
v 6.39138582 4.60789569 9.70875840
v 6.47094785 4.55696612 9.85475568
v 6.47094785 4.60789569 9.70875840
v 6.10695699 -0.17796542 8.20795421
v 6.53660962 0.00001035 8.20795423
v 6.35865351 -0.42966211 8.20795416
v 6.71458537 -0.42966211 8.20795416
v 6.96628189 -0.17796542 8.20795421
v 6.96628189 0.17796632 8.20795426
v 6.71458537 0.42966300 8.20795390
v 6.35865351 0.42966300 8.20795390
v 6.10695699 0.17796632 8.20795426
v 6.10695699 -0.17796537 8.42842387
v 6.53660962 0.00001039 8.42842389
v 6.10695699 0.17796637 8.42842393
v 6.35865351 0.42966305 8.42842361
v 6.71458537 0.42966305 8.42842361
v 6.96628189 0.17796637 8.42842393
v 6.96628189 -0.17796537 8.42842387
v 6.71458537 -0.42966206 8.42842383
v 6.35865351 -0.42966206 8.42842383
v 6.50595457 1.91386342 7.24264298
v 6.50596363 1.91386321 7.10581472
v 6.40920417 1.91386343 7.20256472
v 6.36914556 1.91386344 7.10581472
v 6.40920417 1.91386346 7.00906432
v 6.50595457 1.91386347 6.96898645
v 6.60270496 1.91386346 7.00906432
v 6.64278321 1.91386344 7.10581472
v 6.60270496 1.91386343 7.20256472
v 6.60270496 -2.41965245 7.20256554
v 6.50596061 -2.41965220 7.10581514
v 6.64278321 -2.41965244 7.10581551
v 6.60270496 -2.41965242 7.00906512
v 6.50595457 -2.41965242 6.96898722
v 6.40920417 -2.41965242 7.00906512
v 6.36914556 -2.41965244 7.10581551
v 6.40920417 -2.41965245 7.20256554
v 6.50595457 -2.41965246 7.24264379
v 6.34180581 -2.82035387 8.01032982
v 5.98535881 -2.82035442 6.99538499
v 6.03775367 -2.82035463 6.81691370
v 6.76880408 -2.82035387 8.01032982
v 7.07285583 -2.82035463 6.81691370
v 7.12525112 -2.82035442 6.99538499
v 6.34172574 -2.68358481 8.01036946
v 6.03686273 -2.68360512 6.81683479
v 5.98527986 -2.68358536 6.99538502
v 7.07372755 -2.68360512 6.81683479
v 6.76888416 -2.68358481 8.01036946
v 7.12533117 -2.68358536 6.99538502
v 6.34180581 2.31456911 8.01032606
v 6.03775367 2.31456835 6.81690999
v 5.98535881 2.31456856 6.99538130
v 6.76880408 2.31456911 8.01032606
v 7.12525112 2.31456856 6.99538130
v 7.07285583 2.31456835 6.81690999
v 6.34172574 2.17780006 8.01036574
v 5.98527986 2.17779951 6.99538128
v 6.03686273 2.17781908 6.81683106
v 7.07372755 2.17781908 6.81683106
v 7.12533117 2.17779951 6.99538128
v 6.76888416 2.17780006 8.01036574
v 6.29184397 -0.25289481 4.79293487
v 6.54944179 -0.25289481 4.79293487
v 6.31146726 -0.35146661 4.79293484
v 6.36730775 -0.43504872 4.79293483
v 6.45087020 -0.49088891 4.79293482
v 6.54944179 -0.51049240 4.79293506
v 6.64803301 -0.49088891 4.79293482
v 6.73159546 -0.43504872 4.79293483
v 6.78743595 -0.35146661 4.79293484
v 6.80703923 -0.25289481 4.79293487
v 6.78743595 -0.15432300 4.79293488
v 6.73159546 -0.07074092 4.79293489
v 6.64803301 -0.01490074 4.79293490
v 6.54944179 0.00470273 4.79293467
v 6.45087020 -0.01490074 4.79293490
v 6.36730775 -0.07074092 4.79293489
v 6.31146726 -0.15432300 4.79293488
v 6.00840581 -0.25289460 5.70479247
v 6.54944179 -0.25289460 5.70479247
v 6.04959292 -0.04585025 5.70479251
v 6.16687683 0.12968993 5.70479241
v 6.34239726 0.24697415 5.70479244
v 6.54944179 0.28814144 5.70479244
v 6.75648630 0.24697415 5.70479244
v 6.93202597 0.12968993 5.70479241
v 7.04931027 -0.04585025 5.70479251
v 7.09049744 -0.25289460 5.70479247
v 7.04931027 -0.45993896 5.70479244
v 6.93202597 -0.63547914 5.70479264
v 6.75648630 -0.75276332 5.70479262
v 6.54944179 -0.79393058 5.70479261
v 6.34239726 -0.75276332 5.70479262
v 6.16687683 -0.63547914 5.70479264
v 6.04959292 -0.45993896 5.70479244
v 4.37997032 0.40538647 8.78227659
v 2.00775194 0.18141211 9.92668418
v 1.95719910 0.18141205 9.78098516
v 2.00775194 0.18141211 9.92668418
v 4.37997032 0.40538647 8.78227659
v 4.35440636 0.40550525 8.63253803
v 2.00775194 -0.18141055 9.92668412
v 1.95717907 -0.18141059 9.78098509
v 4.35440636 -0.40550430 8.63253827
v 4.37997032 -0.40538545 8.78227693
v 1.93573380 -0.11933290 9.96513891
v 1.88498259 -0.11933292 9.81928061
v 1.95719910 0.18141205 9.78098516
v 4.35440636 0.40550525 8.63253803
v 1.93573380 0.11933443 9.96513894
v 1.88498259 0.11933439 9.81928066
v 1.87419129 -0.03977051 9.99802924
v 1.82326126 -0.03977053 9.85201311
v 1.87419129 0.03979185 9.99802924
v 1.82326126 0.03979183 9.85201313
v 8.48234296 0.40538647 8.78227659
v 10.85456133 0.18141211 9.92668418
v 10.90513420 0.18141205 9.78098516
v 8.50790692 0.40550525 8.63253803
v 8.48234296 0.40538647 8.78227659
v 10.85456133 0.18141211 9.92668418
v 8.50790692 -0.40550430 8.63253827
v 8.48234296 -0.40538545 8.78227693
v 4.37997032 -0.40538545 8.78227693
v 4.35440636 -0.40550430 8.63253827
v 10.85456133 -0.18141055 9.92668412
v 8.48234296 -0.40538545 8.78227693
v 8.50790692 -0.40550430 8.63253827
v 10.90513420 -0.18141059 9.78098509
v 10.97733069 -0.11933292 9.81928061
v 10.92657948 -0.11933290 9.96513891
v 8.50790692 0.40550525 8.63253803
v 10.90513420 0.18141205 9.78098516
v 8.50790692 0.40550525 8.63253803
v 4.35440636 0.40550525 8.63253803
v 4.37997032 0.40538647 8.78227659
v 8.48234296 0.40538647 8.78227659
v 10.92657948 0.11933443 9.96513894
v 10.97733069 0.11933439 9.81928066
v 11.03905201 -0.03977053 9.85201311
v 10.98812294 -0.03977051 9.99802924
v 11.03905201 0.03977205 9.85201313
v 10.98812294 0.03977207 9.99802924
v 6.02579058 -2.05118631 8.63862888
v 6.24976513 -4.42340391 9.78341293
v 6.00638518 -0.58076726 8.63868764
v 6.85594848 -0.58076726 8.63868764
v 6.85594848 -0.38065342 8.58676833
v 6.00636518 -0.38065342 8.58676833
v 6.24976513 -4.47395721 9.63773297
v 6.24976513 -4.42340391 9.78341293
v 6.02579058 -2.05118631 8.63862888
v 6.02565196 -2.07674976 8.48861268
v 6.00638518 -0.58076726 8.63868764
v 6.00636518 -0.38065342 8.58676833
v 6.00636518 -0.38631667 8.43728692
v 6.00638518 -0.59308382 8.48871116
v 6.83666170 -2.07674976 8.48861268
v 6.83654234 -2.05118631 8.63862888
v 6.61256779 -4.42340391 9.78341293
v 6.61256779 -4.47395721 9.63773297
v 6.55050988 -4.49542207 9.82188677
v 6.55050988 -4.54617325 9.67602920
v 6.85594848 -0.58076726 8.63868764
v 6.85594848 -0.59308382 8.48871116
v 6.85594848 -0.38631667 8.43728692
v 6.85594848 -0.38065342 8.58676833
v 6.24976513 -4.47395721 9.63773297
v 6.02565196 -2.07674976 8.48861268
v 6.00638518 -0.59308382 8.48871116
v 6.00636518 -0.38631667 8.43728692
v 6.85594848 -0.38631667 8.43728692
v 6.85594848 -0.59308382 8.48871116
v 6.02565196 -2.07674976 8.48861268
v 6.02579058 -2.05118631 8.63862888
v 6.83654234 -2.05118631 8.63862888
v 6.83666170 -2.07674976 8.48861268
v 6.31182304 -4.54617325 9.67602920
v 6.31182304 -4.49542207 9.82188677
v 6.47094785 -4.55696506 9.85475730
v 6.47094785 -4.60789411 9.70876071
v 6.39138582 -4.55696506 9.85475730
v 6.39138582 -4.60789411 9.70876071
v 6.24976513 4.42340547 9.78341128
v 6.02579058 2.05120660 8.63862800
v 6.85594848 0.38065436 8.58676811
v 6.85594848 0.58076818 8.63868748
v 6.00638518 0.58076818 8.63868748
v 6.00636518 0.38065436 8.58676811
v 6.24976513 4.42340547 9.78341128
v 6.24976513 4.47397837 9.63773134
v 6.02565196 2.07675079 8.48861180
v 6.02579058 2.05120660 8.63862800
v 6.00636518 0.38631754 8.43728668
v 6.00636518 0.38065436 8.58676811
v 6.00638518 0.58076818 8.63868748
v 6.00638518 0.59308467 8.48871087
v 6.85594848 0.38065436 8.58676811
v 6.85594848 0.38631754 8.43728668
v 6.61256779 4.47397837 9.63773134
v 6.61256779 4.42340547 9.78341128
v 6.83654234 2.05120660 8.63862800
v 6.83666170 2.07675079 8.48861180
v 6.55050988 4.54617485 9.67602758
v 6.55050988 4.49542361 9.82188513
v 6.85594848 0.58076818 8.63868748
v 6.85594848 0.59308467 8.48871087
v 6.02565196 2.07675079 8.48861180
v 6.24976513 4.47397837 9.63773134
v 6.85594848 0.59308467 8.48871087
v 6.85594848 0.38631754 8.43728668
v 6.00636518 0.38631754 8.43728668
v 6.00638518 0.59308467 8.48871087
v 6.02579058 2.05120660 8.63862800
v 6.02565196 2.07675079 8.48861180
v 6.83666170 2.07675079 8.48861180
v 6.83654234 2.05120660 8.63862800
v 6.31182304 4.49542361 9.82188513
v 6.31182304 4.54617485 9.67602758
v 6.47094785 4.55696612 9.85475568
v 6.47094785 4.60789569 9.70875840
v 6.39138582 4.55696612 9.85475568
v 6.39138582 4.60789569 9.70875840
v 6.10695699 0.17796632 8.20795426
v 6.10695699 -0.17796542 8.20795421
v 6.10695699 -0.17796537 8.42842387
v 6.10695699 0.17796637 8.42842393
v 6.35865351 0.42966305 8.42842361
v 6.35865351 0.42966300 8.20795390
v 6.35865351 0.42966300 8.20795390
v 6.35865351 0.42966305 8.42842361
v 6.71458537 0.42966305 8.42842361
v 6.71458537 0.42966300 8.20795390
v 6.96628189 0.17796637 8.42842393
v 6.96628189 0.17796632 8.20795426
v 6.96628189 -0.17796537 8.42842387
v 6.96628189 -0.17796542 8.20795421
v 6.71458537 -0.42966206 8.42842383
v 6.71458537 -0.42966211 8.20795416
v 6.35865351 -0.42966206 8.42842383
v 6.35865351 -0.42966211 8.20795416
v 6.91640124 -0.59023284 5.73043504
v 6.91640124 -0.41039575 5.64764446
v 6.91640124 -0.38146574 5.84346193
v 6.91640124 -0.49393817 5.91718273
v 6.91640124 -0.75785237 6.11248446
v 6.91640124 -0.64260770 6.20216540
v 6.18267723 -0.41039575 5.64764446
v 6.18267723 -0.59023284 5.73043504
v 6.18267723 -0.49393817 5.91718273
v 6.18267723 -0.38146574 5.84346193
v 6.18251859 -0.75785237 6.11248446
v 6.18251859 -0.64260770 6.20216540
v 6.18245930 -1.86307243 6.75480574
v 6.18245930 -2.31642739 6.75607316
v 6.18245930 -2.28383393 6.92723699
v 6.18245930 -1.85944850 6.90654458
v 6.91640124 -2.45719597 7.10461900
v 6.91640124 -2.46511638 7.99491319
v 6.91640124 -2.68631877 8.10778194
v 6.91640124 -2.68699212 6.96781033
v 6.91640124 -1.22049371 8.22702663
v 6.91640124 -2.28714055 8.35920167
v 6.91640124 -2.27074494 8.13837551
v 6.91640124 -1.23861218 8.01061557
v 6.18245930 -2.46511638 7.99491319
v 6.18245930 -2.45719597 7.10461900
v 6.18245930 -2.68699212 6.96781033
v 6.18245930 -2.68631877 8.10778194
v 6.18245930 -2.28714055 8.35920167
v 6.18245930 -1.22049371 8.22702663
v 6.18245930 -1.23861218 8.01061557
v 6.18245930 -2.27074494 8.13837551
v 6.91640124 -1.08994293 6.50019778
v 6.91640124 -1.01055886 6.63817456
v 6.91640124 -1.17219821 6.73442941
v 6.91640124 -1.24700834 6.60280906
v 6.18245930 -1.24700834 6.60280906
v 6.18245930 -1.17219821 6.73442941
v 6.18245930 -1.01055886 6.63817456
v 6.18245930 -1.08994293 6.50019778
v 6.91640124 -2.31644718 6.75607316
v 6.91640124 -1.86307243 6.75480574
v 6.91640124 -1.85944850 6.90654458
v 6.91640124 -2.28383393 6.92723699
v 6.18245930 -2.49503676 6.76894381
v 6.18245930 -2.37050505 6.95929553
v 6.18245930 -2.45218601 8.08906964
v 6.18245930 -2.63075583 8.26326323
v 6.18245930 -2.61877602 6.84274388
v 6.18245930 -2.44131513 7.01180935
v 6.18245930 -2.36725750 8.13991944
v 6.18245930 -2.48891753 8.35646875
v 6.91640124 -0.64260770 6.20216540
v 6.18251859 -0.64260770 6.20216540
v 6.18249896 -0.75876311 6.39233900
v 6.91640124 -0.75876311 6.39233900
v 6.18245930 -0.87664139 6.52352428
v 6.91640124 -0.87664139 6.52352428
v 6.18245930 -1.01055886 6.63817456
v 6.91640124 -1.01055886 6.63817456
v 6.91640124 -0.83246389 8.18488859
v 6.91640124 -0.83167183 7.96408199
v 6.91640124 -0.25289419 7.96386418
v 6.91640124 -0.25289417 8.18467072
v 6.18245930 -0.83246389 8.18488859
v 6.18245930 -0.25289417 8.18467072
v 6.18245930 -0.25289419 7.96386418
v 6.18245930 -0.83167183 7.96408199
v 6.91640124 -0.09539369 5.64764451
v 6.91640124 0.08444344 5.73043480
v 6.91640124 -0.01185115 5.91718281
v 6.91640124 -0.12432364 5.84346199
v 6.91640124 0.25206313 6.11248427
v 6.91640124 0.13683826 6.20216515
v 6.18267723 -0.12432364 5.84346199
v 6.18267723 -0.01185115 5.91718281
v 6.18267723 0.08444344 5.73043480
v 6.18267723 -0.09539369 5.64764451
v 6.18251859 0.13681846 6.20216515
v 6.18251859 0.25206313 6.11248427
v 6.18245930 1.35728332 6.75480472
v 6.18245930 1.35365981 6.90654358
v 6.18245930 1.77804511 6.92723617
v 6.18245930 1.81065794 6.75607229
v 6.91640124 1.95140710 7.10461823
v 6.91640124 2.18120317 6.96780885
v 6.91640124 2.18053017 8.10778047
v 6.91640124 1.95932793 7.99491242
v 6.91640124 1.78135222 8.35920084
v 6.91640124 0.71470555 8.22702623
v 6.91640124 0.73282390 8.01061513
v 6.91640124 1.76495645 8.13837463
v 6.18245930 1.95140710 7.10461823
v 6.18245930 1.95932793 7.99491242
v 6.18245930 2.18053017 8.10778047
v 6.18245930 2.18120317 6.96780885
v 6.18245930 1.76495645 8.13837463
v 6.18245930 0.73282390 8.01061513
v 6.18245930 0.71470555 8.22702623
v 6.18245930 1.78135222 8.35920084
v 6.91640124 0.58415401 6.50019727
v 6.91640124 0.74121939 6.60280860
v 6.91640124 0.66640946 6.73442901
v 6.91640124 0.50476978 6.63817409
v 6.18245930 0.50476978 6.63817409
v 6.18245930 0.66640946 6.73442901
v 6.18245930 0.74121939 6.60280860
v 6.18245930 0.58415401 6.50019727
v 6.91640124 1.77804511 6.92723617
v 6.91640124 1.35365981 6.90654358
v 6.91640124 1.35728332 6.75480472
v 6.91640124 1.81065794 6.75607229
v 6.18245930 1.98926743 6.76894304
v 6.18245930 1.86471610 6.95929470
v 6.18245930 2.12496741 8.26326251
v 6.18245930 1.94639753 8.08906886
v 6.18245930 1.93552629 7.01180858
v 6.18245930 2.11298735 6.84274316
v 6.18245930 1.86146901 8.13991865
v 6.18245930 1.98312944 8.35646794
v 6.18249896 0.25297402 6.39233845
v 6.18251859 0.13681846 6.20216515
v 6.91640124 0.13683826 6.20216515
v 6.91640124 0.25297402 6.39233845
v 6.91640124 0.37085232 6.52352376
v 6.18245930 0.37085232 6.52352376
v 6.18245930 0.50476978 6.63817409
v 6.91640124 0.50476978 6.63817409
v 6.91640124 0.32588345 7.96408146
v 6.91640124 0.32667556 8.18488800
v 6.18245930 0.32667556 8.18488800
v 6.18245930 0.32588345 7.96408146
v 6.91640124 -0.59023284 5.73043504
v 6.18267723 -0.59023284 5.73043504
v 6.18267723 -0.41039575 5.64764446
v 6.91640124 -0.41039575 5.64764446
v 6.18267723 -0.38146574 5.84346193
v 6.18267723 -0.49393817 5.91718273
v 6.91640124 -0.49393817 5.91718273
v 6.91640124 -0.38146574 5.84346193
v 6.91640124 -0.75785237 6.11248446
v 6.18251859 -0.75785237 6.11248446
v 6.91640124 -1.24700834 6.60280906
v 6.18245930 -1.24700834 6.60280906
v 6.18245930 -1.08994293 6.50019778
v 6.91640124 -1.08994293 6.50019778
v 6.91640124 -1.17219821 6.73442941
v 6.18245930 -1.17219821 6.73442941
v 6.18245930 -2.31642739 6.75607316
v 6.18245930 -1.86307243 6.75480574
v 6.91640124 -1.86307243 6.75480574
v 6.91640124 -2.31644718 6.75607316
v 6.91640124 -2.28383393 6.92723699
v 6.91640124 -1.85944850 6.90654458
v 6.18245930 -1.85944850 6.90654458
v 6.18245930 -2.28383393 6.92723699
v 6.18245930 -2.68631877 8.10778194
v 6.18245930 -2.68699212 6.96781033
v 6.91640124 -2.68699212 6.96781033
v 6.91640124 -2.68631877 8.10778194
v 6.91640124 -2.46511638 7.99491319
v 6.91640124 -2.45719597 7.10461900
v 6.18245930 -2.45719597 7.10461900
v 6.18245930 -2.46511638 7.99491319
v 6.91640124 -0.83246389 8.18488859
v 6.91640124 -0.25289417 8.18467072
v 6.18245930 -0.25289417 8.18467072
v 6.18245930 -0.83246389 8.18488859
v 6.91640124 -1.23861218 8.01061557
v 6.91640124 -2.27074494 8.13837551
v 6.18245930 -2.27074494 8.13837551
v 6.18245930 -1.23861218 8.01061557
v 6.18245930 -1.22049371 8.22702663
v 6.18245930 -2.28714055 8.35920167
v 6.91640124 -2.28714055 8.35920167
v 6.91640124 -1.22049371 8.22702663
v 6.91640124 -0.83167183 7.96408199
v 6.18245930 -0.83167183 7.96408199
v 6.18245930 -0.25289419 7.96386418
v 6.91640124 -0.25289419 7.96386418
v 6.91640124 -2.49505655 6.76894381
v 6.91640124 -2.37050505 6.95929553
v 6.91640124 -2.48891753 8.35646875
v 6.18245930 -2.48891753 8.35646875
v 6.18245930 -2.37050505 6.95929553
v 6.91640124 -2.37050505 6.95929553
v 6.18245930 -2.45218601 8.08906964
v 6.91640124 -2.45218601 8.08906964
v 6.18245930 -2.61877602 6.84274388
v 6.91640124 -2.61877602 6.84274388
v 6.91640124 -2.45218601 8.08906964
v 6.91640124 -2.63075583 8.26326323
v 6.91640124 -2.61877602 6.84274388
v 6.91640124 -2.44131513 7.01180935
v 6.91640124 -2.48891753 8.35646875
v 6.91640124 -2.36725750 8.13991944
v 6.18245930 -2.49503676 6.76894381
v 6.91640124 -2.49505655 6.76894381
v 6.18245930 -2.49503676 6.76894381
v 6.91640124 -2.49505655 6.76894381
v 6.91640124 -2.63075583 8.26326323
v 6.18245930 -2.63075583 8.26326323
v 6.91640124 -2.44131513 7.01180935
v 6.18245930 -2.44131513 7.01180935
v 6.91640124 -2.37050505 6.95929553
v 6.18245930 -2.37050505 6.95929553
v 6.91640124 -2.36725750 8.13991944
v 6.18245930 -2.36725750 8.13991944
v 6.91640124 -2.45218601 8.08906964
v 6.18245930 -2.45218601 8.08906964
v 6.91640124 -1.61618713 6.73734055
v 6.91640124 -1.59022754 6.89038616
v 6.91640124 -1.59022754 6.89038616
v 6.18245930 -1.59022754 6.89038616
v 6.18245930 -1.61618713 6.73734055
v 6.91640124 -1.61618713 6.73734055
v 6.18245930 -1.59022754 6.89038616
v 6.18245930 -1.61618713 6.73734055
v 6.91640124 -1.37072795 6.82963511
v 6.91640124 -1.41157856 6.68696590
v 6.18245930 -1.37072795 6.82963511
v 6.91640124 -1.37072795 6.82963511
v 6.91640124 -1.41157856 6.68696590
v 6.18245930 -1.41157856 6.68696590
v 6.18245930 -1.41157856 6.68696590
v 6.18245930 -1.37072795 6.82963511
v 6.18245930 -0.96511445 6.40095314
v 6.91640124 -0.96511445 6.40095314
v 6.18245930 -0.87664139 6.52352428
v 6.18245930 -0.96511445 6.40095314
v 6.91640124 -0.75876311 6.39233900
v 6.91640124 -0.85125597 6.27188646
v 6.91640124 -0.85125597 6.27188646
v 6.18247894 -0.85125597 6.27188646
v 6.91640124 -0.96511445 6.40095314
v 6.91640124 -0.87664139 6.52352428
v 6.18249896 -0.75876311 6.39233900
v 6.18247894 -0.85125597 6.27188646
v 6.18267723 -0.09539369 5.64764451
v 6.18267723 0.08444344 5.73043480
v 6.91640124 0.08444344 5.73043480
v 6.91640124 -0.09539369 5.64764451
v 6.18267723 -0.01185115 5.91718281
v 6.18267723 -0.12432364 5.84346199
v 6.91640124 -0.12432364 5.84346199
v 6.91640124 -0.01185115 5.91718281
v 6.18251859 0.25206313 6.11248427
v 6.91640124 0.25206313 6.11248427
v 6.91640124 1.81065794 6.75607229
v 6.91640124 1.35728332 6.75480472
v 6.18245930 1.35728332 6.75480472
v 6.18245930 1.81065794 6.75607229
v 6.18245930 1.95932793 7.99491242
v 6.18245930 1.95140710 7.10461823
v 6.91640124 1.95140710 7.10461823
v 6.91640124 1.95932793 7.99491242
v 6.91640124 2.18120317 6.96780885
v 6.18245930 2.18120317 6.96780885
v 6.18245930 2.18053017 8.10778047
v 6.91640124 2.18053017 8.10778047
v 6.91640124 1.76495645 8.13837463
v 6.91640124 0.73282390 8.01061513
v 6.18245930 0.73282390 8.01061513
v 6.18245930 1.76495645 8.13837463
v 6.91640124 1.78135222 8.35920084
v 6.18245930 1.78135222 8.35920084
v 6.18245930 0.71470555 8.22702623
v 6.91640124 0.71470555 8.22702623
v 6.91640124 0.66640946 6.73442901
v 6.18245930 0.66640946 6.73442901
v 6.18245930 0.58415401 6.50019727
v 6.18245930 0.74121939 6.60280860
v 6.91640124 0.74121939 6.60280860
v 6.91640124 0.58415401 6.50019727
v 6.91640124 1.35365981 6.90654358
v 6.91640124 1.77804511 6.92723617
v 6.18245930 1.77804511 6.92723617
v 6.18245930 1.35365981 6.90654358
v 6.91640124 1.98926743 6.76894304
v 6.91640124 1.86471610 6.95929470
v 6.91640124 2.12496741 8.26326251
v 6.91640124 1.94639753 8.08906886
v 6.91640124 1.86471610 6.95929470
v 6.18245930 1.86471610 6.95929470
v 6.18245930 1.98926743 6.76894304
v 6.91640124 1.98926743 6.76894304
v 6.91640124 1.94639753 8.08906886
v 6.18245930 1.94639753 8.08906886
v 6.18245930 2.12496741 8.26326251
v 6.91640124 2.12496741 8.26326251
v 6.91640124 2.11298735 6.84274316
v 6.91640124 1.93552629 7.01180858
v 6.91640124 1.98312944 8.35646794
v 6.91640124 1.86146901 8.13991865
v 6.91640124 1.93552629 7.01180858
v 6.18245930 1.93552629 7.01180858
v 6.18245930 1.86471610 6.95929470
v 6.91640124 1.86471610 6.95929470
v 6.18245930 1.98926743 6.76894304
v 6.18245930 2.11298735 6.84274316
v 6.91640124 2.11298735 6.84274316
v 6.91640124 1.98926743 6.76894304
v 6.18245930 1.86146901 8.13991865
v 6.18245930 1.94639753 8.08906886
v 6.91640124 1.94639753 8.08906886
v 6.91640124 1.86146901 8.13991865
v 6.18245930 1.98312944 8.35646794
v 6.91640124 1.98312944 8.35646794
v 6.91640124 0.90578953 6.68696557
v 6.91640124 0.86493910 6.82963470
v 6.18245930 0.86493910 6.82963470
v 6.91640124 0.86493910 6.82963470
v 6.18245930 0.86493910 6.82963470
v 6.18245930 0.90578953 6.68696557
v 6.91640124 0.90578953 6.68696557
v 6.18245930 0.90578953 6.68696557
v 6.91640124 1.11039838 6.73734022
v 6.91640124 1.08443850 6.89038587
v 6.18245930 1.08443850 6.89038587
v 6.91640124 1.08443850 6.89038587
v 6.18245930 1.11039838 6.73734022
v 6.18245930 1.08443850 6.89038587
v 6.91640124 1.11039838 6.73734022
v 6.18245930 1.11039838 6.73734022
v 6.91640124 0.34546677 6.27188629
v 6.91640124 0.25297402 6.39233845
v 6.18247894 0.34546677 6.27188629
v 6.18249896 0.25297402 6.39233845
v 6.18247894 0.34546677 6.27188629
v 6.91640124 0.34546677 6.27188629
v 6.91640124 0.45934515 6.40095267
v 6.91640124 0.37085232 6.52352376
v 6.18245930 0.37085232 6.52352376
v 6.18245930 0.45934515 6.40095267
v 6.18245930 0.45934515 6.40095267
v 6.91640124 0.45934515 6.40095267
v 6.18245930 0.32667556 8.18488800
v 6.91640124 0.32667556 8.18488800
v 6.18245930 0.32588345 7.96408146
v 6.91640124 0.32588345 7.96408146
v 6.91640124 -0.41039575 5.64764446
v 6.18267723 -0.41039575 5.64764446
v 6.18267723 -0.38146574 5.84346193
v 6.91640124 -0.38146574 5.84346193
v 6.36914556 1.91386344 7.10581472
v 6.36914556 -2.41965244 7.10581551
v 6.40920417 -2.41965245 7.20256554
v 6.40920417 1.91386343 7.20256472
v 6.50595457 -2.41965246 7.24264379
v 6.50595457 1.91386342 7.24264298
v 6.50595457 1.91386342 7.24264298
v 6.50595457 -2.41965246 7.24264379
v 6.60270496 -2.41965245 7.20256554
v 6.60270496 1.91386343 7.20256472
v 6.64278321 -2.41965244 7.10581551
v 6.64278321 1.91386344 7.10581472
v 6.60270496 -2.41965242 7.00906512
v 6.60270496 1.91386346 7.00906432
v 6.50595457 -2.41965242 6.96898722
v 6.50595457 1.91386347 6.96898645
v 6.40920417 -2.41965242 7.00906512
v 6.40920417 1.91386346 7.00906432
v 6.69674662 -2.82019510 8.11953506
v 6.92139572 -2.82031480 6.70893631
v 6.91286007 -2.68322912 6.70903527
v 6.69680706 -2.68358483 8.11953508
v 6.41380360 -2.68358483 8.11953508
v 6.19772980 -2.68322912 6.70903527
v 6.76880408 -2.82035387 8.01032982
v 7.12525112 -2.82035442 6.99538499
v 7.12533117 -2.68358536 6.99538502
v 6.76888416 -2.68358481 8.01036946
v 6.92139572 -2.82031480 6.70893631
v 6.91286007 -2.68322912 6.70903527
v 7.07372755 -2.68360512 6.81683479
v 7.07285583 -2.82035463 6.81691370
v 6.69680706 -2.68358483 8.11953508
v 6.69674662 -2.82019510 8.11953506
v 6.41380360 -2.68358483 8.11953508
v 6.34172574 -2.68358481 8.01036946
v 6.34180581 -2.82035387 8.01032982
v 6.41386327 -2.82019510 8.11953506
v 6.03686273 -2.68360512 6.81683479
v 6.19772980 -2.68322912 6.70903527
v 6.18919528 -2.82031480 6.70893631
v 6.03775367 -2.82035463 6.81691370
v 5.98527986 -2.68358536 6.99538502
v 5.98535881 -2.82035442 6.99538499
v 6.61609611 -2.82031408 8.16488007
v 6.69116295 -2.82033457 6.61644390
v 6.68781668 -2.68322910 6.61666147
v 6.61613539 -2.68358484 8.16495943
v 6.69116295 -2.82033457 6.61644390
v 6.68781668 -2.68322910 6.61666147
v 6.61609611 -2.82031408 8.16488007
v 6.61613539 -2.68358484 8.16495943
v 6.41386327 -2.82019510 8.11953506
v 6.18919528 -2.82031480 6.70893631
v 6.41942730 -2.82033457 6.61644390
v 6.49449414 -2.82031408 8.16488007
v 6.49445486 -2.68358484 8.16495943
v 6.42279322 -2.68322910 6.61666147
v 6.42279322 -2.68322910 6.61666147
v 6.41942730 -2.82033457 6.61644390
v 6.49449414 -2.82031408 8.16488007
v 6.49445486 -2.68358484 8.16495943
v 6.41942730 -2.82033457 6.61644390
v 6.42279322 -2.68322910 6.61666147
v 6.92139572 2.31452879 6.70893261
v 6.69674662 2.31441055 8.11953137
v 6.69680706 2.17780004 8.11953135
v 6.91286007 2.17744288 6.70903152
v 6.41380360 2.17780004 8.11953135
v 6.19772980 2.17744288 6.70903152
v 6.76880408 2.31456911 8.01032606
v 6.76888416 2.17780006 8.01036574
v 7.12533117 2.17779951 6.99538128
v 7.12525112 2.31456856 6.99538130
v 6.92139572 2.31452879 6.70893261
v 7.07285583 2.31456835 6.81690999
v 7.07372755 2.17781908 6.81683106
v 6.91286007 2.17744288 6.70903152
v 6.69674662 2.31441055 8.11953137
v 6.69680706 2.17780004 8.11953135
v 6.41380360 2.17780004 8.11953135
v 6.41386327 2.31441055 8.11953137
v 6.34180581 2.31456911 8.01032606
v 6.34172574 2.17780006 8.01036574
v 6.03686273 2.17781908 6.81683106
v 6.03775367 2.31456835 6.81690999
v 6.18919528 2.31452879 6.70893261
v 6.19772980 2.17744288 6.70903152
v 5.98527986 2.17779951 6.99538128
v 5.98535881 2.31456856 6.99538130
v 6.61609611 2.31452951 8.16487638
v 6.69116295 2.31454836 6.61644021
v 6.68781668 2.17744289 6.61665775
v 6.61613539 2.17780003 8.16495568
v 6.68781668 2.17744289 6.61665775
v 6.69116295 2.31454836 6.61644021
v 6.61609611 2.31452951 8.16487638
v 6.61613539 2.17780003 8.16495568
v 6.41386327 2.31441055 8.11953137
v 6.49449414 2.31452951 8.16487638
v 6.41942730 2.31454836 6.61644021
v 6.18919528 2.31452879 6.70893261
v 6.42279322 2.17744289 6.61665775
v 6.49445486 2.17780003 8.16495568
v 6.42279322 2.17744289 6.61665775
v 6.41942730 2.31454836 6.61644021
v 6.49445486 2.17780003 8.16495568
v 6.49449414 2.31452951 8.16487638
v 6.41942730 2.31454836 6.61644021
v 6.42279322 2.17744289 6.61665775
v 6.20523247 -0.11030429 4.87505077
v 6.17685676 -0.25289479 4.87505076
v 6.00840581 -0.25289460 5.70479247
v 6.04959292 -0.04585025 5.70479251
v 6.28598307 0.01056401 4.87505055
v 6.16687683 0.12968993 5.70479241
v 6.34239726 0.24697415 5.70479244
v 6.40687084 0.09133427 4.87505056
v 6.54944179 0.28814144 5.70479244
v 6.54944179 0.11969000 4.87505057
v 6.54944179 0.11969000 4.87505057
v 6.54944179 0.28814144 5.70479244
v 6.75648630 0.24697415 5.70479244
v 6.69203237 0.09133427 4.87505056
v 6.81290013 0.01056401 4.87505055
v 6.93202597 0.12968993 5.70479241
v 7.04931027 -0.04585025 5.70479251
v 6.89367074 -0.11030429 4.87505077
v 7.09049744 -0.25289460 5.70479247
v 6.92202646 -0.25289479 4.87505076
v 6.89367074 -0.39548531 4.87505073
v 7.04931027 -0.45993896 5.70479244
v 6.93202597 -0.63547914 5.70479264
v 6.81290013 -0.51635358 4.87505095
v 6.75648630 -0.75276332 5.70479262
v 6.69203237 -0.59712383 4.87505093
v 6.54944179 -0.79393058 5.70479261
v 6.54944179 -0.62547955 4.87505092
v 6.34239726 -0.75276332 5.70479262
v 6.40687084 -0.59712383 4.87505093
v 6.28598307 -0.51635358 4.87505095
v 6.16687683 -0.63547914 5.70479264
v 6.04959292 -0.45993896 5.70479244
v 6.20523247 -0.39548531 4.87505073
v 6.31146726 -0.35146661 4.79293484
v 6.36730775 -0.43504872 4.79293483
v 6.45087020 -0.49088891 4.79293482
v 6.54944179 -0.51049240 4.79293506
v 6.64803301 -0.49088891 4.79293482
v 6.73159546 -0.43504872 4.79293483
v 6.78743595 -0.35146661 4.79293484
v 6.80703923 -0.25289481 4.79293487
v 6.78743595 -0.15432300 4.79293488
v 6.73159546 -0.07074092 4.79293489
v 6.64803301 -0.01490074 4.79293490
v 6.54944179 0.00470273 4.79293467
v 6.54944179 0.00470273 4.79293467
v 6.45087020 -0.01490074 4.79293490
v 6.36730775 -0.07074092 4.79293489
v 6.31146726 -0.15432300 4.79293488
v 6.29184397 -0.25289481 4.79293487
v 6.45055295 -0.10850117 2.94279288
v 6.37669318 -0.21901329 2.94279286
v 6.37669318 -0.21901347 4.80972932
v 6.45055295 -0.10850137 4.80972933
v 6.58090659 -0.08256122 2.94279288
v 6.58090659 -0.08256142 4.80972933
v 6.69143790 -0.15640116 4.80972933
v 6.69143790 -0.15640098 2.94279287
v 6.58090659 -0.08256122 2.94279288
v 6.58090659 -0.08256142 4.80972933
v 6.71735832 -0.28677418 4.80972931
v 6.71735832 -0.28677399 2.94279285
v 6.64351818 -0.39728629 4.80972928
v 6.64351818 -0.39728610 2.94279283
v 6.51314566 -0.42322607 2.94279283
v 6.51314566 -0.42322623 4.80972927
v 6.40263323 -0.34938647 4.80972930
v 6.40263323 -0.34938629 2.94279284
v -8.26413119 -0.42427624 8.83487040
v -6.40518713 0.00001021 8.86954333
v -8.12310493 -0.82729585 8.83487034
v -7.89594197 -1.18883146 8.83487027
v -7.59402871 -1.49074472 8.83487023
v -7.23249352 -1.71790732 8.83487019
v -6.82947364 -1.85893346 8.83487016
v -6.40518713 -1.90673447 8.83487016
v -5.98090061 -1.85893346 8.83487016
v -5.57788109 -1.71790732 8.83487019
v -5.21634555 -1.49074472 8.83487023
v -4.91443228 -1.18883146 8.83487027
v -4.68726968 -0.82729585 8.83487034
v -4.54624343 -0.42429606 8.83487040
v -4.49844229 0.00001022 8.83487047
v -4.54624343 0.42429667 8.83487054
v -4.68726968 0.82729655 8.83487061
v -4.91443228 1.18883216 8.83487067
v -5.21634555 1.49074542 8.83487071
v -5.57788109 1.71790802 8.83487074
v -5.98090061 1.85893416 8.83487078
v -6.40518713 1.90673494 8.83487078
v -6.82947364 1.85893416 8.83487078
v -7.23249352 1.71790802 8.83487074
v -7.59402871 1.49074542 8.83487071
v -7.89594197 1.18883216 8.83487067
v -8.12310493 0.82729655 8.83487061
v -8.26411080 0.42429667 8.83487054
v -8.31193161 0.00001022 8.83487047
v -8.67164182 0.00001108 9.04470296
v -6.40518713 0.00001712 9.05906183
v -8.61482525 0.50434251 9.04470297
v -8.44721770 0.98338749 9.04470293
v -8.17718994 1.41313465 9.04470294
v -7.81831300 1.77201183 9.04470294
v -7.38855761 2.04201110 9.04470293
v -6.90952062 2.20965226 9.04470296
v -6.40518713 2.26647146 9.04470297
v -5.90084648 2.20965035 9.04470296
v -5.42180872 2.04200919 9.04470293
v -4.99205899 1.77201243 9.04470294
v -4.63317978 1.41313048 9.04470294
v -4.36315417 0.98338802 9.04470293
v -4.19554782 0.50434251 9.04470297
v -4.13873052 0.00001108 9.04470296
v -4.19554543 -0.50434290 9.04470293
v -4.36315226 -0.98338876 9.04470297
v -4.63318765 -1.41310863 9.04470297
v -4.99206698 -1.77198688 9.04470297
v -5.42181289 -2.04201500 9.04470299
v -5.90085178 -2.20965735 9.04470296
v -6.40518713 -2.26647703 9.04470294
v -6.90952813 -2.20965640 9.04470296
v -7.38856589 -2.04201238 9.04470293
v -7.81830620 -1.77198605 9.04470297
v -8.17718470 -1.41310839 9.04470297
v -8.44721937 -0.98338841 9.04470297
v -8.61482238 -0.50432651 9.04470293
v -10.27703118 0.00001007 9.73268961
v -10.49403572 0.00001003 9.97565407
v -10.39150381 0.90984879 9.97565422
v -10.17996430 0.86157277 9.73268974
v -10.65201187 0.00001000 10.16555030
v -10.54553985 0.94501622 10.16555045
v -10.08909511 1.77408461 9.97565436
v -9.89359545 1.67992862 9.73268988
v -10.23144841 1.84263731 10.16555060
v -9.60197878 2.54935257 9.97565449
v -9.43231940 2.41404887 9.73269001
v -9.72548031 2.64786495 10.16555073
v -8.95452952 3.19678180 9.97565459
v -8.81924581 3.02714249 9.73269010
v -9.05304241 3.32030310 10.16555085
v -8.17926192 3.68391792 9.97565468
v -8.08512509 3.48841854 9.73269017
v -8.24781453 3.82627119 10.16555093
v -7.31504529 3.98632686 9.97565472
v -7.26675015 3.77476736 9.73269023
v -7.35019326 4.14036240 10.16555098
v -6.40518713 4.08883922 9.97565474
v -6.40518713 3.87185403 9.73269024
v -6.40518713 4.24683441 10.16555100
v -5.49532860 3.98632686 9.97565472
v -5.54362446 3.77476736 9.73269023
v -5.46018099 4.14036240 10.16555098
v -4.63111233 3.68391792 9.97565468
v -4.72524881 3.48841854 9.73269017
v -4.56255972 3.82627119 10.16555093
v -3.85584473 3.19678180 9.97565459
v -3.99112844 3.02714249 9.73269010
v -3.75733232 3.32030310 10.16555085
v -3.20839548 2.54935257 9.97565449
v -3.37805485 2.41404887 9.73269001
v -3.08487391 2.64786495 10.16555073
v -2.72125888 1.77408461 9.97565436
v -2.91677880 1.67992862 9.73268988
v -2.57892584 1.84263731 10.16555060
v -2.41885066 0.90984879 9.97565422
v -2.63040995 0.86157277 9.73268974
v -2.26483488 0.94501622 10.16555045
v -2.31633854 0.00001003 9.97565407
v -2.53334307 0.00001007 9.73268961
v -2.15836191 0.00001000 10.16555030
v -2.41887045 -0.90984847 9.97565392
v -2.63040995 -0.86157248 9.73268947
v -2.26483488 -0.94501601 10.16555014
v -2.72125888 -1.77408452 9.97565378
v -2.91677880 -1.67992834 9.73268934
v -2.57892584 -1.84263729 10.16555000
v -3.20839548 -2.54935224 9.97565367
v -3.37805485 -2.41404847 9.73268922
v -3.08487391 -2.64784490 10.16554987
v -3.85584473 -3.19678147 9.97565355
v -3.99112844 -3.02712229 9.73268911
v -3.75733232 -3.32030331 10.16554977
v -4.63111233 -3.68391831 9.97565347
v -4.72524881 -3.48841814 9.73268904
v -4.56255972 -3.82625137 10.16554968
v -5.49532860 -3.98632653 9.97565342
v -5.54362446 -3.77476696 9.73268900
v -5.46018099 -4.14034210 10.16554963
v -6.40518713 -4.08883889 9.97565340
v -6.40518713 -3.87185363 9.73268897
v -6.40518713 -4.24683510 10.16554961
v -7.31504529 -3.98632653 9.97565342
v -7.26675015 -3.77476696 9.73268900
v -7.35019326 -4.14034210 10.16554963
v -8.17926192 -3.68391831 9.97565347
v -8.08512509 -3.48841814 9.73268904
v -8.24781453 -3.82625137 10.16554968
v -8.95452952 -3.19678147 9.97565355
v -8.81924581 -3.02712229 9.73268911
v -9.05304241 -3.32030331 10.16554977
v -9.60197878 -2.54935224 9.97565367
v -9.43231940 -2.41404847 9.73268922
v -9.72550082 -2.64784490 10.16554987
v -10.08911538 -1.77406450 9.97565378
v -9.89359545 -1.67992834 9.73268934
v -10.23144841 -1.84261738 10.16555000
v -10.39150381 -0.90984847 9.97565392
v -10.17996430 -0.86155263 9.73268947
v -10.54553985 -0.94499622 10.16555014
v -9.88434767 0.79410911 9.48204242
v -9.97383070 0.00001011 9.48204229
v -9.47738766 0.70122038 9.24194984
v -9.55639600 0.00001015 9.24194971
v -9.88434767 -0.79408889 9.48204217
v -9.47738766 -0.70120008 9.24194960
v -9.62043380 -1.54836726 9.48204205
v -9.24432468 -1.36724301 9.24194949
v -9.19527626 -2.22500371 9.48204194
v -8.86890816 -1.96473308 9.24194940
v -8.63020086 -2.79007887 9.48204183
v -8.36993014 -2.46371074 9.24194931
v -7.95356440 -3.21523666 9.48204177
v -7.77244031 -2.83912702 9.24194926
v -7.19928610 -3.47917079 9.48204173
v -7.10639715 -3.07219048 9.24194922
v -6.40518713 -3.56863355 9.48204172
v -6.40518713 -3.15119834 9.24194920
v -5.61108815 -3.47917079 9.48204173
v -5.70397675 -3.07219048 9.24194922
v -4.85680985 -3.21523666 9.48204177
v -5.03793394 -2.83912702 9.24194926
v -4.18017316 -2.79007887 9.48204183
v -4.44044411 -2.46371074 9.24194931
v -3.61511802 -2.22500371 9.48204194
v -3.94148612 -1.96473308 9.24194940
v -3.18994045 -1.54836726 9.48204205
v -3.56605005 -1.36726268 9.24194949
v -2.92600631 -0.79408889 9.48204217
v -3.33298659 -0.70120008 9.24194960
v -2.83654332 0.00001011 9.48204229
v -3.25397849 0.00001015 9.24194971
v -2.92600631 0.79408932 9.48204242
v -3.33298659 0.70120059 9.24194984
v -3.18994045 1.54838729 9.48204254
v -3.56605005 1.36726324 9.24194995
v -3.61509823 2.22502399 9.48204266
v -3.94146609 1.96475331 9.24195003
v -4.18017316 2.79007936 9.48204275
v -4.44044411 2.46371131 9.24195011
v -4.85680985 3.21523715 9.48204282
v -5.03793394 2.83914737 9.24195018
v -5.61108815 3.47917128 9.48204285
v -5.70397675 3.07219128 9.24195021
v -6.40518713 3.56865359 9.48204287
v -6.40518713 3.15119891 9.24195024
v -7.19928610 3.47917128 9.48204285
v -7.10639715 3.07219128 9.24195021
v -7.95356440 3.21523715 9.48204282
v -7.77244031 2.83914737 9.24195018
v -8.63020086 2.79007936 9.48204275
v -8.36993014 2.46371131 9.24195011
v -9.19525599 2.22502399 9.48204266
v -8.86888837 1.96475331 9.24195003
v -9.62041425 1.54838729 9.48204254
v -9.24432468 1.36726324 9.24194995
v -10.79559278 0.00000995 10.47803796
v -10.69967413 0.00000995 10.45180029
v -10.59201383 0.95560988 10.45180046
v -10.68551588 0.97695591 10.47803813
v -10.45395755 0.00000997 10.35097164
v -10.35245514 0.90093808 10.35097179
v -10.27439785 1.86331018 10.45180061
v -10.36079144 1.90493270 10.47803828
v -10.05301714 1.75669883 10.35097193
v -9.76274705 2.67756709 10.45180073
v -9.83773541 2.73736747 10.47803840
v -9.57065296 2.52438293 10.35097206
v -9.08276367 3.35757002 10.45180085
v -9.14256453 3.43255814 10.47803852
v -8.92956018 3.16545592 10.35097216
v -8.26848733 3.86920103 10.45180092
v -8.31010961 3.95561417 10.47803860
v -8.16187572 3.64782034 10.35097225
v -7.36080694 4.18681678 10.45180098
v -7.38213318 4.28031930 10.47803866
v -7.30611539 3.94725834 10.35097229
v -6.40518713 4.29449662 10.45180100
v -6.40518713 4.39039572 10.47803867
v -6.40518713 4.04878054 10.35097230
v -5.44956731 4.18681678 10.45180098
v -5.42822140 4.28031930 10.47803866
v -5.50423926 3.94725834 10.35097229
v -4.54186725 3.86920103 10.45180092
v -4.50026428 3.95561417 10.47803860
v -4.64847850 3.64782034 10.35097225
v -3.72761011 3.35757002 10.45180085
v -3.66780972 3.43255814 10.47803852
v -3.88081431 3.16545592 10.35097216
v -3.04760742 2.67756709 10.45180073
v -2.97263884 2.73736747 10.47803840
v -3.23972130 2.52436290 10.35097206
v -2.53597641 1.86331018 10.45180061
v -2.44956278 1.90493270 10.47803828
v -2.75735712 1.75669883 10.35097193
v -2.21836042 0.95560988 10.45180046
v -2.12485838 0.97695591 10.47803813
v -2.45791912 0.90093808 10.35097179
v -2.11070013 0.00000995 10.45180029
v -2.01478147 0.00000995 10.47803796
v -2.35641670 0.00000997 10.35097164
v -2.21836042 -0.95560983 10.45180014
v -2.12485838 -0.97695581 10.47803780
v -2.45791912 -0.90093793 10.35097150
v -2.53597641 -1.86331001 10.45179999
v -2.44956278 -1.90493277 10.47803765
v -2.75735712 -1.75669863 10.35097137
v -3.04762721 -2.67756692 10.45179987
v -2.97263884 -2.73736731 10.47803751
v -3.23972130 -2.52436270 10.35097124
v -3.72761011 -3.35756985 10.45179975
v -3.66780972 -3.43255798 10.47803741
v -3.88081431 -3.16545572 10.35097113
v -4.54188692 -3.86920086 10.45179967
v -4.50026428 -3.95561401 10.47803732
v -4.64849817 -3.64782013 10.35097105
v -5.44956731 -4.18681661 10.45179961
v -5.42824107 -4.28031913 10.47803727
v -5.50425887 -3.94725813 10.35097101
v -6.40518713 -4.29449740 10.45179960
v -6.40518713 -4.39039556 10.47803725
v -6.40518713 -4.04878034 10.35097098
v -7.36080694 -4.18681661 10.45179961
v -7.38215285 -4.28031913 10.47803727
v -7.30613500 -3.94725813 10.35097101
v -8.26850700 -3.86920086 10.45179967
v -8.31010961 -3.95561401 10.47803732
v -8.16189611 -3.64782013 10.35097105
v -9.08276367 -3.35756985 10.45179975
v -9.14256453 -3.43255798 10.47803741
v -8.92956018 -3.16545572 10.35097113
v -9.76276683 -2.67756692 10.45179987
v -9.83773541 -2.73736731 10.47803751
v -9.57065296 -2.52436270 10.35097124
v -10.27439785 -1.86331001 10.45179999
v -10.36081099 -1.90491299 10.47803765
v -10.05301714 -1.75669863 10.35097137
v -10.59201383 -0.95560983 10.45180014
v -10.68551588 -0.97695581 10.47803780
v -10.35245514 -0.90093793 10.35097150
v -10.77820730 0.00000998 10.25701309
v -10.86836338 0.00000998 10.29647798
v -10.75646448 0.99315350 10.29647814
v -10.66856622 0.97309470 10.25701325
v -10.77820730 0.00000998 10.25701309
v -10.66856622 0.97309470 10.25701325
v -10.42637396 1.93649637 10.29647829
v -10.34512901 1.89738834 10.25701341
v -10.34512901 1.89738834 10.25701341
v -9.89464473 2.78275263 10.29647843
v -9.82415175 2.72653615 10.25701353
v -9.82415175 2.72653615 10.25701353
v -9.18792963 3.48944794 10.29647856
v -9.13171291 3.41895497 10.25701365
v -9.13171291 3.41895497 10.25701365
v -8.34169304 4.02117693 10.29647864
v -8.30256581 3.93995178 10.25701373
v -8.30256581 3.93995178 10.25701373
v -7.37827176 4.26336872 10.25701379
v -7.39833051 4.35128748 10.29647870
v -7.37827176 4.26336872 10.25701379
v -6.40518713 4.46318590 10.29647871
v -6.40518713 4.37301028 10.25701381
v -6.40518713 4.37301028 10.25701381
v -5.41204333 4.35128748 10.29647870
v -5.43210250 4.26336872 10.25701379
v -5.43210250 4.26336872 10.25701379
v -4.46868086 4.02117693 10.29647864
v -4.50780844 3.93995178 10.25701373
v -4.50780844 3.93995178 10.25701373
v -3.67866087 3.41895497 10.25701365
v -3.62244463 3.48944794 10.29647856
v -3.67866087 3.41895497 10.25701365
v -2.98622250 2.72653615 10.25701353
v -2.91572952 2.78275263 10.29647843
v -2.98622250 2.72653615 10.25701353
v -2.38400030 1.93649637 10.29647829
v -2.46524524 1.89738834 10.25701341
v -2.46524524 1.89738834 10.25701341
v -2.14180803 0.97309470 10.25701325
v -2.05390978 0.99315350 10.29647814
v -2.14180803 0.97309470 10.25701325
v -2.03216695 0.00000998 10.25701309
v -1.94201088 0.00000998 10.29647798
v -2.03216695 0.00000998 10.25701309
v -2.14180803 -0.97309452 10.25701293
v -2.05390978 -0.99315340 10.29647783
v -2.14180803 -0.97309452 10.25701293
v -2.38400030 -1.93649627 10.29647767
v -2.46524524 -1.89738834 10.25701278
v -2.46524524 -1.89738834 10.25701278
v -2.91572952 -2.78275240 10.29647754
v -2.98622250 -2.72653592 10.25701264
v -2.98622250 -2.72653592 10.25701264
v -3.62244463 -3.48944772 10.29647741
v -3.67866087 -3.41895473 10.25701254
v -3.67866087 -3.41895473 10.25701254
v -4.46868086 -4.02117670 10.29647732
v -4.50780844 -3.93995154 10.25701246
v -4.50780844 -3.93995154 10.25701246
v -5.41204333 -4.35126770 10.29647727
v -5.43210250 -4.26336944 10.25701240
v -5.43210250 -4.26336944 10.25701240
v -6.40518713 -4.46318568 10.29647725
v -6.40518713 -4.37301004 10.25701239
v -6.40518713 -4.37301004 10.25701239
v -7.39833051 -4.35126770 10.29647727
v -7.37827176 -4.26336944 10.25701240
v -7.37827176 -4.26336944 10.25701240
v -8.30256581 -3.93995154 10.25701246
v -8.34169304 -4.02117670 10.29647732
v -8.30256581 -3.93995154 10.25701246
v -9.18792963 -3.48944772 10.29647741
v -9.13171291 -3.41895473 10.25701254
v -9.13171291 -3.41895473 10.25701254
v -9.89464473 -2.78273261 10.29647754
v -9.82415175 -2.72651613 10.25701264
v -9.82415175 -2.72651613 10.25701264
v -10.42637396 -1.93649627 10.29647767
v -10.34512901 -1.89736855 10.25701278
v -10.34512901 -1.89736855 10.25701278
v -10.75646448 -0.99313367 10.29647783
v -10.66856622 -0.97307468 10.25701293
v -10.66856622 -0.97307468 10.25701293
v -10.85951185 0.00000995 10.46704812
v -10.74783134 0.99117341 10.46704829
v -10.78783035 1.00030193 10.43534553
v -10.90054035 0.00000996 10.43534537
v -10.74783134 -0.99117330 10.46704795
v -10.78783035 -1.00030175 10.43534519
v -10.41839409 -1.93265477 10.46704780
v -10.45536327 -1.95045629 10.43534504
v -9.88771438 -2.77720801 10.46704766
v -9.91979241 -2.80279151 10.43534490
v -9.18240499 -3.48251716 10.46704756
v -9.20798850 -3.51459542 10.43534479
v -8.33785200 -4.01319734 10.46704747
v -8.35565364 -4.05016652 10.43534471
v -7.39637035 -4.34263459 10.46704741
v -7.40549898 -4.38263360 10.43534465
v -6.40518713 -4.45431463 10.46704740
v -6.40518713 -4.49534312 10.43534463
v -5.41400391 -4.34263459 10.46704741
v -5.40487528 -4.38263360 10.43534465
v -4.47252226 -4.01319734 10.46704747
v -4.45472097 -4.05016652 10.43534471
v -3.62796902 -3.48253695 10.46704756
v -3.60238552 -3.51461497 10.43534479
v -2.92265987 -2.77722780 10.46704766
v -2.89058184 -2.80281130 10.43534490
v -2.39198017 -1.93265477 10.46704780
v -2.35501098 -1.95045629 10.43534504
v -2.06254291 -0.99117330 10.46704795
v -2.02254390 -1.00030175 10.43534519
v -1.95086240 0.00000995 10.46704812
v -1.90983390 0.00000996 10.43534537
v -2.06254291 0.99117341 10.46704829
v -2.02254390 1.00030193 10.43534553
v -2.39198017 1.93265494 10.46704844
v -2.35501098 1.95045647 10.43534568
v -2.92265987 2.77722796 10.46704858
v -2.89058184 2.80281147 10.43534582
v -3.62796902 3.48253711 10.46704868
v -3.60238552 3.51461515 10.43534593
v -4.47252226 4.01321706 10.46704878
v -4.45472097 4.05016670 10.43534603
v -5.41400391 4.34265431 10.46704882
v -5.40487528 4.38265332 10.43534607
v -6.40518713 4.45431479 10.46704885
v -6.40518713 4.49536285 10.43534610
v -7.39637035 4.34263476 10.46704882
v -7.40549898 4.38265332 10.43534607
v -8.33785200 4.01319751 10.46704878
v -8.35565364 4.05016670 10.43534603
v -9.18240499 3.48253711 10.46704868
v -9.20798850 3.51461515 10.43534593
v -9.88771438 2.77722796 10.46704858
v -9.91979241 2.80281147 10.43534582
v -10.41839409 1.93265494 10.46704844
v -10.45536327 1.95045647 10.43534568
v -10.80513668 1.00426220 10.33033824
v -10.91830253 0.00000997 10.33033808
v -10.93556976 0.00000997 10.36312932
v -10.82198810 1.00810359 10.36312950
v -10.80513668 -1.00426210 10.33033791
v -10.82198810 -1.00810351 10.36312917
v -10.47136259 -1.95815910 10.33033775
v -10.48692703 -1.96564402 10.36312901
v -9.93367386 -2.81388034 10.33033762
v -9.94719791 -2.82465233 10.36312887
v -9.21905756 -3.52847685 10.33033750
v -9.22984957 -3.54200091 10.36312875
v -8.36335611 -4.06616582 10.33033741
v -8.37084114 -4.08173027 10.36312866
v -7.40945935 -4.39995946 10.33033736
v -7.41330039 -4.41679134 10.36312860
v -6.40518713 -4.51310576 10.33033734
v -6.40518713 -4.53039207 10.36312858
v -5.40093493 -4.39995946 10.33033736
v -5.39709353 -4.41679134 10.36312860
v -4.44701814 -4.06616582 10.33033741
v -4.43953311 -4.08173027 10.36312866
v -3.59131670 -3.52849640 10.33033750
v -3.58054447 -3.54200091 10.36312875
v -2.87670087 -2.81388034 10.33033762
v -2.86319589 -2.82465233 10.36312887
v -2.33901119 -1.95815910 10.33033775
v -2.32344722 -1.96566393 10.36312901
v -2.00523758 -1.00426210 10.33033791
v -1.98838615 -1.00810351 10.36312917
v -1.89207172 0.00000997 10.33033808
v -1.87480497 0.00000997 10.36312932
v -2.00523758 1.00426220 10.33033824
v -1.98838615 1.00810359 10.36312950
v -2.33901119 1.95815919 10.33033839
v -2.32344722 1.96566413 10.36312965
v -2.87670087 2.81388055 10.33033853
v -2.86319589 2.82465253 10.36312979
v -3.59131670 3.52849661 10.33033865
v -3.58054447 3.54200111 10.36312990
v -4.44701814 4.06616603 10.33033874
v -4.43953311 4.08173047 10.36312999
v -5.40091490 4.39995967 10.33033879
v -5.39707350 4.41681109 10.36313004
v -6.40518713 4.51310502 10.33033881
v -6.40518713 4.53039227 10.36313006
v -7.40943896 4.39995967 10.33033879
v -7.41330039 4.41681109 10.36313004
v -8.36335611 4.06616603 10.33033874
v -8.37084114 4.08173047 10.36312999
v -9.21905756 3.52849661 10.33033865
v -9.22982979 3.54200111 10.36312990
v -9.93367386 2.81388055 10.33033853
v -9.94717836 2.82465253 10.36312979
v -10.47136259 1.95815919 10.33033839
v -10.48692703 1.96566413 10.36312965
v -10.92776727 0.00000996 10.39940579
v -10.81438398 1.00638089 10.39940596
v -10.81438398 -1.00636103 10.39940562
v -10.47989750 -1.96227779 10.39942513
v -9.94109916 -2.81978121 10.39942499
v -9.22497821 -3.53590193 10.39942489
v -8.36747515 -4.07470074 10.39942480
v -7.41155779 -4.40918675 10.39942474
v -6.40518713 -4.52259007 10.39942473
v -5.39881611 -4.40918675 10.39942474
v -4.44291913 -4.07470074 10.39942480
v -3.58539605 -3.53590193 10.39942489
v -2.86929488 -2.81978121 10.39942499
v -2.33047676 -1.96227779 10.39940546
v -1.99598980 -1.00636103 10.39940562
v -1.88260698 0.00000996 10.39940579
v -1.99598980 1.00638089 10.39940596
v -2.33047676 1.96227798 10.39940611
v -2.86927509 2.81978116 10.39940625
v -3.58539605 3.53590212 10.39940637
v -4.44291913 4.07472048 10.39940646
v -5.39881611 4.40920744 10.39940650
v -6.40518713 4.52259025 10.39940653
v -7.41155779 4.40920744 10.39940650
v -8.36745476 4.07472048 10.39940646
v -9.22497821 3.53590212 10.39940637
v -9.94107937 2.81978116 10.39940625
v -10.47989750 1.96227798 10.39940611
v -6.55813598 -2.92301872 7.74039174
v -6.55813598 -2.90638522 7.83862711
v -6.60726356 -2.90638522 7.82545900
v -6.64320278 -2.90638521 7.78951932
v -6.65637111 -2.90638521 7.74039174
v -6.64320278 -2.90638520 7.69128395
v -6.60726356 -2.90638519 7.65532459
v -6.55813598 -2.90638519 7.64215649
v -6.50902843 -2.90638519 7.65532459
v -6.47306871 -2.90638520 7.69128395
v -6.45990085 -2.90638521 7.74039174
v -6.47306871 -2.90638521 7.78951932
v -6.50902843 -2.90638522 7.82545900
v -6.55813598 2.41723034 7.74039261
v -6.60726356 2.40059730 7.82545988
v -6.55813598 2.40059729 7.83862797
v -6.64320278 2.40059730 7.78952018
v -6.65637111 2.40059731 7.74039260
v -6.64320278 2.40059732 7.69128481
v -6.60726356 2.40059732 7.65532545
v -6.55813598 2.40059733 7.64215735
v -6.50902843 2.40059732 7.65532545
v -6.47306871 2.40059732 7.69128481
v -6.45990085 2.40059731 7.74039260
v -6.47306871 2.40059730 7.78952018
v -6.50902843 2.40059730 7.82545988
v -6.64320278 -2.86092119 7.88773467
v -6.55813598 -2.86092120 7.91054583
v -6.70549869 -2.86092118 7.82545902
v -6.72829008 -2.86092117 7.74039175
v -6.70549869 -2.86092115 7.65532459
v -6.64322281 -2.86092114 7.59304895
v -6.55813598 -2.86092114 7.57025744
v -6.47306871 -2.86092114 7.59304895
v -6.41079282 -2.86092115 7.65532459
v -6.38800144 -2.86092117 7.74039175
v -6.41079282 -2.86092118 7.82545902
v -6.47306871 -2.86092119 7.88773467
v -6.65637111 -2.79884367 7.91054584
v -6.55813598 -2.79884368 7.93686202
v -6.72829008 -2.79884366 7.83862712
v -6.75460624 -2.79884365 7.74039176
v -6.72829008 -2.79884363 7.64215651
v -6.65637111 -2.79884362 7.57025744
v -6.55813598 -2.79884361 7.54392150
v -6.45990085 -2.79884362 7.57025744
v -6.38800144 -2.79884363 7.64215651
v -6.36168527 -2.79884365 7.74039176
v -6.38800144 -2.79884366 7.83862712
v -6.45990085 -2.79884367 7.91054584
v -6.64320278 2.35513277 7.88773552
v -6.55813598 2.35513277 7.91054668
v -6.70549869 2.35513278 7.82545986
v -6.72829008 2.35513280 7.74039260
v -6.70549869 2.35513281 7.65532544
v -6.64322281 2.35513282 7.59304980
v -6.55813598 2.35513282 7.57025829
v -6.47306871 2.35513282 7.59304980
v -6.41079282 2.35513281 7.65532544
v -6.38800144 2.35513280 7.74039260
v -6.41079282 2.35513278 7.82545986
v -6.47306871 2.35513277 7.88773552
v -6.65637111 2.29305525 7.91054667
v -6.55813598 2.29305524 7.93686285
v -6.72829008 2.29305526 7.83862795
v -6.75460624 2.29305527 7.74039259
v -6.72829008 2.29305529 7.64215734
v -6.65637111 2.29305530 7.57025828
v -6.55813598 2.29305530 7.54392233
v -6.45990085 2.29305530 7.57025828
v -6.38800144 2.29305529 7.64215734
v -6.36168527 2.29305527 7.74039259
v -6.38800144 2.29305526 7.83862795
v -6.45990085 2.29305525 7.91054667
v -6.29184396 -0.25289424 4.77001139
v -6.31146726 -0.35146605 4.77001138
v -6.54944178 -0.25289424 4.77001139
v -6.36730774 -0.43504809 4.77001137
v -6.45087019 -0.49088832 4.77001136
v -6.54944178 -0.51049178 4.77001136
v -6.64803300 -0.49088832 4.77001136
v -6.73159545 -0.43504809 4.77001137
v -6.78743595 -0.35146605 4.77001138
v -6.80703923 -0.25289424 4.77001139
v -6.78743595 -0.15432243 4.77001142
v -6.73159545 -0.07074035 4.77001143
v -6.64803300 -0.01490016 4.77001144
v -6.54944178 0.00470331 4.77001144
v -6.45087019 -0.01490016 4.77001144
v -6.36730774 -0.07074035 4.77001143
v -6.31146726 -0.15432243 4.77001142
v -6.00840580 -0.25289439 5.68186900
v -6.04959291 -0.04585002 5.68186903
v -6.54944178 -0.25289439 5.68186900
v -6.16687682 0.12969017 5.68186907
v -6.34239725 0.24697436 5.68186909
v -6.54944178 0.28814165 5.68186909
v -6.75648629 0.24697436 5.68186909
v -6.93202597 0.12969017 5.68186907
v -7.04931026 -0.04585002 5.68186903
v -7.09049743 -0.25289439 5.68186900
v -7.04931026 -0.45993872 5.68186896
v -6.93202597 -0.63547893 5.68186894
v -6.75648629 -0.75276311 5.68186892
v -6.54944178 -0.79393037 5.68186892
v -6.34239725 -0.75276311 5.68186892
v -6.16687682 -0.63547893 5.68186894
v -6.04959291 -0.45993872 5.68186896
v -6.57503724 1.91386303 7.21972057
v -6.47828698 1.91386304 7.17964235
v -6.57504630 1.91386282 7.08289233
v -6.43822837 1.91386306 7.08289233
v -6.47828698 1.91386307 6.98614213
v -6.57503724 1.91386308 6.94606402
v -6.67178774 1.91386307 6.98614213
v -6.71186590 1.91386306 7.08289233
v -6.67178774 1.91386304 7.17964235
v -6.67178774 -2.41965308 7.17964164
v -6.71186590 -2.41965235 7.08289162
v -6.57504332 -2.41965235 7.08289120
v -6.67178774 -2.41965233 6.98614142
v -6.57503724 -2.41965233 6.94606341
v -6.47828698 -2.41965233 6.98614142
v -6.43822837 -2.41965235 7.08289162
v -6.47828698 -2.41965308 7.17964164
v -6.57503724 -2.41965309 7.21971987
v -6.34180581 -2.82035617 7.98740402
v -6.03775367 -2.82035597 6.79398811
v -5.98535880 -2.82035600 6.97245899
v -6.76880407 -2.82035617 7.98740402
v -7.12525111 -2.82035600 6.97245899
v -7.07285583 -2.82035597 6.79398811
v -6.34172573 -2.68358735 7.98744361
v -5.98527985 -2.68358718 6.97245901
v -6.03686273 -2.68360670 6.79390901
v -7.07372754 -2.68360670 6.79390901
v -7.12533116 -2.68358718 6.97245901
v -6.76888415 -2.68358735 7.98744361
v -6.34180581 2.31456896 7.98740295
v -5.98535880 2.31456841 6.97245773
v -6.03775367 2.31456844 6.79398686
v -6.76880407 2.31456896 7.98740295
v -7.07285583 2.31456844 6.79398686
v -7.12525111 2.31456841 6.97245773
v -6.34172573 2.17779990 7.98744262
v -6.03686273 2.17781917 6.79390788
v -5.98527985 2.17779935 6.97245771
v -7.07372754 2.17781917 6.79390788
v -6.76888415 2.17779990 7.98744262
v -7.12533116 2.17779935 6.97245771
v -6.20776635 -0.32885329 8.18503137
v -6.53660961 0.00000980 8.18503142
v -6.07155180 0.00000980 8.18503142
v -6.53660961 -0.46506769 8.18503135
v -6.86547288 -0.32885329 8.18503137
v -7.00168740 0.00000980 8.18503142
v -6.86547288 0.32885312 8.18503148
v -6.53660961 0.46506750 8.18503151
v -6.20776635 0.32885312 8.18503148
v -6.07155180 0.00000976 8.40550114
v -6.20776635 0.32885309 8.40550120
v -6.53660961 0.00000976 8.40550114
v -6.53660961 0.46506746 8.40550121
v -6.86547288 0.32885309 8.40550120
v -7.00168740 0.00000976 8.40550114
v -6.86547288 -0.32885332 8.40550109
v -6.53660961 -0.46506773 8.40550107
v -6.20776635 -0.32885332 8.40550109
v -4.37997031 -0.40538616 8.75935406
v -2.00775194 -0.18141172 9.90376137
v -1.93573379 -0.11933407 9.94221638
v -1.88498258 -0.11933404 9.79635809
v -1.95717907 -0.18141169 9.75806259
v -4.35440635 -0.40550493 8.60961551
v -1.87419128 0.03979066 9.97510674
v -1.93573379 0.11933325 9.94221643
v -1.88498258 0.11933327 9.79635814
v -1.82326126 0.03979069 9.82909038
v -1.87419128 -0.03977170 9.97510672
v -1.82326126 -0.03977167 9.82909037
v -10.92657947 -0.11933407 9.94221638
v -10.85456133 -0.18141172 9.90376137
v -8.48234296 -0.40538616 8.75935406
v -10.97733068 -0.11933404 9.79635809
v -8.50790691 -0.40550493 8.60961551
v -10.90513420 -0.18141169 9.75806259
v -10.92657947 0.11933325 9.94221643
v -10.98812294 0.03977088 9.97510674
v -10.97733068 0.11933327 9.79635814
v -11.03905201 0.03977090 9.82909038
v -10.98812294 -0.03977170 9.97510672
v -11.03905201 -0.03977167 9.82909037
v -6.83654233 -2.05118670 8.61570541
v -6.61256778 -4.42340502 9.76048876
v -6.55050987 -4.49542317 9.79896259
v -6.55050987 -4.54617436 9.65310500
v -6.61256778 -4.47395832 9.61480856
v -6.83666169 -2.07675039 8.46568909
v -6.39138582 -4.55696569 9.83183310
v -6.31182303 -4.49542317 9.79896259
v -6.31182303 -4.54617436 9.65310500
v -6.39138582 -4.60789569 9.68583676
v -6.47094784 -4.55696569 9.83183310
v -6.47094784 -4.60789569 9.68583676
v -6.55050987 4.49542251 9.79896406
v -6.61256778 4.42340437 9.76049020
v -6.83654233 2.05120621 8.61570608
v -6.55050987 4.54617374 9.65310648
v -6.83666169 2.07675017 8.46568977
v -6.61256778 4.47397727 9.61481002
v -6.31182303 4.49542251 9.79896406
v -6.39138582 4.55696502 9.83183459
v -6.31182303 4.54617374 9.65310648
v -6.39138582 4.60789506 9.68583826
v -6.47094784 4.55696502 9.83183459
v -6.47094784 4.60789506 9.68583826
v -6.45055218 -0.10850144 2.91986893
v -6.45055218 -0.10850179 4.78680527
v -6.37669242 -0.21901389 4.78680524
v -6.37669242 -0.21901354 2.91986892
v -6.58090584 -0.08256149 2.91986894
v -6.58090584 -0.08256185 4.78680527
v -6.69143715 -0.15640158 4.78680525
v -6.58090584 -0.08256185 4.78680527
v -6.58090584 -0.08256149 2.91986894
v -6.69143715 -0.15640123 2.91986893
v -6.71735754 -0.28677423 2.91986890
v -6.71735754 -0.28677460 4.78680523
v -6.64351743 -0.39728634 2.91986889
v -6.64351743 -0.39728664 4.78680522
v -6.51314490 -0.42322625 2.91986888
v -6.51314490 -0.42322662 4.78680522
v -6.40263247 -0.34938689 4.78680523
v -6.40263247 -0.34938653 2.91986889
v -6.20523247 -0.11030374 4.85212731
v -6.04959291 -0.04585002 5.68186903
v -6.00840580 -0.25289439 5.68186900
v -6.17685675 -0.25289425 4.85212729
v -6.28598307 0.01056454 4.85212732
v -6.16687682 0.12969017 5.68186907
v -6.34239725 0.24697436 5.68186909
v -6.40687084 0.09133480 4.85212733
v -6.54944178 0.11969054 4.85212734
v -6.54944178 0.28814165 5.68186909
v -6.54944178 0.11969054 4.85212734
v -6.69203236 0.09133480 4.85212733
v -6.75648629 0.24697436 5.68186909
v -6.54944178 0.28814165 5.68186909
v -6.81290012 0.01056454 4.85212732
v -6.93202597 0.12969017 5.68186907
v -7.04931026 -0.04585002 5.68186903
v -6.89367073 -0.11030374 4.85212731
v -6.92202645 -0.25289425 4.85212729
v -7.09049743 -0.25289439 5.68186900
v -6.89367073 -0.39548475 4.85212725
v -7.04931026 -0.45993872 5.68186896
v -6.93202597 -0.63547893 5.68186894
v -6.81290012 -0.51635307 4.85212724
v -6.69203236 -0.59712327 4.85212723
v -6.75648629 -0.75276311 5.68186892
v -6.54944178 -0.79393037 5.68186892
v -6.54944178 -0.62547898 4.85212723
v -6.40687084 -0.59712327 4.85212723
v -6.34239725 -0.75276311 5.68186892
v -6.28598307 -0.51635307 4.85212724
v -6.16687682 -0.63547893 5.68186894
v -6.04959291 -0.45993872 5.68186896
v -6.20523247 -0.39548475 4.85212725
v -6.31146726 -0.35146605 4.77001138
v -6.36730774 -0.43504809 4.77001137
v -6.45087019 -0.49088832 4.77001136
v -6.54944178 -0.51049178 4.77001136
v -6.64803300 -0.49088832 4.77001136
v -6.73159545 -0.43504809 4.77001137
v -6.78743595 -0.35146605 4.77001138
v -6.80703923 -0.25289424 4.77001139
v -6.78743595 -0.15432243 4.77001142
v -6.73159545 -0.07074035 4.77001143
v -6.64803300 -0.01490016 4.77001144
v -6.54944178 0.00470331 4.77001144
v -6.54944178 0.00470331 4.77001144
v -6.45087019 -0.01490016 4.77001144
v -6.36730774 -0.07074035 4.77001143
v -6.31146726 -0.15432243 4.77001142
v -6.29184396 -0.25289424 4.77001139
v -6.47828698 1.91386304 7.17964235
v -6.47828698 -2.41965308 7.17964164
v -6.43822837 -2.41965235 7.08289162
v -6.43822837 1.91386306 7.08289233
v -6.57503724 1.91386303 7.21972057
v -6.57503724 -2.41965309 7.21971987
v -6.57503724 1.91386303 7.21972057
v -6.67178774 1.91386304 7.17964235
v -6.67178774 -2.41965308 7.17964164
v -6.57503724 -2.41965309 7.21971987
v -6.71186590 1.91386306 7.08289233
v -6.71186590 -2.41965235 7.08289162
v -6.67178774 1.91386307 6.98614213
v -6.67178774 -2.41965233 6.98614142
v -6.57503724 1.91386308 6.94606402
v -6.57503724 -2.41965233 6.94606341
v -6.47828698 1.91386307 6.98614213
v -6.47828698 -2.41965233 6.98614142
v -6.91639971 -0.59023251 5.70751175
v -6.91639971 -0.49393790 5.89425957
v -6.91639971 -0.38146545 5.82053883
v -6.91639971 -0.41039542 5.62472129
v -6.91639971 -0.75785216 6.08956115
v -6.91639971 -0.64260755 6.17924207
v -6.18267570 -0.41039542 5.62472129
v -6.18267570 -0.38146545 5.82053883
v -6.18267570 -0.49393790 5.89425957
v -6.18267570 -0.59023251 5.70751175
v -6.18251858 -0.64260755 6.17924207
v -6.18251858 -0.75785216 6.08956115
v -6.18245816 -1.86307235 6.73188181
v -6.18245816 -1.85944865 6.88362066
v -6.18245816 -2.28383408 6.90431309
v -6.18245816 -2.31642730 6.73314925
v -6.91639971 -2.45719612 7.08169510
v -6.91639971 -2.68699227 6.94488605
v -6.91639971 -2.68631916 8.08485763
v -6.91639971 -2.46511677 7.97198925
v -6.91639971 -1.22049446 8.20410317
v -6.91639971 -1.23861281 7.98769205
v -6.91639971 -2.27074557 8.11545157
v -6.91639971 -2.28714118 8.33627772
v -6.18245816 -2.46511677 7.97198925
v -6.18245816 -2.68631916 8.08485763
v -6.18245816 -2.68699227 6.94488605
v -6.18245816 -2.45719612 7.08169510
v -6.18245816 -2.28714118 8.33627772
v -6.18245816 -2.27074557 8.11545157
v -6.18245816 -1.23861281 7.98769205
v -6.18245816 -1.22049446 8.20410317
v -6.91639971 -1.08994296 6.47727423
v -6.91639971 -1.24700837 6.57988549
v -6.91639971 -1.17219836 6.71150592
v -6.91639971 -1.01055877 6.61525105
v -6.18245816 -1.24700837 6.57988549
v -6.18245816 -1.08994296 6.47727423
v -6.18245816 -1.01055877 6.61525105
v -6.18245816 -1.17219836 6.71150592
v -6.91639971 -2.31644709 6.73314925
v -6.91639971 -2.28383408 6.90431309
v -6.91639971 -1.85944865 6.88362066
v -6.91639971 -1.86307235 6.73188181
v -6.18245816 -2.37050520 6.93637161
v -6.18245816 -2.49503667 6.74601992
v -6.18245816 -2.45218663 8.06614575
v -6.18245816 -2.63075645 8.24033934
v -6.18245816 -2.44131529 6.98888544
v -6.18245816 -2.61877617 6.81981998
v -6.18245816 -2.36725789 8.11699555
v -6.18245816 -2.48891840 8.33354482
v -6.91639971 -0.64260755 6.17924207
v -6.91639971 -0.75876309 6.36941546
v -6.18249744 -0.75876309 6.36941546
v -6.18251858 -0.64260755 6.17924207
v -6.91639971 -0.87664136 6.50060074
v -6.18245816 -0.87664136 6.50060074
v -6.91639971 -1.01055877 6.61525105
v -6.18245816 -1.01055877 6.61525105
v -6.91639971 -0.83246452 8.16196500
v -6.91639971 -0.25289479 8.16174754
v -6.91639971 -0.25289476 7.94094107
v -6.91639971 -0.83167246 7.94115853
v -6.18245816 -0.83246452 8.16196500
v -6.18245816 -0.83167246 7.94115853
v -6.18245816 -0.25289476 7.94094107
v -6.18245816 -0.25289479 8.16174754
v -6.91639971 -0.09539334 5.62472135
v -6.91639971 -0.12432336 5.82053886
v -6.91639971 -0.01185090 5.89425963
v -6.91639971 0.08444376 5.70751187
v -6.91639971 0.13683840 6.17924219
v -6.91639971 0.25206328 6.08956131
v -6.18267570 -0.12432336 5.82053886
v -6.18267570 -0.09539334 5.62472135
v -6.18267570 0.08444376 5.70751187
v -6.18267570 -0.01185090 5.89425963
v -6.18251858 0.25206328 6.08956131
v -6.18251858 0.13681859 6.17924219
v -6.18245816 1.35728328 6.73188233
v -6.18245816 1.81065803 6.73314993
v -6.18245816 1.77804496 6.90431375
v -6.18245816 1.35365954 6.88362118
v -6.91639971 1.95140695 7.08169583
v -6.91639971 1.95932731 7.97198996
v -6.91639971 2.18052978 8.08485843
v -6.91639971 2.18120302 6.94488685
v -6.91639971 1.78135159 8.33627839
v -6.91639971 1.76495594 8.11545223
v -6.91639971 0.73282328 7.98769236
v -6.91639971 0.71470486 8.20410348
v -6.18245816 1.95140695 7.08169583
v -6.18245816 2.18120302 6.94488685
v -6.18245816 2.18052978 8.08485843
v -6.18245816 1.95932731 7.97198996
v -6.18245816 1.76495594 8.11545223
v -6.18245816 1.78135159 8.33627839
v -6.18245816 0.71470486 8.20410348
v -6.18245816 0.73282328 7.98769236
v -6.91639971 0.58415398 6.47727451
v -6.91639971 0.50476975 6.61525130
v -6.91639971 0.66640931 6.71150622
v -6.91639971 0.74121936 6.57988582
v -6.18245816 0.50476975 6.61525130
v -6.18245816 0.58415398 6.47727451
v -6.18245816 0.74121936 6.57988582
v -6.18245816 0.66640931 6.71150622
v -6.91639971 1.77804496 6.90431375
v -6.91639971 1.81065803 6.73314993
v -6.91639971 1.35728328 6.73188233
v -6.91639971 1.35365954 6.88362118
v -6.18245816 1.98926752 6.74602066
v -6.18245816 1.86471595 6.93637230
v -6.18245816 2.12496678 8.24034012
v -6.18245816 1.94639702 8.06614646
v -6.18245816 2.11298720 6.81982075
v -6.18245816 1.93552614 6.98888615
v -6.18245816 1.98312869 8.33354555
v -6.18245816 1.86146850 8.11699625
v -6.18249744 0.25297408 6.36941563
v -6.91639971 0.25297408 6.36941563
v -6.91639971 0.13683840 6.17924219
v -6.18251858 0.13681859 6.17924219
v -6.91639971 0.37085235 6.50060095
v -6.18245816 0.37085235 6.50060095
v -6.18245816 0.50476975 6.61525130
v -6.91639971 0.50476975 6.61525130
v -6.91639971 0.32667493 8.16196520
v -6.91639971 0.32588291 7.94115872
v -6.18245816 0.32667493 8.16196520
v -6.18245816 0.32588291 7.94115872
v -6.91639971 -0.59023251 5.70751175
v -6.91639971 -0.41039542 5.62472129
v -6.18267570 -0.41039542 5.62472129
v -6.18267570 -0.59023251 5.70751175
v -6.18267570 -0.38146545 5.82053883
v -6.91639971 -0.38146545 5.82053883
v -6.91639971 -0.49393790 5.89425957
v -6.18267570 -0.49393790 5.89425957
v -6.18251858 -0.75785216 6.08956115
v -6.91639971 -0.75785216 6.08956115
v -6.91639971 -1.24700837 6.57988549
v -6.91639971 -1.08994296 6.47727423
v -6.18245816 -1.08994296 6.47727423
v -6.18245816 -1.24700837 6.57988549
v -6.91639971 -1.17219836 6.71150592
v -6.18245816 -1.17219836 6.71150592
v -6.18245816 -2.31642730 6.73314925
v -6.91639971 -2.31644709 6.73314925
v -6.91639971 -1.86307235 6.73188181
v -6.18245816 -1.86307235 6.73188181
v -6.91639971 -2.28383408 6.90431309
v -6.18245816 -2.28383408 6.90431309
v -6.18245816 -1.85944865 6.88362066
v -6.91639971 -1.85944865 6.88362066
v -6.18245816 -2.68631916 8.08485763
v -6.91639971 -2.68631916 8.08485763
v -6.91639971 -2.68699227 6.94488605
v -6.18245816 -2.68699227 6.94488605
v -6.91639971 -2.46511677 7.97198925
v -6.18245816 -2.46511677 7.97198925
v -6.18245816 -2.45719612 7.08169510
v -6.91639971 -2.45719612 7.08169510
v -6.91639971 -0.83246452 8.16196500
v -6.18245816 -0.83246452 8.16196500
v -6.18245816 -0.25289479 8.16174754
v -6.91639971 -0.25289479 8.16174754
v -6.91639971 -1.23861281 7.98769205
v -6.18245816 -1.23861281 7.98769205
v -6.18245816 -2.27074557 8.11545157
v -6.91639971 -2.27074557 8.11545157
v -6.18245816 -1.22049446 8.20410317
v -6.91639971 -1.22049446 8.20410317
v -6.91639971 -2.28714118 8.33627772
v -6.18245816 -2.28714118 8.33627772
v -6.91639971 -0.83167246 7.94115853
v -6.91639971 -0.25289476 7.94094107
v -6.18245816 -0.25289476 7.94094107
v -6.18245816 -0.83167246 7.94115853
v -6.91639971 -2.49505646 6.74601992
v -6.91639971 -2.37050520 6.93637161
v -6.91639971 -2.48891840 8.33354482
v -6.18245816 -2.48891840 8.33354482
v -6.18245816 -2.37050520 6.93637161
v -6.91639971 -2.37050520 6.93637161
v -6.91639971 -2.45218663 8.06614575
v -6.18245816 -2.45218663 8.06614575
v -6.91639971 -2.61877617 6.81981998
v -6.18245816 -2.61877617 6.81981998
v -6.91639971 -2.45218663 8.06614575
v -6.91639971 -2.63075645 8.24033934
v -6.91639971 -2.44131529 6.98888544
v -6.91639971 -2.61877617 6.81981998
v -6.91639971 -2.48891840 8.33354482
v -6.91639971 -2.36725789 8.11699555
v -6.18245816 -2.49503667 6.74601992
v -6.91639971 -2.49505646 6.74601992
v -6.91639971 -2.49505646 6.74601992
v -6.18245816 -2.49503667 6.74601992
v -6.18245816 -2.63075645 8.24033934
v -6.91639971 -2.63075645 8.24033934
v -6.18245816 -2.44131529 6.98888544
v -6.91639971 -2.44131529 6.98888544
v -6.18245816 -2.37050520 6.93637161
v -6.91639971 -2.37050520 6.93637161
v -6.18245816 -2.36725789 8.11699555
v -6.91639971 -2.36725789 8.11699555
v -6.18245816 -2.45218663 8.06614575
v -6.91639971 -2.45218663 8.06614575
v -6.91639971 -1.59022746 6.86746263
v -6.91639971 -1.61618728 6.71441703
v -6.91639971 -1.59022746 6.86746263
v -6.18245816 -1.59022746 6.86746263
v -6.91639971 -1.61618728 6.71441703
v -6.18245816 -1.61618728 6.71441703
v -6.18245816 -1.59022746 6.86746263
v -6.18245816 -1.61618728 6.71441703
v -6.91639971 -1.37072810 6.80671155
v -6.91639971 -1.41157859 6.66404238
v -6.18245816 -1.37072810 6.80671155
v -6.91639971 -1.37072810 6.80671155
v -6.18245816 -1.41157859 6.66404238
v -6.91639971 -1.41157859 6.66404238
v -6.18245816 -1.37072810 6.80671155
v -6.18245816 -1.41157859 6.66404238
v -6.18245816 -0.96511437 6.37802963
v -6.91639971 -0.96511437 6.37802963
v -6.18245816 -0.96511437 6.37802963
v -6.18245816 -0.87664136 6.50060074
v -6.91639971 -0.85125582 6.24896316
v -6.91639971 -0.75876309 6.36941546
v -6.18247780 -0.85125582 6.24896316
v -6.91639971 -0.85125582 6.24896316
v -6.91639971 -0.87664136 6.50060074
v -6.91639971 -0.96511437 6.37802963
v -6.18249744 -0.75876309 6.36941546
v -6.18247780 -0.85125582 6.24896316
v -6.18267570 -0.09539334 5.62472135
v -6.91639971 -0.09539334 5.62472135
v -6.91639971 0.08444376 5.70751187
v -6.18267570 0.08444376 5.70751187
v -6.18267570 -0.01185090 5.89425963
v -6.91639971 -0.01185090 5.89425963
v -6.91639971 -0.12432336 5.82053886
v -6.18267570 -0.12432336 5.82053886
v -6.91639971 0.25206328 6.08956131
v -6.18251858 0.25206328 6.08956131
v -6.91639971 1.81065803 6.73314993
v -6.18245816 1.81065803 6.73314993
v -6.18245816 1.35728328 6.73188233
v -6.91639971 1.35728328 6.73188233
v -6.18245816 1.95932731 7.97198996
v -6.91639971 1.95932731 7.97198996
v -6.91639971 1.95140695 7.08169583
v -6.18245816 1.95140695 7.08169583
v -6.91639971 2.18120302 6.94488685
v -6.91639971 2.18052978 8.08485843
v -6.18245816 2.18052978 8.08485843
v -6.18245816 2.18120302 6.94488685
v -6.91639971 1.76495594 8.11545223
v -6.18245816 1.76495594 8.11545223
v -6.18245816 0.73282328 7.98769236
v -6.91639971 0.73282328 7.98769236
v -6.91639971 1.78135159 8.33627839
v -6.91639971 0.71470486 8.20410348
v -6.18245816 0.71470486 8.20410348
v -6.18245816 1.78135159 8.33627839
v -6.91639971 0.66640931 6.71150622
v -6.18245816 0.66640931 6.71150622
v -6.18245816 0.58415398 6.47727451
v -6.91639971 0.58415398 6.47727451
v -6.91639971 0.74121936 6.57988582
v -6.18245816 0.74121936 6.57988582
v -6.91639971 1.35365954 6.88362118
v -6.18245816 1.35365954 6.88362118
v -6.18245816 1.77804496 6.90431375
v -6.91639971 1.77804496 6.90431375
v -6.91639971 1.98926752 6.74602066
v -6.91639971 1.86471595 6.93637230
v -6.91639971 1.94639702 8.06614646
v -6.91639971 2.12496678 8.24034012
v -6.18245816 1.86471595 6.93637230
v -6.91639971 1.86471595 6.93637230
v -6.18245816 1.98926752 6.74602066
v -6.91639971 1.98926752 6.74602066
v -6.18245816 1.94639702 8.06614646
v -6.91639971 1.94639702 8.06614646
v -6.18245816 2.12496678 8.24034012
v -6.91639971 2.12496678 8.24034012
v -6.91639971 1.93552614 6.98888615
v -6.91639971 2.11298720 6.81982075
v -6.91639971 1.86146850 8.11699625
v -6.91639971 1.98312869 8.33354555
v -6.91639971 1.93552614 6.98888615
v -6.91639971 1.86471595 6.93637230
v -6.18245816 1.86471595 6.93637230
v -6.18245816 1.93552614 6.98888615
v -6.18245816 1.98926752 6.74602066
v -6.91639971 1.98926752 6.74602066
v -6.91639971 2.11298720 6.81982075
v -6.18245816 2.11298720 6.81982075
v -6.18245816 1.86146850 8.11699625
v -6.91639971 1.86146850 8.11699625
v -6.91639971 1.94639702 8.06614646
v -6.18245816 1.94639702 8.06614646
v -6.91639971 1.98312869 8.33354555
v -6.18245816 1.98312869 8.33354555
v -6.91639971 0.86493895 6.80671192
v -6.91639971 0.90578950 6.66404277
v -6.18245816 0.86493895 6.80671192
v -6.91639971 0.86493895 6.80671192
v -6.18245816 0.86493895 6.80671192
v -6.18245816 0.90578950 6.66404277
v -6.91639971 0.90578950 6.66404277
v -6.18245816 0.90578950 6.66404277
v -6.91639971 1.08443835 6.86746307
v -6.91639971 1.11039823 6.71441746
v -6.18245816 1.08443835 6.86746307
v -6.91639971 1.08443835 6.86746307
v -6.18245816 1.11039823 6.71441746
v -6.18245816 1.08443835 6.86746307
v -6.91639971 1.11039823 6.71441746
v -6.18245816 1.11039823 6.71441746
v -6.91639971 0.25297408 6.36941563
v -6.91639971 0.34546686 6.24896335
v -6.18247780 0.34546686 6.24896335
v -6.18249744 0.25297408 6.36941563
v -6.91639971 0.34546686 6.24896335
v -6.18247780 0.34546686 6.24896335
v -6.91639971 0.37085235 6.50060095
v -6.91639971 0.45934518 6.37802987
v -6.18245816 0.37085235 6.50060095
v -6.18245816 0.45934518 6.37802987
v -6.91639971 0.45934518 6.37802987
v -6.18245816 0.45934518 6.37802987
v -6.18245816 0.32667493 8.16196520
v -6.91639971 0.32667493 8.16196520
v -6.18245816 0.32588291 7.94115872
v -6.91639971 0.32588291 7.94115872
v -6.18267570 -0.41039542 5.62472129
v -6.91639971 -0.41039542 5.62472129
v -6.18267570 -0.38146545 5.82053883
v -6.91639971 -0.38146545 5.82053883
v -6.92139572 -2.82031638 6.68601068
v -6.69674661 -2.82019764 8.09660926
v -6.69680705 -2.68358737 8.09660929
v -6.91286006 -2.68323046 6.68610965
v -6.41380359 -2.68358737 8.09660929
v -6.19772979 -2.68323046 6.68610965
v -6.76880407 -2.82035617 7.98740402
v -6.76888415 -2.68358735 7.98744361
v -7.12533116 -2.68358718 6.97245901
v -7.12525111 -2.82035600 6.97245899
v -6.92139572 -2.82031638 6.68601068
v -7.07285583 -2.82035597 6.79398811
v -7.07372754 -2.68360670 6.79390901
v -6.91286006 -2.68323046 6.68610965
v -6.69674661 -2.82019764 8.09660926
v -6.69680705 -2.68358737 8.09660929
v -6.41380359 -2.68358737 8.09660929
v -6.41386326 -2.82019764 8.09660926
v -6.34180581 -2.82035617 7.98740402
v -6.34172573 -2.68358735 7.98744361
v -6.03686273 -2.68360670 6.79390901
v -6.03775367 -2.82035597 6.79398811
v -6.18919527 -2.82031638 6.68601068
v -6.19772979 -2.68323046 6.68610965
v -5.98527985 -2.68358718 6.97245901
v -5.98535880 -2.82035600 6.97245899
v -6.61609611 -2.82031661 8.14195469
v -6.69116294 -2.82033591 6.59351791
v -6.68781668 -2.68323045 6.59373568
v -6.61613539 -2.68358737 8.14203398
v -6.68781668 -2.68323045 6.59373568
v -6.69116294 -2.82033591 6.59351791
v -6.61609611 -2.82031661 8.14195469
v -6.61613539 -2.68358737 8.14203398
v -6.41386326 -2.82019764 8.09660926
v -6.49449414 -2.82031661 8.14195469
v -6.41942730 -2.82033591 6.59351791
v -6.18919527 -2.82031638 6.68601068
v -6.42279321 -2.68323045 6.59373568
v -6.49445486 -2.68358737 8.14203398
v -6.42279321 -2.68323045 6.59373568
v -6.41942730 -2.82033591 6.59351791
v -6.49445486 -2.68358737 8.14203398
v -6.49449414 -2.82031661 8.14195469
v -6.41942730 -2.82033591 6.59351791
v -6.42279321 -2.68323045 6.59373568
v -6.69674661 2.31441039 8.09660820
v -6.92139572 2.31452840 6.68600943
v -6.91286006 2.17744249 6.68610837
v -6.69680705 2.17779989 8.09660816
v -6.41380359 2.17779989 8.09660816
v -6.19772979 2.17744249 6.68610837
v -6.76880407 2.31456896 7.98740295
v -7.12525111 2.31456841 6.97245773
v -7.12533116 2.17779935 6.97245771
v -6.76888415 2.17779990 7.98744262
v -6.92139572 2.31452840 6.68600943
v -6.91286006 2.17744249 6.68610837
v -7.07372754 2.17781917 6.79390788
v -7.07285583 2.31456844 6.79398686
v -6.69680705 2.17779989 8.09660816
v -6.69674661 2.31441039 8.09660820
v -6.41380359 2.17779989 8.09660816
v -6.34172573 2.17779990 7.98744262
v -6.34180581 2.31456896 7.98740295
v -6.41386326 2.31441039 8.09660820
v -6.03686273 2.17781917 6.79390788
v -6.19772979 2.17744249 6.68610837
v -6.18919527 2.31452840 6.68600943
v -6.03775367 2.31456844 6.79398686
v -5.98527985 2.17779935 6.97245771
v -5.98535880 2.31456841 6.97245773
v -6.61609611 2.31452936 8.14195326
v -6.69116294 2.31454797 6.59351666
v -6.68781668 2.17744250 6.59373456
v -6.61613539 2.17779988 8.14203251
v -6.69116294 2.31454797 6.59351666
v -6.68781668 2.17744250 6.59373456
v -6.61609611 2.31452936 8.14195326
v -6.61613539 2.17779988 8.14203251
v -6.41386326 2.31441039 8.09660820
v -6.18919527 2.31452840 6.68600943
v -6.41942730 2.31454797 6.59351666
v -6.49449414 2.31452936 8.14195326
v -6.49445486 2.17779988 8.14203251
v -6.42279321 2.17744250 6.59373456
v -6.42279321 2.17744250 6.59373456
v -6.41942730 2.31454797 6.59351666
v -6.49449414 2.31452936 8.14195326
v -6.49445486 2.17779988 8.14203251
v -6.41942730 2.31454797 6.59351666
v -6.42279321 2.17744250 6.59373456
v -6.20776635 0.32885312 8.18503148
v -6.20776635 0.32885309 8.40550120
v -6.07155180 0.00000976 8.40550114
v -6.07155180 0.00000980 8.18503142
v -6.53660961 0.46506750 8.18503151
v -6.53660961 0.46506746 8.40550121
v -6.53660961 0.46506750 8.18503151
v -6.86547288 0.32885312 8.18503148
v -6.86547288 0.32885309 8.40550120
v -6.53660961 0.46506746 8.40550121
v -7.00168740 0.00000980 8.18503142
v -7.00168740 0.00000976 8.40550114
v -6.86547288 -0.32885329 8.18503137
v -6.86547288 -0.32885332 8.40550109
v -6.53660961 -0.46506769 8.18503135
v -6.53660961 -0.46506773 8.40550107
v -6.20776635 -0.32885329 8.18503137
v -6.20776635 -0.32885332 8.40550109
v -4.37997031 0.40538575 8.75935420
v -2.00775194 0.18141090 9.90376143
v -1.95719909 0.18141093 9.75806265
v -4.35440635 0.40550454 8.60961565
v -4.37997031 0.40538575 8.75935420
v -2.00775194 0.18141090 9.90376143
v -2.00775194 -0.18141172 9.90376137
v -4.37997031 -0.40538616 8.75935406
v -4.35440635 -0.40550493 8.60961551
v -1.95717907 -0.18141169 9.75806259
v -1.88498258 -0.11933404 9.79635809
v -1.93573379 -0.11933407 9.94221638
v -1.95719909 0.18141093 9.75806265
v -4.35440635 0.40550454 8.60961565
v -1.93573379 0.11933325 9.94221643
v -1.88498258 0.11933327 9.79635814
v -1.87419128 -0.03977170 9.97510672
v -1.82326126 -0.03977167 9.82909037
v -1.87419128 0.03979066 9.97510674
v -1.82326126 0.03979069 9.82909038
v -8.48234296 0.40538575 8.75935420
v -10.85456133 0.18141090 9.90376143
v -10.90513420 0.18141093 9.75806265
v -10.85456133 0.18141090 9.90376143
v -8.48234296 0.40538575 8.75935420
v -8.50790691 0.40550454 8.60961565
v -8.50790691 -0.40550493 8.60961551
v -4.35440635 -0.40550493 8.60961551
v -4.37997031 -0.40538616 8.75935406
v -8.48234296 -0.40538616 8.75935406
v -10.85456133 -0.18141172 9.90376137
v -10.90513420 -0.18141169 9.75806259
v -8.50790691 -0.40550493 8.60961551
v -8.48234296 -0.40538616 8.75935406
v -10.92657947 -0.11933407 9.94221638
v -10.97733068 -0.11933404 9.79635809
v -8.50790691 0.40550454 8.60961565
v -10.90513420 0.18141093 9.75806265
v -8.50790691 0.40550454 8.60961565
v -8.48234296 0.40538575 8.75935420
v -4.37997031 0.40538575 8.75935420
v -4.35440635 0.40550454 8.60961565
v -10.97733068 0.11933327 9.79635814
v -10.92657947 0.11933325 9.94221643
v -10.98812294 -0.03977170 9.97510672
v -11.03905201 -0.03977167 9.82909037
v -10.98812294 0.03977088 9.97510674
v -11.03905201 0.03977090 9.82909038
v -6.02579057 -2.05118670 8.61570541
v -6.24976512 -4.42340502 9.76048876
v -6.00638517 -0.58076789 8.61576478
v -6.00636518 -0.38065408 8.56384559
v -6.85594847 -0.38065408 8.56384559
v -6.85594847 -0.58076789 8.61576478
v -6.24976512 -4.47395832 9.61480856
v -6.02565196 -2.07675039 8.46568909
v -6.02579057 -2.05118670 8.61570541
v -6.24976512 -4.42340502 9.76048876
v -6.00638517 -0.58076789 8.61576478
v -6.00638517 -0.59308439 8.46578828
v -6.00636518 -0.38631727 8.41436417
v -6.00636518 -0.38065408 8.56384559
v -6.83666169 -2.07675039 8.46568909
v -6.61256778 -4.47395832 9.61480856
v -6.61256778 -4.42340502 9.76048876
v -6.83654233 -2.05118670 8.61570541
v -6.55050987 -4.49542317 9.79896259
v -6.55050987 -4.54617436 9.65310500
v -6.85594847 -0.58076789 8.61576478
v -6.85594847 -0.38065408 8.56384559
v -6.85594847 -0.38631727 8.41436417
v -6.85594847 -0.59308439 8.46578828
v -6.02565196 -2.07675039 8.46568909
v -6.24976512 -4.47395832 9.61480856
v -6.00638517 -0.59308439 8.46578828
v -6.85594847 -0.59308439 8.46578828
v -6.85594847 -0.38631727 8.41436417
v -6.00636518 -0.38631727 8.41436417
v -6.02579057 -2.05118670 8.61570541
v -6.02565196 -2.07675039 8.46568909
v -6.83654233 -2.05118670 8.61570541
v -6.83666169 -2.07675039 8.46568909
v -6.31182303 -4.49542317 9.79896259
v -6.31182303 -4.54617436 9.65310500
v -6.47094784 -4.60789569 9.68583676
v -6.47094784 -4.55696569 9.83183310
v -6.39138582 -4.55696569 9.83183310
v -6.39138582 -4.60789569 9.68583676
v -6.24976512 4.42340437 9.76049020
v -6.02579057 2.05120621 8.61570608
v -6.85594847 0.38065373 8.56384571
v -6.00636518 0.38065373 8.56384571
v -6.00638517 0.58076755 8.61576496
v -6.85594847 0.58076755 8.61576496
v -6.24976512 4.42340437 9.76049020
v -6.02579057 2.05120621 8.61570608
v -6.02565196 2.07675017 8.46568977
v -6.24976512 4.47397727 9.61481002
v -6.00636518 0.38631694 8.41436430
v -6.00638517 0.59308404 8.46578848
v -6.00638517 0.58076755 8.61576496
v -6.00636518 0.38065373 8.56384571
v -6.85594847 0.38065373 8.56384571
v -6.85594847 0.38631694 8.41436430
v -6.61256778 4.47397727 9.61481002
v -6.83666169 2.07675017 8.46568977
v -6.83654233 2.05120621 8.61570608
v -6.61256778 4.42340437 9.76049020
v -6.55050987 4.49542251 9.79896406
v -6.55050987 4.54617374 9.65310648
v -6.85594847 0.58076755 8.61576496
v -6.85594847 0.59308404 8.46578848
v -6.02565196 2.07675017 8.46568977
v -6.24976512 4.47397727 9.61481002
v -6.85594847 0.59308404 8.46578848
v -6.00638517 0.59308404 8.46578848
v -6.00636518 0.38631694 8.41436430
v -6.85594847 0.38631694 8.41436430
v -6.02565196 2.07675017 8.46568977
v -6.02579057 2.05120621 8.61570608
v -6.83654233 2.05120621 8.61570608
v -6.83666169 2.07675017 8.46568977
v -6.31182303 4.54617374 9.65310648
v -6.31182303 4.49542251 9.79896406
v -6.47094784 4.55696502 9.83183459
v -6.47094784 4.60789506 9.68583826
v -6.39138582 4.55696502 9.83183459
v -6.39138582 4.60789506 9.68583826
vt 0.00326593 0.04669710
vt 0.00873266 0.07794882
vt 0.04272196 0.07794060
vt 0.04269028 0.04668756
vt 0.04271941 0.01543459
vt 0.00872936 0.01544287
vt 0.24675480 0.12927368
vt 0.20726727 0.12928408
vt 0.20726430 0.16053711
vt 0.24129162 0.16052808
vt 0.00406313 0.12929364
vt 0.20726174 0.09803111
vt 0.00406246 0.09804067
vt 0.24595868 0.07792385
vt 0.24595773 0.04667082
vt 0.24595680 0.01541785
vt 0.00406380 0.16054670
vt 0.24128796 0.09802214
vt 0.57383709 0.11357270
vt 0.57349387 0.11262448
vt 0.57294011 0.11415304
vt 0.57293872 0.11226303
vt 0.57238324 0.11262448
vt 0.57204031 0.11357270
vt 0.57204189 0.11473945
vt 0.57238511 0.11568469
vt 0.57293872 0.11604018
vt 0.57349244 0.11568124
vt 0.57383554 0.11473945
vt 0.56938452 0.16132211
vt 0.56942787 0.16134896
vt 0.56942748 0.13350195
vt 0.56934193 0.13349752
vt 0.56925689 0.13348543
vt 0.56934397 0.16125056
vt 0.56915847 0.13346987
vt 0.56925902 0.16116038
vt 0.56936985 0.16108495
vt 0.56904213 0.13345871
vt 0.56892331 0.13345530
vt 0.56948021 0.16105852
vt 0.56980002 0.13345263
vt 0.56959090 0.16108391
vt 0.56991839 0.13344583
vt 0.56968736 0.13346643
vt 0.56953462 0.16115681
vt 0.56959270 0.13348330
vt 0.56951888 0.16124875
vt 0.56951252 0.13349662
vt 0.56947118 0.16132109
vt 0.56930222 0.12085493
vt 0.56934497 0.12082973
vt 0.56926062 0.12092225
vt 0.56922045 0.12100673
vt 0.56918182 0.12107693
vt 0.56914478 0.12110303
vt 0.56954912 0.12110615
vt 0.56951173 0.12108070
vt 0.56947214 0.12100996
vt 0.56943087 0.12092449
vt 0.56938823 0.12085606
vt 0.54898710 0.13538692
vt 0.55253709 0.12394269
vt 0.54898601 0.12394579
vt 0.54950681 0.13774843
vt 0.54595622 0.14604730
vt 0.55073031 0.14090409
vt 0.55253819 0.13538734
vt 0.55376162 0.13223144
vt 0.54950623 0.14919296
vt 0.55073012 0.14603372
vt 0.55376110 0.12710157
vt 0.54898721 0.12708919
vt 0.55253709 0.12394269
vt 0.55376110 0.12710157
vt 0.54950681 0.13774843
vt 0.55073031 0.14090409
vt 0.54595570 0.13774938
vt 0.55376162 0.13223144
vt 0.55253819 0.13538734
vt 0.54950623 0.14919296
vt 0.54595515 0.14919070
vt 0.55073012 0.14603372
vt 0.54898601 0.12394579
vt 0.54595515 0.14919070
vt 0.52045191 0.15807572
vt 0.54883184 0.15807571
vt 0.54739110 0.15537214
vt 0.52199587 0.15537214
vt 0.54889184 0.15182168
vt 0.52051212 0.15182168
vt 0.52198343 0.15452658
vt 0.54737848 0.15452658
vt 0.52003249 0.13590456
vt 0.54842258 0.13590456
vt 0.54842258 0.12445587
vt 0.52003249 0.12445587
vt 0.53028411 0.16154868
vt 0.52846507 0.16154868
vt 0.52846507 0.16419814
vt 0.53025837 0.16419814
vt 0.52415976 0.16636929
vt 0.52415976 0.16906916
vt 0.52596718 0.16906916
vt 0.52596718 0.16636929
vt 0.53025837 0.16419814
vt 0.53347075 0.16419814
vt 0.53472212 0.16154868
vt 0.53028411 0.16154868
vt 0.51989887 0.16154868
vt 0.52112334 0.16419814
vt 0.52433703 0.16419814
vt 0.52433703 0.16154868
vt 0.52415976 0.16636929
vt 0.52096388 0.16636929
vt 0.51970600 0.16906916
vt 0.52415976 0.16906916
vt 0.53009015 0.16906916
vt 0.53453182 0.16906916
vt 0.53330734 0.16636940
vt 0.53009721 0.16636940
vt 0.54549373 0.13785692
vt 0.52008938 0.13785692
vt 0.52008938 0.14100187
vt 0.54549373 0.14930574
vt 0.52614481 0.16419814
vt 0.52614481 0.16154868
vt 0.52433703 0.16154868
vt 0.52433703 0.16419814
vt 0.52829671 0.16636940
vt 0.52827795 0.16906916
vt 0.53009015 0.16906916
vt 0.53009721 0.16636940
vt 0.52045191 0.15807572
vt 0.52199587 0.15537214
vt 0.54739110 0.15537214
vt 0.54883184 0.15807571
vt 0.54889184 0.15182168
vt 0.54737848 0.15452658
vt 0.52198343 0.15452658
vt 0.52051212 0.15182168
vt 0.52003249 0.12445587
vt 0.54842258 0.12445587
vt 0.54842258 0.13590456
vt 0.52003249 0.13590456
vt 0.53028411 0.16154868
vt 0.53025837 0.16419814
vt 0.52846507 0.16419814
vt 0.52846507 0.16154868
vt 0.52415976 0.16636929
vt 0.52596718 0.16636929
vt 0.52596718 0.16906916
vt 0.52415976 0.16906916
vt 0.53025837 0.16419814
vt 0.53028411 0.16154868
vt 0.53472212 0.16154868
vt 0.53347075 0.16419814
vt 0.51989887 0.16154868
vt 0.52433703 0.16154868
vt 0.52433703 0.16419814
vt 0.52112334 0.16419814
vt 0.52415976 0.16636929
vt 0.52415976 0.16906916
vt 0.51970600 0.16906916
vt 0.52096388 0.16636929
vt 0.53009015 0.16906916
vt 0.53009721 0.16636940
vt 0.53330734 0.16636940
vt 0.53453182 0.16906916
vt 0.54549373 0.13785692
vt 0.54549373 0.14100187
vt 0.52008938 0.14930574
vt 0.52008938 0.13785692
vt 0.52614481 0.16419814
vt 0.52433703 0.16419814
vt 0.52433703 0.16154868
vt 0.52614481 0.16154868
vt 0.52829671 0.16636940
vt 0.53009721 0.16636940
vt 0.53009015 0.16906916
vt 0.52827795 0.16906916
vt 0.51610094 0.19319338
vt 0.51702448 0.19319338
vt 0.51702447 0.08591050
vt 0.51610094 0.08591050
vt 0.51768094 0.08552999
vt 0.51768096 0.19281291
vt 0.51860451 0.19281291
vt 0.51860447 0.08552999
vt 0.50563028 0.09355042
vt 0.50563021 0.09883693
vt 0.50655374 0.09883719
vt 0.50655383 0.09355048
vt 0.50974061 0.19321373
vt 0.51226404 0.19474085
vt 0.51226404 0.08431322
vt 0.50974061 0.08593556
vt 0.51478742 0.19311849
vt 0.51478743 0.08584036
vt 0.50655372 0.10412366
vt 0.50563017 0.10412362
vt 0.50357181 0.08592916
vt 0.50309023 0.08527482
vt 0.50309023 0.19268108
vt 0.50351580 0.19213818
vt 0.50581917 0.19359821
vt 0.50581917 0.19263217
vt 0.50854669 0.19268112
vt 0.50814910 0.19216627
vt 0.50854669 0.08527482
vt 0.50806508 0.08592916
vt 0.50582077 0.11686614
vt 0.50674412 0.11686614
vt 0.50674428 0.11158062
vt 0.50582077 0.11158062
vt 0.50674412 0.10629517
vt 0.50582077 0.10629517
vt 0.50572723 0.08428271
vt 0.50574545 0.08532172
vt 0.50390672 0.19153768
vt 0.50388851 0.08652662
vt 0.50390672 0.19153768
vt 0.50351580 0.19213818
vt 0.50581917 0.19263217
vt 0.50580097 0.19179504
vt 0.50814910 0.19216627
vt 0.50770287 0.19153777
vt 0.50772107 0.08652662
vt 0.50770287 0.19153777
vt 0.50574545 0.08532172
vt 0.50576365 0.08612252
vt 0.50772107 0.08652662
vt 0.50806508 0.08592916
vt 0.50388851 0.08652662
vt 0.50357181 0.08592916
vt 0.55684546 0.12118614
vt 0.55684500 0.11319596
vt 0.55429341 0.11319108
vt 0.55429458 0.12118424
vt 0.55684500 0.11319596
vt 0.55684546 0.12118614
vt 0.55684546 0.12118614
vt 0.55684500 0.11319596
vt 0.55429341 0.11319108
vt 0.55684500 0.11319596
vt 0.55684500 0.11319596
vt 0.55429341 0.11319108
vt 0.55429458 0.12118424
vt 0.55429341 0.11319108
vt 0.55429341 0.11319108
vt 0.55429458 0.12118424
vt 0.55684546 0.12118614
vt 0.55429458 0.12118424
vt 0.55429458 0.12118424
vt 0.55684546 0.12118614
vt 0.55122497 0.12123902
vt 0.55122451 0.11324890
vt 0.54814912 0.11325107
vt 0.54815392 0.12124119
vt 0.55684500 0.11319596
vt 0.55684546 0.12118614
vt 0.55992156 0.12118409
vt 0.55991706 0.11319391
vt 0.55122451 0.11324890
vt 0.55122497 0.12123902
vt 0.55377630 0.12123327
vt 0.55377567 0.11324009
vt 0.55960951 0.09353027
vt 0.55561442 0.09353924
vt 0.55561442 0.11129780
vt 0.55960951 0.11128815
vt 0.55684546 0.12118614
vt 0.55684500 0.11319596
vt 0.55429341 0.11319108
vt 0.55429458 0.12118424
vt 0.55068805 0.11055055
vt 0.54932963 0.11055055
vt 0.54856410 0.11186665
vt 0.55161091 0.11186665
vt 0.54856410 0.10728598
vt 0.54856410 0.11186665
vt 0.54932963 0.11055055
vt 0.54932963 0.10728598
vt 0.55530795 0.08970785
vt 0.55530791 0.08171421
vt 0.55445954 0.08171461
vt 0.55445957 0.08970778
vt 0.55431604 0.10723584
vt 0.55431604 0.11058789
vt 0.55509589 0.11191044
vt 0.55509589 0.10723584
vt 0.55431604 0.11058789
vt 0.55285765 0.11058789
vt 0.55193456 0.11191044
vt 0.55509589 0.11191044
vt 0.55285765 0.09471549
vt 0.55193456 0.09340055
vt 0.55498043 0.09340055
vt 0.55421530 0.09471549
vt 0.55498043 0.09797818
vt 0.55498043 0.09340055
vt 0.55421530 0.09471549
vt 0.55421530 0.09797818
vt 0.55570754 0.08962102
vt 0.55655526 0.08962062
vt 0.55655526 0.08162745
vt 0.55570754 0.08162739
vt 0.54844671 0.09336408
vt 0.54844671 0.09805068
vt 0.54922857 0.09805068
vt 0.54922857 0.09468821
vt 0.55161091 0.09336408
vt 0.54844671 0.09336408
vt 0.54922857 0.09468821
vt 0.55068805 0.09468821
vt 0.55493518 0.17442342
vt 0.55438893 0.17379381
vt 0.55461976 0.17333189
vt 0.55430467 0.17442342
vt 0.55438920 0.17505427
vt 0.55461976 0.17551543
vt 0.55493476 0.17568435
vt 0.55524994 0.17551582
vt 0.55548084 0.17505471
vt 0.55556542 0.17442381
vt 0.55548098 0.17379381
vt 0.55525018 0.17333189
vt 0.55493497 0.17316333
vt 0.55493518 0.17442342
vt 0.55461976 0.17333189
vt 0.55438893 0.17379381
vt 0.55430467 0.17442342
vt 0.55438920 0.17505427
vt 0.55461976 0.17551543
vt 0.55493476 0.17568435
vt 0.55524994 0.17551582
vt 0.55548084 0.17505471
vt 0.55556542 0.17442381
vt 0.55548098 0.17379381
vt 0.55525018 0.17333189
vt 0.55493497 0.17316333
vt 0.55392084 0.17325229
vt 0.55434960 0.17239544
vt 0.55376375 0.17442342
vt 0.55392054 0.17559461
vt 0.55434948 0.17645220
vt 0.55493497 0.17676610
vt 0.55552052 0.17645263
vt 0.55594892 0.17559500
vt 0.55610604 0.17442381
vt 0.55594919 0.17325271
vt 0.55552076 0.17239581
vt 0.55493518 0.17208200
vt 0.55354650 0.17281957
vt 0.55413360 0.17164645
vt 0.55333141 0.17442308
vt 0.55354626 0.17602691
vt 0.55413330 0.17720083
vt 0.55493497 0.17763085
vt 0.55573665 0.17720161
vt 0.55632344 0.17602734
vt 0.55653846 0.17442381
vt 0.55632368 0.17282030
vt 0.55573691 0.17164683
vt 0.55493533 0.17121686
vt 0.55392084 0.17325229
vt 0.55434960 0.17239544
vt 0.55376375 0.17442342
vt 0.55392054 0.17559461
vt 0.55434948 0.17645220
vt 0.55493497 0.17676610
vt 0.55552052 0.17645263
vt 0.55594892 0.17559500
vt 0.55610604 0.17442381
vt 0.55594919 0.17325271
vt 0.55552076 0.17239581
vt 0.55493518 0.17208200
vt 0.55354650 0.17281957
vt 0.55413360 0.17164645
vt 0.55333141 0.17442308
vt 0.55354626 0.17602691
vt 0.55413330 0.17720083
vt 0.55493497 0.17763085
vt 0.55573665 0.17720161
vt 0.55632344 0.17602734
vt 0.55653846 0.17442381
vt 0.55632368 0.17282030
vt 0.55573691 0.17164683
vt 0.55493533 0.17121686
vt 0.60159050 0.19111023
vt 0.60159050 0.18855245
vt 0.60249496 0.19036150
vt 0.60286946 0.18855245
vt 0.60249496 0.18674382
vt 0.60159030 0.18599455
vt 0.60068600 0.18674430
vt 0.60031168 0.18855350
vt 0.60068625 0.19036150
vt 0.59896319 0.19282591
vt 0.57206821 0.19281919
vt 0.57206821 0.19082638
vt 0.59896319 0.19083308
vt 0.57206808 0.18883691
vt 0.59896319 0.18883971
vt 0.57206808 0.18684466
vt 0.59896319 0.18684969
vt 0.57206808 0.18485236
vt 0.59896319 0.18485565
vt 0.57206808 0.18285791
vt 0.59896319 0.18286175
vt 0.57206808 0.18086340
vt 0.59896319 0.18086559
vt 0.59896294 0.19681824
vt 0.57206770 0.19680769
vt 0.57206808 0.19481263
vt 0.59896319 0.19482100
vt 0.55883277 0.12663032
vt 0.55760429 0.12561199
vt 0.55893412 0.12561238
vt 0.55883298 0.12459482
vt 0.55854468 0.12373166
vt 0.55811303 0.12315475
vt 0.55760409 0.12295235
vt 0.55709520 0.12315513
vt 0.55666373 0.12373166
vt 0.55637564 0.12459443
vt 0.55627444 0.12561199
vt 0.55637588 0.12662958
vt 0.55666394 0.12749235
vt 0.55709532 0.12806885
vt 0.55760409 0.12827127
vt 0.55811288 0.12806923
vt 0.55854429 0.12749270
vt 0.56079318 0.13450888
vt 0.56333233 0.12943055
vt 0.56195829 0.13606551
vt 0.56333233 0.13661246
vt 0.56470650 0.13606551
vt 0.56587147 0.13450849
vt 0.56664980 0.13217878
vt 0.56692321 0.12943055
vt 0.56664980 0.12668192
vt 0.56587147 0.12435228
vt 0.56470650 0.12279567
vt 0.56333233 0.12224867
vt 0.56195829 0.12279528
vt 0.56079318 0.12435228
vt 0.56001467 0.12668231
vt 0.55974138 0.12943055
vt 0.56001494 0.13217878
vt 0.56328292 0.22109871
vt 0.56328313 0.21829809
vt 0.56473570 0.21829847
vt 0.56473561 0.22109909
vt 0.56328259 0.22390013
vt 0.56473538 0.22390013
vt 0.56473538 0.22670155
vt 0.56328268 0.22670155
vt 0.56473561 0.22950328
vt 0.56328268 0.22950328
vt 0.56473561 0.23230552
vt 0.56328268 0.23230552
vt 0.56328268 0.23510729
vt 0.56473561 0.23510729
vt 0.56473368 0.19308904
vt 0.56328095 0.19308904
vt 0.56328095 0.19028682
vt 0.56473368 0.19028682
vt 0.56473368 0.19589085
vt 0.56328095 0.19589085
vt 0.56328095 0.19869260
vt 0.56473368 0.19869224
vt 0.56473421 0.20149319
vt 0.56328128 0.20149444
vt 0.56473481 0.20429422
vt 0.56328205 0.20429543
vt 0.56473538 0.20709524
vt 0.56328268 0.20709644
vt 0.56473570 0.20989626
vt 0.56328313 0.20989708
vt 0.56328325 0.21269727
vt 0.56473597 0.21269727
vt 0.56473597 0.21549789
vt 0.56328325 0.21549748
vt 0.56691900 0.11385472
vt 0.56906040 0.11385514
vt 0.56878700 0.11660334
vt 0.56680860 0.11496409
vt 0.56680860 0.11274543
vt 0.56878712 0.11110692
vt 0.56649458 0.11180511
vt 0.56800878 0.10877686
vt 0.56602416 0.11117661
vt 0.56684379 0.10721984
vt 0.56546949 0.11095571
vt 0.56546975 0.10667323
vt 0.56491490 0.11117661
vt 0.56409554 0.10721945
vt 0.56444442 0.11180511
vt 0.56293054 0.10877647
vt 0.56413026 0.11274543
vt 0.56215186 0.11110610
vt 0.56402001 0.11385472
vt 0.56187860 0.11385472
vt 0.56413026 0.11496409
vt 0.56215186 0.11660304
vt 0.56444442 0.11590485
vt 0.56293034 0.11893341
vt 0.56491466 0.11653330
vt 0.56409536 0.12049007
vt 0.56546949 0.11675382
vt 0.56546949 0.12103663
vt 0.56684379 0.12049007
vt 0.56602416 0.11653330
vt 0.56649458 0.11590485
vt 0.56800867 0.11893341
vt 0.56197456 0.14838377
vt 0.56450888 0.14846771
vt 0.56450480 0.14950884
vt 0.56196994 0.14951120
vt 0.56450939 0.15055001
vt 0.56197488 0.15063864
vt 0.56452267 0.15159037
vt 0.56198932 0.15176602
vt 0.56454500 0.15262926
vt 0.56201344 0.15289384
vt 0.56457620 0.15366680
vt 0.56204762 0.15402085
vt 0.56461681 0.15470252
vt 0.56209183 0.15514747
vt 0.56466683 0.15573619
vt 0.56214614 0.15627254
vt 0.56221099 0.15739526
vt 0.56472635 0.15676749
vt 0.56228595 0.15851591
vt 0.56479521 0.15779609
vt 0.56472224 0.14224740
vt 0.56220631 0.14162761
vt 0.56228051 0.14050649
vt 0.56479033 0.14121841
vt 0.56214245 0.14275106
vt 0.56466344 0.14327909
vt 0.56461422 0.14431323
vt 0.56208889 0.14387576
vt 0.56457450 0.14534930
vt 0.56204551 0.14500198
vt 0.56454363 0.14638729
vt 0.56201213 0.14612855
vt 0.56198849 0.14725599
vt 0.56452195 0.14742692
vt 0.55883277 0.12663032
vt 0.55893412 0.12561238
vt 0.55760429 0.12561199
vt 0.55883298 0.12459482
vt 0.55854468 0.12373166
vt 0.55811303 0.12315475
vt 0.55760409 0.12295235
vt 0.55709520 0.12315513
vt 0.55666373 0.12373166
vt 0.55637564 0.12459443
vt 0.55627444 0.12561199
vt 0.55637588 0.12662958
vt 0.55666394 0.12749235
vt 0.55709532 0.12806885
vt 0.55760409 0.12827127
vt 0.55811288 0.12806923
vt 0.55854429 0.12749270
vt 0.56079318 0.13450888
vt 0.56195829 0.13606551
vt 0.56333233 0.12943055
vt 0.56333233 0.13661246
vt 0.56470650 0.13606551
vt 0.56587147 0.13450849
vt 0.56664980 0.13217878
vt 0.56692321 0.12943055
vt 0.56664980 0.12668192
vt 0.56587147 0.12435228
vt 0.56470650 0.12279567
vt 0.56333233 0.12224867
vt 0.56195829 0.12279528
vt 0.56079318 0.12435228
vt 0.56001467 0.12668231
vt 0.55974138 0.12943055
vt 0.56001494 0.13217878
vt 0.56328292 0.22109871
vt 0.56473561 0.22109909
vt 0.56473570 0.21829847
vt 0.56328313 0.21829809
vt 0.56328259 0.22390013
vt 0.56473538 0.22390013
vt 0.56473538 0.22670155
vt 0.56328268 0.22670155
vt 0.56328268 0.22950328
vt 0.56473561 0.22950328
vt 0.56328268 0.23230552
vt 0.56473561 0.23230552
vt 0.56328268 0.23510729
vt 0.56473561 0.23510729
vt 0.56473368 0.19308904
vt 0.56473368 0.19028682
vt 0.56328095 0.19028682
vt 0.56328095 0.19308904
vt 0.56328095 0.19589085
vt 0.56473368 0.19589085
vt 0.56328095 0.19869260
vt 0.56473368 0.19869224
vt 0.56473421 0.20149319
vt 0.56328128 0.20149444
vt 0.56328205 0.20429543
vt 0.56473481 0.20429422
vt 0.56473538 0.20709524
vt 0.56328268 0.20709644
vt 0.56328313 0.20989708
vt 0.56473570 0.20989626
vt 0.56328325 0.21269727
vt 0.56473597 0.21269727
vt 0.56473597 0.21549789
vt 0.56328325 0.21549748
vt 0.56691900 0.11385472
vt 0.56680860 0.11496409
vt 0.56878700 0.11660334
vt 0.56906040 0.11385514
vt 0.56878712 0.11110692
vt 0.56680860 0.11274543
vt 0.56800878 0.10877686
vt 0.56649458 0.11180511
vt 0.56684379 0.10721984
vt 0.56602416 0.11117661
vt 0.56546975 0.10667323
vt 0.56546949 0.11095571
vt 0.56491490 0.11117661
vt 0.56409554 0.10721945
vt 0.56293054 0.10877647
vt 0.56444442 0.11180511
vt 0.56215186 0.11110610
vt 0.56413026 0.11274543
vt 0.56187860 0.11385472
vt 0.56402001 0.11385472
vt 0.56215186 0.11660304
vt 0.56413026 0.11496409
vt 0.56293034 0.11893341
vt 0.56444442 0.11590485
vt 0.56409536 0.12049007
vt 0.56491466 0.11653330
vt 0.56546949 0.11675382
vt 0.56546949 0.12103663
vt 0.56684379 0.12049007
vt 0.56602416 0.11653330
vt 0.56800867 0.11893341
vt 0.56649458 0.11590485
vt 0.56197456 0.14838377
vt 0.56196994 0.14951120
vt 0.56450480 0.14950884
vt 0.56450888 0.14846771
vt 0.56450939 0.15055001
vt 0.56197488 0.15063864
vt 0.56452267 0.15159037
vt 0.56198932 0.15176602
vt 0.56201344 0.15289384
vt 0.56454500 0.15262926
vt 0.56204762 0.15402085
vt 0.56457620 0.15366680
vt 0.56209183 0.15514747
vt 0.56461681 0.15470252
vt 0.56214614 0.15627254
vt 0.56466683 0.15573619
vt 0.56221099 0.15739526
vt 0.56472635 0.15676749
vt 0.56228595 0.15851591
vt 0.56479521 0.15779609
vt 0.56472224 0.14224740
vt 0.56479033 0.14121841
vt 0.56228051 0.14050649
vt 0.56220631 0.14162761
vt 0.56214245 0.14275106
vt 0.56466344 0.14327909
vt 0.56461422 0.14431323
vt 0.56208889 0.14387576
vt 0.56204551 0.14500198
vt 0.56457450 0.14534930
vt 0.56201213 0.14612855
vt 0.56454363 0.14638729
vt 0.56198849 0.14725599
vt 0.56452195 0.14742692
vt 0.60207998 0.19091535
vt 0.60159050 0.18855245
vt 0.60110123 0.19091594
vt 0.60277203 0.18953152
vt 0.60277203 0.18757324
vt 0.60207998 0.18618882
vt 0.60110102 0.18618941
vt 0.60040886 0.18757440
vt 0.60040927 0.18953214
vt 0.59896319 0.19182950
vt 0.57206821 0.19182277
vt 0.57206808 0.19381564
vt 0.59896319 0.19382294
vt 0.59896319 0.18983616
vt 0.57206821 0.18983163
vt 0.59896319 0.18784491
vt 0.57206808 0.18784053
vt 0.59896319 0.18585268
vt 0.57206808 0.18584826
vt 0.59896319 0.18385874
vt 0.57206808 0.18385594
vt 0.59896319 0.18186420
vt 0.57206808 0.18186086
vt 0.59896319 0.17994350
vt 0.57206808 0.17994129
vt 0.57206808 0.19581020
vt 0.59896294 0.19581961
vt 0.35512485 0.01702519
vt 0.37360736 0.02002108
vt 0.37293877 0.01761135
vt 0.37429088 0.02384286
vt 0.37426082 0.02759227
vt 0.37351807 0.03114303
vt 0.25336933 0.08643037
vt 0.25283331 0.08824066
vt 0.27131877 0.08580651
vt 0.25293117 0.09936513
vt 0.25218574 0.09581535
vt 0.25215247 0.09206499
vt 0.25408980 0.01762506
vt 0.25342192 0.02003526
vt 0.27190347 0.01702276
vt 0.25273913 0.02385856
vt 0.25277020 0.02760944
vt 0.25351342 0.03115915
vt 0.37249816 0.08639463
vt 0.35454871 0.08578351
vt 0.37303441 0.08820548
vt 0.37293950 0.09932453
vt 0.37368370 0.09577671
vt 0.37371599 0.09202877
vt 0.30341723 0.18031278
vt 0.30337694 0.17325896
vt 0.28551495 0.17325896
vt 0.28551495 0.18031278
vt 0.35474141 0.16298366
vt 0.33678471 0.16298366
vt 0.33680795 0.17000676
vt 0.35474141 0.17000676
vt 0.34377702 0.17325896
vt 0.34103158 0.17325896
vt 0.34098772 0.18031278
vt 0.34373248 0.18031278
vt 0.28842410 0.17023077
vt 0.29381008 0.17023077
vt 0.29381008 0.16320986
vt 0.28842410 0.16320986
vt 0.31817106 0.05806937
vt 0.31821998 0.00731628
vt 0.31573588 0.00491486
vt 0.31570138 0.06763198
vt 0.33789721 0.17325896
vt 0.33536098 0.17325896
vt 0.33532572 0.18031278
vt 0.33785708 0.18031278
vt 0.30170579 0.17023077
vt 0.30170579 0.16320986
vt 0.29812613 0.16320986
vt 0.29812613 0.17023077
vt 0.32091130 0.05141853
vt 0.32323590 0.04599580
vt 0.32331882 0.01236180
vt 0.32098176 0.01033472
vt 0.33231302 0.17325896
vt 0.32942746 0.17325896
vt 0.32941210 0.18031278
vt 0.33228562 0.18031278
vt 0.31039540 0.17000676
vt 0.31039540 0.16298366
vt 0.30727540 0.16298366
vt 0.30727540 0.17000676
vt 0.32618238 0.04197192
vt 0.32900629 0.03937526
vt 0.32910806 0.01509787
vt 0.32627680 0.01391041
vt 0.31552973 0.17325896
vt 0.31554841 0.18031278
vt 0.32595245 0.18031278
vt 0.32595280 0.17325896
vt 0.31402374 0.17000676
vt 0.32462128 0.17000676
vt 0.32462446 0.16298366
vt 0.31405141 0.16298366
vt 0.33255825 0.01599819
vt 0.33244793 0.03706735
vt 0.34286115 0.03339474
vt 0.34297417 0.01687350
vt 0.35501305 0.03230071
vt 0.34595648 0.18031278
vt 0.34595648 0.17325896
vt 0.28612390 0.17023077
vt 0.28842410 0.17023077
vt 0.28842410 0.16320986
vt 0.28612390 0.16320986
vt 0.31351893 0.00490660
vt 0.31351747 0.06899224
vt 0.30547043 0.07905927
vt 0.30554528 0.11952710
vt 0.30828676 0.12617700
vt 0.30823243 0.07604085
vt 0.30027200 0.11008292
vt 0.30321945 0.11410436
vt 0.30313188 0.08108736
vt 0.30017268 0.08263738
vt 0.29744712 0.10748870
vt 0.29734046 0.08382788
vt 0.29388903 0.08473253
vt 0.29400426 0.10518467
vt 0.37295222 0.03291623
vt 0.31075764 0.13573960
vt 0.31071776 0.07363894
vt 0.28347214 0.08562599
vt 0.28358932 0.10153116
vt 0.27143693 0.10046651
vt 0.25349825 0.10113681
vt 0.31294157 0.13709982
vt 0.31293521 0.07363012
vt 0.35383866 0.15644816
vt 0.35383741 0.14942497
vt 0.35278473 0.14942544
vt 0.35278594 0.15644872
vt 0.35967143 0.15644180
vt 0.36088668 0.15644085
vt 0.36088668 0.14941672
vt 0.35967143 0.14941861
vt 0.35576520 0.15644673
vt 0.35576350 0.14942354
vt 0.35763967 0.14942156
vt 0.35764186 0.15644475
vt 0.30528423 0.17023077
vt 0.30528423 0.16320986
vt 0.32873184 0.20079206
vt 0.34655957 0.20079206
vt 0.34655957 0.19374544
vt 0.32863520 0.19374544
vt 0.28620060 0.18359438
vt 0.28620060 0.19061559
vt 0.30414539 0.19061559
vt 0.30414539 0.18359438
vt 0.28833592 0.20079206
vt 0.29108130 0.20079206
vt 0.29106955 0.19374544
vt 0.28832612 0.19374544
vt 0.35047420 0.18359438
vt 0.34508972 0.18359438
vt 0.34519214 0.19061559
vt 0.35058006 0.19061559
vt 0.30881714 0.00731335
vt 0.30886338 0.05806599
vt 0.31133330 0.06763051
vt 0.31130172 0.00491386
vt 0.29673012 0.19374544
vt 0.29419979 0.19374544
vt 0.29421495 0.20079206
vt 0.29675213 0.20079206
vt 0.34077707 0.18359438
vt 0.33720313 0.18359438
vt 0.33728600 0.19061559
vt 0.34087195 0.19061559
vt 0.30612264 0.05141412
vt 0.30605439 0.01033030
vt 0.30371609 0.01235592
vt 0.30379756 0.04598943
vt 0.29980087 0.20079206
vt 0.30268668 0.20079206
vt 0.30264360 0.19374544
vt 0.29976979 0.19374544
vt 0.33363278 0.18359438
vt 0.33052273 0.18359438
vt 0.33056961 0.19061559
vt 0.33369953 0.19061559
vt 0.30075689 0.01390305
vt 0.29792465 0.01509009
vt 0.29802594 0.03936748
vt 0.30085059 0.04196456
vt 0.30616133 0.20079206
vt 0.31658287 0.20079206
vt 0.31650705 0.19374544
vt 0.30610335 0.19374544
vt 0.32689168 0.18359438
vt 0.31631875 0.18359438
vt 0.31631867 0.19061559
vt 0.32691633 0.19061559
vt 0.29447324 0.01598938
vt 0.28405586 0.01686514
vt 0.28417035 0.03338639
vt 0.29458381 0.03705752
vt 0.27201870 0.03229924
vt 0.28613365 0.20079206
vt 0.28612435 0.19374544
vt 0.35282759 0.18359438
vt 0.35047420 0.18359438
vt 0.35058006 0.19061559
vt 0.35282759 0.19061559
vt 0.31759370 0.12617400
vt 0.32033322 0.11952222
vt 0.32040000 0.07905434
vt 0.31763773 0.07603796
vt 0.33186836 0.10517297
vt 0.33198041 0.08472081
vt 0.32852947 0.08381755
vt 0.32842673 0.10747894
vt 0.25407977 0.03293183
vt 0.27421548 0.17907671
vt 0.27421548 0.18610039
vt 0.27542988 0.18610133
vt 0.27543161 0.17907814
vt 0.31515241 0.07363748
vt 0.31512526 0.13573860
vt 0.32265709 0.11409796
vt 0.32273854 0.08108100
vt 0.32560306 0.11007460
vt 0.32569750 0.08262915
vt 0.34228183 0.10151356
vt 0.34239681 0.08560839
vt 0.35443372 0.10044348
vt 0.37237292 0.10109569
vt 0.28126387 0.18610569
vt 0.28231656 0.18610673
vt 0.28231806 0.17908356
vt 0.28126509 0.17908250
vt 0.27933855 0.17908109
vt 0.27933755 0.18610426
vt 0.27746213 0.17908004
vt 0.27746090 0.18610322
vt 0.05646450 0.16856613
vt 0.01950849 0.20759610
vt 0.07434135 0.23749206
vt 0.08111116 0.30905485
vt 0.01953618 0.41058355
vt 0.07436104 0.38062694
vt 0.01826374 0.23251226
vt 0.01828468 0.38566923
vt 0.00535175 0.27152786
vt 0.01101479 0.26236139
vt 0.00536221 0.34666233
vt 0.01102721 0.35582326
vt 0.11315561 0.43212070
vt 0.08650231 0.36742006
vt 0.09436015 0.42501805
vt 0.15004793 0.40619855
vt 0.13978872 0.36738642
vt 0.13195034 0.42499377
vt 0.09304439 0.36611276
vt 0.13324750 0.36608705
vt 0.10328268 0.35254500
vt 0.10087849 0.35849540
vt 0.12300741 0.35253380
vt 0.12541244 0.35848209
vt 0.01591747 0.24986485
vt 0.01593366 0.36831893
vt 0.09759890 0.36364672
vt 0.12869254 0.36362834
vt 0.11314547 0.35309958
vt 0.07625678 0.40624698
vt 0.00588884 0.30909340
vt 0.05650364 0.44957410
vt 0.14262952 0.46609190
vt 0.19459131 0.46609190
vt 0.19459131 0.45158343
vt 0.14262952 0.45158343
vt 0.24419481 0.47551085
vt 0.19591631 0.47551085
vt 0.19591631 0.49001943
vt 0.24419481 0.49002154
vt 0.19067153 0.42219422
vt 0.19064324 0.43670254
vt 0.24262015 0.43670254
vt 0.24262444 0.42219422
vt 0.10532834 0.49001943
vt 0.10532834 0.47551085
vt 0.05704903 0.47551085
vt 0.05704903 0.49002154
vt 0.19459131 0.45158343
vt 0.19459131 0.46609190
vt 0.21018023 0.46609190
vt 0.21010427 0.45158343
vt 0.17510558 0.43670254
vt 0.19064324 0.43670254
vt 0.19067153 0.42219422
vt 0.17510558 0.42219422
vt 0.15062222 0.47551085
vt 0.15062222 0.49001943
vt 0.11588502 0.45252821
vt 0.09254079 0.45252821
vt 0.09254079 0.46703679
vt 0.11588502 0.46703679
vt 0.24020058 0.46609190
vt 0.24020058 0.45158343
vt 0.23111972 0.45158343
vt 0.23119330 0.46609190
vt 0.13923005 0.46703679
vt 0.13923005 0.45252821
vt 0.15414407 0.42219422
vt 0.14504587 0.42219422
vt 0.14504587 0.43670254
vt 0.15403469 0.43670254
vt 0.22129813 0.46609190
vt 0.22129813 0.45158343
vt 0.16399510 0.42219422
vt 0.16389894 0.43670254
vt 0.59768112 0.13560480
vt 0.59952023 0.14998984
vt 0.59983529 0.14783761
vt 0.59510730 0.13560897
vt 0.59296217 0.14784779
vt 0.59327848 0.14999896
vt 0.60424380 0.14419107
vt 0.60636408 0.13193469
vt 0.60604807 0.12978469
vt 0.59979544 0.12984613
vt 0.59948966 0.13200192
vt 0.60166933 0.14421650
vt 0.53737663 0.24273641
vt 0.53994962 0.21865651
vt 0.53737820 0.21865553
vt 0.53384751 0.21952162
vt 0.53147125 0.21800445
vt 0.53127589 0.21952080
vt 0.53641910 0.21952142
vt 0.53622376 0.21800445
vt 0.51294825 0.19898556
vt 0.51381279 0.20732377
vt 0.51467803 0.19898594
vt 0.50997437 0.20447519
vt 0.50898932 0.20002321
vt 0.50828665 0.20658359
vt 0.50473945 0.20658502
vt 0.50403541 0.20002519
vt 0.50305117 0.20447779
vt 0.53384735 0.21595843
vt 0.53301428 0.21595843
vt 0.53468035 0.21595803
vt 0.51558558 0.20651610
vt 0.51628893 0.20007756
vt 0.51133706 0.20007674
vt 0.51203993 0.20651532
vt 0.50787087 0.19974385
vt 0.50651318 0.20739444
vt 0.50515373 0.19974506
vt 0.51517015 0.19978123
vt 0.51245581 0.19978062
vt 0.50737865 0.19888138
vt 0.54252105 0.21865611
vt 0.54232581 0.21713918
vt 0.54078210 0.21509296
vt 0.53994946 0.21509315
vt 0.53911666 0.21509315
vt 0.53757350 0.21713918
vt 0.53127409 0.24242014
vt 0.54174006 0.21609801
vt 0.53815912 0.21609840
vt 0.53205687 0.21696370
vt 0.53563804 0.21696328
vt 0.50564572 0.19888217
vt 0.54252086 0.24273679
vt 0.53641803 0.24242135
vt 0.51727333 0.20441226
vt 0.51035230 0.20441125
vt 0.59419166 0.15129958
vt 0.59554150 0.13429157
vt 0.60210699 0.14552807
vt 0.60076241 0.12853621
vt 0.60381261 0.14551149
vt 0.60507500 0.12849419
vt 0.61379000 0.19396436
vt 0.61380505 0.19561508
vt 0.62028038 0.19561508
vt 0.62028038 0.19396436
vt 0.62254388 0.19396436
vt 0.62140059 0.19396436
vt 0.62140059 0.19561508
vt 0.62254388 0.19561508
vt 0.61300504 0.19396436
vt 0.61301299 0.19561508
vt 0.61115319 0.19561508
vt 0.61116716 0.19396436
vt 0.61038159 0.19396436
vt 0.61036164 0.19561508
vt 0.60276912 0.19561508
vt 0.60276912 0.19396436
vt 0.60162551 0.19396436
vt 0.60162551 0.19561508
vt 0.60388941 0.19561508
vt 0.60388941 0.19396436
vt 0.59602727 0.13374413
vt 0.59558043 0.15241336
vt 0.60211646 0.12740916
vt 0.60259465 0.14607098
vt 0.62402378 0.19561508
vt 0.62402378 0.19396436
vt 0.61245096 0.19396436
vt 0.61245120 0.19561508
vt 0.59724671 0.13428913
vt 0.59676042 0.13374343
vt 0.59721918 0.15241092
vt 0.59860710 0.15129362
vt 0.60371476 0.12739356
vt 0.60332795 0.14606381
vt 0.60014514 0.19561508
vt 0.60014514 0.19396436
vt 0.61171786 0.19561508
vt 0.61171786 0.19396436
vt 0.62564051 0.19396436
vt 0.62564051 0.19561508
vt 0.59805234 0.11816532
vt 0.59844455 0.11818140
vt 0.59932357 0.12544523
vt 0.59910891 0.12579369
vt 0.58667900 0.09543417
vt 0.58631957 0.10331913
vt 0.58821349 0.10342536
vt 0.58808133 0.09551497
vt 0.59955214 0.16478979
vt 0.59931643 0.16237390
vt 0.59252736 0.16291098
vt 0.59238791 0.16535668
vt 0.58398139 0.13919536
vt 0.58037896 0.13759086
vt 0.58040174 0.14885427
vt 0.58399824 0.14718888
vt 0.58516381 0.12272750
vt 0.58502490 0.13559108
vt 0.58872239 0.13575692
vt 0.58886114 0.12289322
vt 0.59908303 0.09772267
vt 0.59837398 0.09753153
vt 0.59903531 0.08998842
vt 0.59972149 0.09044985
vt 0.57684754 0.15510998
vt 0.57705037 0.16193913
vt 0.57914328 0.16193823
vt 0.57934281 0.15510471
vt 0.59783869 0.11138950
vt 0.59786567 0.10446976
vt 0.59830515 0.10471491
vt 0.59823387 0.11156299
vt 0.59893890 0.09895424
vt 0.59828112 0.09857797
vt 0.59824328 0.09941933
vt 0.59882856 0.10001982
vt 0.59003295 0.15293328
vt 0.58997657 0.15770182
vt 0.59040224 0.15728684
vt 0.59044824 0.15338801
vt 0.57985299 0.14947886
vt 0.57982993 0.13697503
vt 0.57630572 0.13699688
vt 0.57632860 0.14950095
vt 0.57950141 0.15030762
vt 0.57668183 0.15031947
vt 0.57749483 0.11046821
vt 0.57725309 0.11792593
vt 0.57887738 0.11792795
vt 0.57864181 0.11047006
vt 0.59682884 0.11865875
vt 0.59643709 0.11869948
vt 0.59779936 0.12613513
vt 0.59799941 0.12575276
vt 0.59797868 0.09109107
vt 0.59730233 0.09057397
vt 0.59648791 0.09806128
vt 0.59719315 0.09830239
vt 0.59601085 0.11195355
vt 0.59640961 0.11208986
vt 0.59638603 0.10525675
vt 0.59594601 0.10502292
vt 0.57701846 0.12453826
vt 0.57910791 0.12453862
vt 0.59637826 0.09910960
vt 0.59703127 0.09951761
vt 0.59633095 0.09995772
vt 0.59691277 0.10057122
vt 0.58919186 0.13524809
vt 0.58931720 0.12344140
vt 0.59157665 0.15284683
vt 0.59117244 0.15333961
vt 0.59130894 0.15723015
vt 0.59174372 0.15760510
vt 0.58815843 0.14149835
vt 0.58544476 0.14135750
vt 0.58552581 0.14827349
vt 0.58789099 0.14840422
vt 0.58844830 0.13641014
vt 0.58528314 0.13625734
vt 0.57947680 0.13615719
vt 0.57665731 0.13616832
vt 0.59294514 0.13371870
vt 0.59303402 0.12528561
vt 0.57752035 0.17600757
vt 0.57866745 0.17600882
vt 0.57890827 0.16855090
vt 0.57728399 0.16854979
vt 0.59332439 0.11747997
vt 0.59293248 0.11744892
vt 0.59391393 0.12511704
vt 0.59413204 0.12477682
vt 0.60078783 0.15601714
vt 0.59362086 0.15560869
vt 0.59377378 0.15805119
vt 0.60056552 0.15843830
vt 0.57217678 0.14727820
vt 0.57577924 0.14888449
vt 0.57575725 0.13762111
vt 0.57216082 0.13928486
vt 0.59406294 0.08928655
vt 0.59339316 0.09682611
vt 0.59410194 0.09702175
vt 0.59474865 0.08975119
vt 0.59317638 0.11085391
vt 0.59329836 0.10400678
vt 0.59286037 0.10375163
vt 0.59278269 0.11066732
vt 0.59329851 0.09787058
vt 0.59395540 0.09825326
vt 0.59325847 0.09870977
vt 0.59384167 0.09931846
vt 0.58569926 0.11698627
vt 0.58846735 0.11712644
vt 0.58835833 0.11020859
vt 0.58598896 0.11008182
vt 0.58860299 0.12222600
vt 0.58543784 0.12207499
vt 0.59500220 0.11856148
vt 0.59591522 0.12580840
vt 0.59570208 0.12616122
vt 0.59460987 0.11855318
vt 0.58719486 0.16305092
vt 0.58755890 0.15516682
vt 0.58566508 0.15505633
vt 0.58579260 0.16296708
vt 0.59626589 0.09085456
vt 0.59559811 0.09811621
vt 0.59488971 0.09791492
vt 0.59558152 0.09038188
vt 0.57684071 0.13137138
vt 0.57928747 0.13136739
vt 0.59481766 0.10510497
vt 0.59475916 0.11194849
vt 0.59436335 0.11178141
vt 0.59437883 0.10486205
vt 0.59545043 0.09934439
vt 0.59479349 0.09896177
vt 0.59533837 0.10040744
vt 0.59475374 0.09980397
vt 0.58469476 0.12323615
vt 0.58456860 0.13504283
vt 0.58094138 0.12476405
vt 0.58085177 0.13319713
vt 0.52391812 0.24268261
vt 0.52905985 0.24268261
vt 0.52905985 0.21678471
vt 0.52391812 0.21678471
vt 0.52164862 0.21846142
vt 0.51650543 0.21846142
vt 0.51635510 0.24141909
vt 0.52149829 0.24141909
vt 0.52242874 0.21666055
vt 0.52243366 0.24256390
vt 0.52313284 0.24117954
vt 0.52314939 0.21822017
vt 0.52963148 0.22014257
vt 0.52985502 0.24309776
vt 0.53056651 0.24445679
vt 0.53033799 0.21855740
vt 0.51630043 0.24888395
vt 0.51738930 0.24888395
vt 0.51737435 0.24733955
vt 0.51630043 0.24733955
vt 0.53373473 0.24888395
vt 0.53314585 0.24733955
vt 0.52169528 0.24733955
vt 0.52169528 0.24888395
vt 0.51473247 0.24733955
vt 0.50328409 0.24733953
vt 0.50269373 0.24888392
vt 0.51473537 0.24888395
vt 0.50967946 0.24498763
vt 0.51449550 0.24498763
vt 0.51449550 0.21504440
vt 0.50967946 0.21504440
vt 0.51551911 0.21320029
vt 0.51488209 0.24323575
vt 0.51570712 0.24213916
vt 0.51626189 0.21320029
vt 0.50249974 0.24387540
vt 0.50728144 0.24387540
vt 0.50728144 0.21481516
vt 0.50249974 0.21481516
vt 0.50820297 0.21365890
vt 0.50829778 0.24259484
vt 0.50910482 0.24374305
vt 0.50894208 0.21365890
vt 0.52012864 0.24733955
vt 0.51904006 0.24733955
vt 0.51905451 0.24888395
vt 0.52012864 0.24888395
vt 0.52707602 0.19633708
vt 0.52482866 0.19633708
vt 0.52459513 0.19926606
vt 0.52728988 0.19930428
vt 0.52985893 0.19588649
vt 0.52920724 0.19535147
vt 0.52871870 0.19816061
vt 0.52959308 0.19826400
vt 0.52246219 0.20023091
vt 0.52224826 0.19784331
vt 0.52000019 0.19784331
vt 0.51976821 0.20023091
vt 0.53168690 0.19531456
vt 0.53141840 0.19769119
vt 0.53054431 0.19758382
vt 0.53103550 0.19477692
vt 0.52667504 0.18635522
vt 0.52659643 0.18394203
vt 0.52537551 0.18394203
vt 0.52528211 0.18635522
vt 0.53173009 0.18584671
vt 0.53181085 0.18312962
vt 0.53113997 0.18370960
vt 0.53106905 0.18611921
vt 0.52045521 0.18716958
vt 0.52185289 0.18716958
vt 0.52176763 0.18445917
vt 0.52055402 0.18445917
vt 0.53356334 0.18527883
vt 0.53290237 0.18555060
vt 0.53297368 0.18314162
vt 0.53364460 0.18256161
vt 0.52363863 0.21317867
vt 0.52811829 0.21327085
vt 0.52685899 0.21030454
vt 0.52492825 0.21030454
vt 0.53118437 0.20776539
vt 0.53263988 0.21032419
vt 0.53330978 0.20965074
vt 0.53194575 0.20716366
vt 0.52203351 0.21043654
vt 0.52009701 0.21043654
vt 0.51881081 0.21311280
vt 0.52329050 0.21311280
vt 0.53511626 0.20910599
vt 0.53444513 0.20977458
vt 0.53299444 0.20720496
vt 0.53375690 0.20660906
vt 0.52472345 0.20558378
vt 0.52711029 0.20558378
vt 0.52738239 0.20334744
vt 0.52447110 0.20334744
vt 0.52994421 0.20156284
vt 0.52911877 0.20213437
vt 0.52961604 0.20420075
vt 0.53040030 0.20349633
vt 0.52255820 0.20358521
vt 0.51964277 0.20358521
vt 0.51989448 0.20565431
vt 0.52228636 0.20565431
vt 0.53221828 0.20292982
vt 0.53143274 0.20362854
vt 0.53093874 0.20155918
vt 0.53176505 0.20099275
vt 0.51798575 0.20820692
vt 0.51798575 0.20953206
vt 0.51862794 0.20953206
vt 0.51862794 0.20820692
vt 0.50330934 0.20820692
vt 0.50266744 0.20820692
vt 0.50266744 0.20953206
vt 0.50330934 0.20953206
vt 0.53379496 0.24673293
vt 0.53450838 0.24843313
vt 0.51596847 0.24347925
vt 0.51514110 0.24478281
vt 0.52391812 0.24458532
vt 0.52905985 0.24458532
vt 0.52905985 0.21521818
vt 0.52391812 0.21521818
vt 0.50249974 0.21343462
vt 0.50728144 0.21343462
vt 0.52336237 0.24280219
vt 0.52267795 0.24440332
vt 0.53008403 0.21707518
vt 0.52938501 0.21879930
vt 0.53127422 0.24382965
vt 0.53641783 0.24383020
vt 0.52338377 0.21686854
vt 0.52266958 0.21516946
vt 0.53033870 0.24630458
vt 0.52964004 0.24472840
vt 0.50967946 0.21341337
vt 0.51449550 0.21341337
vt 0.54252053 0.24433310
vt 0.53737703 0.24433371
vt 0.52148637 0.24310545
vt 0.51634497 0.24310545
vt 0.50801526 0.24391778
vt 0.50882162 0.24527279
vt 0.50263531 0.24689333
vt 0.50192050 0.24859124
vt 0.52165803 0.21703051
vt 0.51651488 0.21703051
vt 0.52091213 0.24888395
vt 0.52091213 0.24733955
vt 0.51551298 0.24733955
vt 0.51552098 0.24888395
vt 0.52689403 0.20779207
vt 0.52491846 0.20779207
vt 0.53101435 0.20536000
vt 0.53030624 0.20596965
vt 0.52206829 0.20784501
vt 0.52008988 0.20784501
vt 0.53211963 0.20540249
vt 0.53282891 0.20479812
vt 0.53053750 0.19305690
vt 0.52991448 0.19264172
vt 0.53174472 0.19206974
vt 0.53236741 0.19248675
vt 0.52682616 0.19331542
vt 0.52509624 0.19331542
vt 0.52199987 0.19475783
vt 0.52026955 0.19475783
vt 0.53041522 0.19053724
vt 0.53107732 0.19067076
vt 0.53290858 0.19010173
vt 0.53224653 0.18996688
vt 0.52676951 0.19097925
vt 0.52516464 0.19097925
vt 0.52194483 0.19215126
vt 0.52033950 0.19215126
vt 0.52544035 0.18091143
vt 0.52655442 0.18091143
vt 0.53097590 0.18069826
vt 0.53162352 0.18003209
vt 0.52172582 0.18134361
vt 0.52061336 0.18134361
vt 0.53345731 0.17946410
vt 0.53280966 0.18013038
vt 0.52654620 0.17928313
vt 0.52546321 0.17928313
vt 0.53129385 0.17837415
vt 0.53065053 0.17920700
vt 0.52171413 0.17956091
vt 0.52063619 0.17956091
vt 0.53312768 0.17780623
vt 0.53248439 0.17863887
vt 0.52969716 0.20001587
vt 0.52885831 0.20044694
vt 0.53068090 0.19987061
vt 0.53152031 0.19944400
vt 0.52444740 0.20157773
vt 0.52742045 0.20157773
vt 0.52259474 0.20196693
vt 0.51962098 0.20196693
vt 0.53146120 0.18827214
vt 0.53078618 0.18840655
vt 0.53329352 0.18770372
vt 0.53261852 0.18783705
vt 0.52671643 0.18871723
vt 0.52522828 0.18871723
vt 0.52189327 0.18964452
vt 0.52040376 0.18964452
vt 0.53070649 0.17662314
vt 0.53019394 0.17775082
vt 0.53202788 0.17718255
vt 0.53254052 0.17605512
vt 0.52653570 0.17756460
vt 0.52549078 0.17756460
vt 0.52170455 0.17745291
vt 0.52065993 0.17745291
vt 0.52966319 0.17566049
vt 0.52934694 0.17693002
vt 0.53118102 0.17636136
vt 0.53149733 0.17509192
vt 0.52515803 0.17580953
vt 0.52688652 0.17580953
vt 0.52032371 0.17525911
vt 0.52205585 0.17525911
vt 0.51821453 0.24733955
vt 0.51821453 0.24888395
vt 0.51246515 0.20820692
vt 0.51246613 0.20953206
vt 0.51445423 0.20953206
vt 0.51445593 0.20820692
vt 0.51064488 0.20820692
vt 0.51064834 0.20953206
vt 0.50882452 0.20820692
vt 0.50883064 0.20953206
vt 0.50683389 0.20820692
vt 0.50684301 0.20953206
vt 0.51686206 0.20953206
vt 0.51686206 0.20820692
vt 0.50443192 0.20953206
vt 0.50443192 0.20820692
vt 0.54787048 0.24565549
vt 0.54786292 0.19031341
vt 0.54681208 0.19031341
vt 0.54681770 0.24565549
vt 0.54892282 0.24565549
vt 0.54891353 0.19031341
vt 0.54997423 0.24565549
vt 0.54996482 0.19031341
vt 0.55102505 0.24565549
vt 0.55101701 0.19031341
vt 0.55207783 0.24565549
vt 0.55206773 0.19031341
vt 0.55312977 0.24565508
vt 0.55311995 0.19031302
vt 0.55414218 0.24565432
vt 0.55413254 0.19031226
vt 0.54576114 0.19031341
vt 0.54576445 0.24565549
vt 0.24779273 0.18902786
vt 0.08531397 0.18902786
vt 0.08531397 0.31977541
vt 0.24779273 0.31977541
vt 0.54464312 0.10425030
vt 0.54432770 0.10315877
vt 0.54409687 0.10362070
vt 0.54401261 0.10425030
vt 0.54409714 0.10488115
vt 0.54432770 0.10534231
vt 0.54464270 0.10551123
vt 0.54495788 0.10534269
vt 0.54518877 0.10488158
vt 0.54527336 0.10425070
vt 0.54518892 0.10362070
vt 0.54495812 0.10315877
vt 0.54464291 0.10299021
vt 0.54464312 0.10425030
vt 0.54409687 0.10362070
vt 0.54432770 0.10315877
vt 0.54401261 0.10425030
vt 0.54409714 0.10488115
vt 0.54432770 0.10534231
vt 0.54464270 0.10551123
vt 0.54495788 0.10534269
vt 0.54518877 0.10488158
vt 0.54527336 0.10425070
vt 0.54518892 0.10362070
vt 0.54495812 0.10315877
vt 0.54464291 0.10299021
vt 0.55493518 0.17442342
vt 0.55438893 0.17379381
vt 0.55461976 0.17333189
vt 0.55430467 0.17442342
vt 0.55438920 0.17505427
vt 0.55461976 0.17551543
vt 0.55493476 0.17568435
vt 0.55524994 0.17551582
vt 0.55548084 0.17505471
vt 0.55556542 0.17442381
vt 0.55548098 0.17379381
vt 0.55525018 0.17333189
vt 0.55493497 0.17316333
vt 0.55493518 0.17442342
vt 0.55438893 0.17379381
vt 0.55461976 0.17333189
vt 0.55430467 0.17442342
vt 0.55438920 0.17505427
vt 0.55461976 0.17551543
vt 0.55493476 0.17568435
vt 0.55524994 0.17551582
vt 0.55548084 0.17505471
vt 0.55556542 0.17442381
vt 0.55548098 0.17379381
vt 0.55525018 0.17333189
vt 0.55493497 0.17316333
vt 0.55493518 0.17442342
vt 0.55461976 0.17333189
vt 0.55438893 0.17379381
vt 0.55430467 0.17442342
vt 0.55438920 0.17505427
vt 0.55461976 0.17551543
vt 0.55493476 0.17568435
vt 0.55524994 0.17551582
vt 0.55548084 0.17505471
vt 0.55556542 0.17442381
vt 0.55548098 0.17379381
vt 0.55525018 0.17333189
vt 0.55493497 0.17316333
vt 0.55493518 0.17442342
vt 0.55461976 0.17333189
vt 0.55438893 0.17379381
vt 0.55430467 0.17442342
vt 0.55438920 0.17505427
vt 0.55461976 0.17551543
vt 0.55493476 0.17568435
vt 0.55524994 0.17551582
vt 0.55548084 0.17505471
vt 0.55556542 0.17442381
vt 0.55548098 0.17379381
vt 0.55525018 0.17333189
vt 0.55493497 0.17316333
vt 0.55493518 0.17442342
vt 0.55438893 0.17379381
vt 0.55461976 0.17333189
vt 0.55430467 0.17442342
vt 0.55438920 0.17505427
vt 0.55461976 0.17551543
vt 0.55493476 0.17568435
vt 0.55524994 0.17551582
vt 0.55548084 0.17505471
vt 0.55556542 0.17442381
vt 0.55548098 0.17379381
vt 0.55525018 0.17333189
vt 0.55493497 0.17316333
vt 0.55493518 0.17442342
vt 0.55461976 0.17333189
vt 0.55438893 0.17379381
vt 0.55430467 0.17442342
vt 0.55438920 0.17505427
vt 0.55461976 0.17551543
vt 0.55493476 0.17568435
vt 0.55524994 0.17551582
vt 0.55548084 0.17505471
vt 0.55556542 0.17442381
vt 0.55548098 0.17379381
vt 0.55525018 0.17333189
vt 0.55493497 0.17316333
vt 0.54362878 0.10307917
vt 0.54405754 0.10222231
vt 0.54347169 0.10425030
vt 0.54362848 0.10542149
vt 0.54405742 0.10627908
vt 0.54464291 0.10659298
vt 0.54522846 0.10627951
vt 0.54565686 0.10542188
vt 0.54581397 0.10425070
vt 0.54565713 0.10307959
vt 0.54522870 0.10222268
vt 0.54464312 0.10190887
vt 0.54325444 0.10264645
vt 0.54384154 0.10147332
vt 0.54303935 0.10424996
vt 0.54325420 0.10585378
vt 0.54384124 0.10702771
vt 0.54464291 0.10745772
vt 0.54544458 0.10702848
vt 0.54603138 0.10585421
vt 0.54624640 0.10425070
vt 0.54603162 0.10264718
vt 0.54544485 0.10147371
vt 0.54464327 0.10104374
vt 0.54362878 0.10307917
vt 0.54405754 0.10222231
vt 0.54347169 0.10425030
vt 0.54362848 0.10542149
vt 0.54405742 0.10627908
vt 0.54464291 0.10659298
vt 0.54522846 0.10627951
vt 0.54565686 0.10542188
vt 0.54581397 0.10425070
vt 0.54565713 0.10307959
vt 0.54522870 0.10222268
vt 0.54464312 0.10190887
vt 0.54325444 0.10264645
vt 0.54384154 0.10147332
vt 0.54303935 0.10424996
vt 0.54325420 0.10585378
vt 0.54384124 0.10702771
vt 0.54464291 0.10745772
vt 0.54544458 0.10702848
vt 0.54603138 0.10585421
vt 0.54624640 0.10425070
vt 0.54603162 0.10264718
vt 0.54544485 0.10147371
vt 0.54464327 0.10104374
vt 0.55392084 0.17325229
vt 0.55434960 0.17239544
vt 0.55376375 0.17442342
vt 0.55392054 0.17559461
vt 0.55434948 0.17645220
vt 0.55493497 0.17676610
vt 0.55552052 0.17645263
vt 0.55594892 0.17559500
vt 0.55610604 0.17442381
vt 0.55594919 0.17325271
vt 0.55552076 0.17239581
vt 0.55493518 0.17208200
vt 0.55354650 0.17281957
vt 0.55413360 0.17164645
vt 0.55333141 0.17442308
vt 0.55354626 0.17602691
vt 0.55413330 0.17720083
vt 0.55493497 0.17763085
vt 0.55573665 0.17720161
vt 0.55632344 0.17602734
vt 0.55653846 0.17442381
vt 0.55632368 0.17282030
vt 0.55573691 0.17164683
vt 0.55493533 0.17121686
vt 0.55392084 0.17325229
vt 0.55434960 0.17239544
vt 0.55376375 0.17442342
vt 0.55392054 0.17559461
vt 0.55434948 0.17645220
vt 0.55493497 0.17676610
vt 0.55552052 0.17645263
vt 0.55594892 0.17559500
vt 0.55610604 0.17442381
vt 0.55594919 0.17325271
vt 0.55552076 0.17239581
vt 0.55493518 0.17208200
vt 0.55354650 0.17281957
vt 0.55413360 0.17164645
vt 0.55333141 0.17442308
vt 0.55354626 0.17602691
vt 0.55413330 0.17720083
vt 0.55493497 0.17763085
vt 0.55573665 0.17720161
vt 0.55632344 0.17602734
vt 0.55653846 0.17442381
vt 0.55632368 0.17282030
vt 0.55573691 0.17164683
vt 0.55493533 0.17121686
vt 0.55392084 0.17325229
vt 0.55434960 0.17239544
vt 0.55376375 0.17442342
vt 0.55392054 0.17559461
vt 0.55434948 0.17645220
vt 0.55493497 0.17676610
vt 0.55552052 0.17645263
vt 0.55594892 0.17559500
vt 0.55610604 0.17442381
vt 0.55594919 0.17325271
vt 0.55552076 0.17239581
vt 0.55493518 0.17208200
vt 0.55354650 0.17281957
vt 0.55413360 0.17164645
vt 0.55333141 0.17442308
vt 0.55354626 0.17602691
vt 0.55413330 0.17720083
vt 0.55493497 0.17763085
vt 0.55573665 0.17720161
vt 0.55632344 0.17602734
vt 0.55653846 0.17442381
vt 0.55632368 0.17282030
vt 0.55573691 0.17164683
vt 0.55493533 0.17121686
vt 0.55392084 0.17325229
vt 0.55434960 0.17239544
vt 0.55376375 0.17442342
vt 0.55392054 0.17559461
vt 0.55434948 0.17645220
vt 0.55493497 0.17676610
vt 0.55552052 0.17645263
vt 0.55594892 0.17559500
vt 0.55610604 0.17442381
vt 0.55594919 0.17325271
vt 0.55552076 0.17239581
vt 0.55493518 0.17208200
vt 0.55354650 0.17281957
vt 0.55413360 0.17164645
vt 0.55333141 0.17442308
vt 0.55354626 0.17602691
vt 0.55413330 0.17720083
vt 0.55493497 0.17763085
vt 0.55573665 0.17720161
vt 0.55632344 0.17602734
vt 0.55653846 0.17442381
vt 0.55632368 0.17282030
vt 0.55573691 0.17164683
vt 0.55493533 0.17121686
vt 0.55392084 0.17325229
vt 0.55434960 0.17239544
vt 0.55376375 0.17442342
vt 0.55392054 0.17559461
vt 0.55434948 0.17645220
vt 0.55493497 0.17676610
vt 0.55552052 0.17645263
vt 0.55594892 0.17559500
vt 0.55610604 0.17442381
vt 0.55594919 0.17325271
vt 0.55552076 0.17239581
vt 0.55493518 0.17208200
vt 0.55354650 0.17281957
vt 0.55413360 0.17164645
vt 0.55333141 0.17442308
vt 0.55354626 0.17602691
vt 0.55413330 0.17720083
vt 0.55493497 0.17763085
vt 0.55573665 0.17720161
vt 0.55632344 0.17602734
vt 0.55653846 0.17442381
vt 0.55632368 0.17282030
vt 0.55573691 0.17164683
vt 0.55493533 0.17121686
vt 0.55392084 0.17325229
vt 0.55434960 0.17239544
vt 0.55376375 0.17442342
vt 0.55392054 0.17559461
vt 0.55434948 0.17645220
vt 0.55493497 0.17676610
vt 0.55552052 0.17645263
vt 0.55594892 0.17559500
vt 0.55610604 0.17442381
vt 0.55594919 0.17325271
vt 0.55552076 0.17239581
vt 0.55493518 0.17208200
vt 0.55354650 0.17281957
vt 0.55413360 0.17164645
vt 0.55333141 0.17442308
vt 0.55354626 0.17602691
vt 0.55413330 0.17720083
vt 0.55493497 0.17763085
vt 0.55573665 0.17720161
vt 0.55632344 0.17602734
vt 0.55653846 0.17442381
vt 0.55632368 0.17282030
vt 0.55573691 0.17164683
vt 0.55493533 0.17121686
vt 0.43713546 0.16950117
vt 0.44102519 0.17272022
vt 0.43681551 0.17272290
vt 0.43713658 0.17594464
vt 0.43804961 0.17867546
vt 0.43941553 0.18049962
vt 0.44102648 0.18113956
vt 0.44263729 0.18049743
vt 0.44400263 0.17867153
vt 0.44491463 0.17593977
vt 0.44523457 0.17271776
vt 0.44491358 0.16949602
vt 0.44400070 0.16676498
vt 0.44263464 0.16494080
vt 0.44102359 0.16430113
vt 0.43941287 0.16494329
vt 0.43804744 0.16676918
vt 0.43713546 0.16950117
vt 0.43681551 0.17272290
vt 0.44102519 0.17272022
vt 0.43713658 0.17594464
vt 0.43804961 0.17867546
vt 0.43941553 0.18049962
vt 0.44102648 0.18113956
vt 0.44263729 0.18049743
vt 0.44400263 0.17867153
vt 0.44491463 0.17593977
vt 0.44523457 0.17271776
vt 0.44491358 0.16949602
vt 0.44400070 0.16676498
vt 0.44263464 0.16494080
vt 0.44102359 0.16430113
vt 0.43941287 0.16494329
vt 0.43804744 0.16676918
vt 0.45280546 0.07306580
vt 0.45280546 0.08250475
vt 0.45795755 0.07306580
vt 0.38437064 0.01755289
vt 0.38341608 0.02224143
vt 0.39025698 0.03746025
vt 0.38323386 0.02513309
vt 0.40575196 0.06027776
vt 0.39922898 0.05005527
vt 0.39569437 0.05036246
vt 0.38956817 0.05362079
vt 0.38540256 0.05186349
vt 0.37977117 0.06027636
vt 0.38273192 0.04732690
vt 0.38695926 0.01448169
vt 0.37977215 0.04732690
vt 0.37763289 0.00343311
vt 0.38052058 0.01206849
vt 0.38396905 0.00843773
vt 0.40177157 0.05070607
vt 0.40575196 0.05360104
vt 0.48812748 0.07321252
vt 0.48440191 0.07880370
vt 0.48812727 0.07880380
vt 0.48363371 0.03447733
vt 0.48237559 0.03447733
vt 0.48363371 0.03044398
vt 0.48067066 0.03223633
vt 0.47801097 0.03136826
vt 0.47409990 0.03297783
vt 0.47184309 0.03312955
vt 0.46767844 0.03044085
vt 0.46767844 0.03137803
vt 0.47021984 0.03280800
vt 0.38840771 0.00631944
vt 0.43697464 0.07281312
vt 0.43697464 0.08250475
vt 0.44140217 0.07281312
vt 0.44710628 0.07528394
vt 0.38341619 0.02806695
vt 0.38437090 0.03275423
vt 0.37907629 0.02971546
vt 0.37867136 0.02412094
vt 0.37763315 0.04356312
vt 0.41557565 0.07178191
vt 0.41204105 0.07208906
vt 0.40551805 0.06186658
vt 0.42170187 0.06852355
vt 0.43149886 0.06186736
vt 0.42586747 0.07028084
vt 0.42853810 0.07481748
vt 0.38695947 0.03582439
vt 0.43149793 0.07481748
vt 0.38396934 0.03984438
vt 0.38052083 0.03621391
vt 0.40551805 0.06854316
vt 0.40949845 0.07143826
vt 0.47437022 0.07880294
vt 0.47064670 0.07321176
vt 0.47064664 0.07880280
vt 0.45273731 0.02589511
vt 0.45147919 0.02589511
vt 0.45147919 0.02992846
vt 0.45710193 0.02900418
vt 0.45444223 0.02813611
vt 0.46101304 0.02739464
vt 0.46743446 0.02993149
vt 0.46326984 0.02724288
vt 0.46743446 0.02899441
vt 0.46489309 0.02756437
vt 0.38840808 0.04196163
vt 0.40514505 0.04485419
vt 0.39025672 0.01284519
vt 0.40590552 0.01250253
vt 0.45285342 0.09379508
vt 0.45798433 0.09379508
vt 0.45798433 0.08392323
vt 0.42744040 0.01755247
vt 0.42839506 0.02224301
vt 0.42857727 0.02513478
vt 0.41580956 0.05036246
vt 0.41227496 0.05005527
vt 0.42193576 0.05362079
vt 0.43173277 0.06027634
vt 0.42610138 0.05186347
vt 0.42877201 0.04732688
vt 0.43173178 0.04732688
vt 0.43265644 0.00343095
vt 0.42632023 0.00843548
vt 0.42976872 0.01206595
vt 0.40973235 0.05070607
vt 0.48320608 0.08045528
vt 0.48693166 0.08604645
vt 0.48693145 0.08045538
vt 0.45298128 0.03447733
vt 0.45172316 0.03447733
vt 0.45172316 0.03044398
vt 0.45734590 0.03136826
vt 0.45468621 0.03223633
vt 0.46125697 0.03297783
vt 0.46351378 0.03312955
vt 0.46513703 0.03280800
vt 0.42188156 0.00631829
vt 0.40514463 0.00343154
vt 0.44717126 0.08392323
vt 0.43702534 0.09316183
vt 0.44145204 0.09316183
vt 0.44717126 0.09112448
vt 0.42839485 0.02806757
vt 0.42744014 0.03275434
vt 0.43121364 0.02971281
vt 0.43233773 0.04492197
vt 0.43161830 0.02411824
vt 0.39546046 0.07178191
vt 0.39899508 0.07208906
vt 0.38933425 0.06852355
vt 0.38516864 0.07028084
vt 0.37953727 0.06186736
vt 0.38249802 0.07481748
vt 0.42155416 0.03746004
vt 0.42485161 0.03582428
vt 0.37953819 0.07481748
vt 0.42632076 0.03984213
vt 0.42976923 0.03621137
vt 0.40153767 0.07143826
vt 0.46945089 0.08604572
vt 0.47317440 0.08045455
vt 0.46945083 0.08045443
vt 0.48338974 0.02589511
vt 0.48213162 0.02589511
vt 0.48338974 0.02992846
vt 0.48042670 0.02813611
vt 0.47776700 0.02900418
vt 0.47385589 0.02739464
vt 0.47159909 0.02724288
vt 0.46997584 0.02756437
vt 0.42188205 0.04196045
vt 0.43625814 0.17272339
vt 0.43662055 0.16907508
vt 0.43713546 0.16950117
vt 0.43681551 0.17272290
vt 0.43662167 0.17637181
vt 0.43713658 0.17594464
vt 0.43804961 0.17867546
vt 0.43765558 0.17946400
vt 0.43941553 0.18049962
vt 0.43920233 0.18152955
vt 0.44102648 0.18113956
vt 0.44102665 0.18225396
vt 0.44285063 0.18152711
vt 0.44263729 0.18049743
vt 0.44400263 0.17867153
vt 0.44439691 0.17945961
vt 0.44491463 0.17593977
vt 0.44542969 0.17636617
vt 0.44579186 0.17271727
vt 0.44523457 0.17271776
vt 0.44491358 0.16949602
vt 0.44542841 0.16906914
vt 0.44400070 0.16676498
vt 0.44439464 0.16597666
vt 0.44263464 0.16494080
vt 0.44284783 0.16391090
vt 0.44102359 0.16430113
vt 0.44102335 0.16318642
vt 0.43919922 0.16391361
vt 0.43941287 0.16494329
vt 0.43804744 0.16676918
vt 0.43765309 0.16598133
vt 0.43625814 0.17272339
vt 0.43681551 0.17272290
vt 0.43713546 0.16950117
vt 0.43662055 0.16907508
vt 0.43662167 0.17637181
vt 0.43713658 0.17594464
vt 0.43804961 0.17867546
vt 0.43765558 0.17946400
vt 0.43920233 0.18152955
vt 0.43941553 0.18049962
vt 0.44102665 0.18225396
vt 0.44102648 0.18113956
vt 0.44285063 0.18152711
vt 0.44263729 0.18049743
vt 0.44400263 0.17867153
vt 0.44439691 0.17945961
vt 0.44542969 0.17636617
vt 0.44491463 0.17593977
vt 0.44579186 0.17271727
vt 0.44523457 0.17271776
vt 0.44491358 0.16949602
vt 0.44542841 0.16906914
vt 0.44439464 0.16597666
vt 0.44400070 0.16676498
vt 0.44263464 0.16494080
vt 0.44284783 0.16391090
vt 0.44102335 0.16318642
vt 0.44102359 0.16430113
vt 0.43919922 0.16391361
vt 0.43941287 0.16494329
vt 0.43804744 0.16676918
vt 0.43765309 0.16598133
vt 0.45036802 0.00387365
vt 0.44486955 0.00718953
vt 0.44964793 0.01944650
vt 0.45285939 0.01794365
vt 0.44062755 0.01286112
vt 0.43840058 0.02134738
vt 0.44610886 0.02681223
vt 0.44714969 0.02239871
vt 0.48371036 0.01845554
vt 0.48691139 0.00535784
vt 0.46949935 0.06195436
vt 0.46946152 0.06440132
vt 0.47283680 0.06456061
vt 0.47285620 0.06211277
vt 0.47875530 0.06483989
vt 0.47878008 0.06239231
vt 0.48272579 0.06502726
vt 0.48547071 0.06515678
vt 0.48557744 0.06271307
vt 0.48272912 0.06257866
vt 0.49940780 0.06369760
vt 0.49940780 0.05468501
vt 0.49846826 0.05713308
vt 0.49840427 0.06427475
vt 0.49940780 0.07374567
vt 0.49838569 0.07373555
vt 0.48731980 0.06524403
vt 0.48828795 0.06284098
vt 0.46320492 0.06165733
vt 0.46317098 0.06410448
vt 0.46703739 0.06428693
vt 0.46709016 0.06184067
vt 0.47939605 0.07321050
vt 0.47939663 0.07661810
vt 0.43770363 0.02924635
vt 0.44589924 0.02958082
vt 0.44943875 0.04005339
vt 0.44441525 0.05191181
vt 0.44984200 0.05567172
vt 0.45261715 0.04181589
vt 0.44029191 0.04589938
vt 0.44700266 0.03690090
vt 0.44605266 0.03240656
vt 0.43823960 0.03723830
vt 0.47325461 0.06715844
vt 0.46987956 0.06699918
vt 0.46986091 0.06853374
vt 0.47321843 0.06869218
vt 0.47914323 0.06897176
vt 0.47917239 0.06743770
vt 0.48593262 0.06929215
vt 0.48588939 0.06775466
vt 0.48314251 0.06762504
vt 0.48309067 0.06915804
vt 0.49940780 0.08383201
vt 0.49836578 0.08323657
vt 0.49840177 0.08997529
vt 0.49940780 0.09151034
vt 0.48872631 0.06942399
vt 0.48773867 0.06784193
vt 0.46356650 0.06823672
vt 0.46745145 0.06842003
vt 0.46745553 0.06688479
vt 0.46358893 0.06670233
vt 0.48731478 0.02097628
vt 0.49233794 0.00911708
vt 0.49070147 0.02862314
vt 0.49851424 0.02378831
vt 0.49646124 0.01512838
vt 0.48975103 0.02412877
vt 0.45350508 0.06364835
vt 0.45688036 0.06380763
vt 0.45691033 0.06136030
vt 0.45355349 0.06120189
vt 0.44762964 0.06092235
vt 0.44758657 0.06336907
vt 0.44083251 0.06060160
vt 0.44087130 0.06305217
vt 0.44361627 0.06318172
vt 0.44368079 0.06073601
vt 0.49489556 0.06379972
vt 0.49592984 0.06439280
vt 0.49589432 0.05764700
vt 0.49489556 0.05519892
vt 0.49489556 0.07384785
vt 0.49590958 0.07385354
vt 0.42485171 0.01448074
vt 0.43805251 0.06047040
vt 0.43902212 0.06296492
vt 0.45930453 0.06392203
vt 0.45931956 0.06147399
vt 0.47820081 0.08264018
vt 0.47820023 0.08604779
vt 0.49905039 0.03173755
vt 0.49085475 0.03140652
vt 0.48710561 0.04158305
vt 0.48389409 0.04308599
vt 0.48638568 0.05715590
vt 0.49188431 0.05383954
vt 0.49064412 0.03421759
vt 0.48960371 0.03863093
vt 0.49612624 0.04816696
vt 0.49835258 0.03967971
vt 0.45727275 0.06793972
vt 0.45729840 0.06640549
vt 0.45392335 0.06624622
vt 0.45391549 0.06778129
vt 0.44800552 0.06596696
vt 0.44799148 0.06750174
vt 0.44403531 0.06577961
vt 0.44128843 0.06564999
vt 0.44120225 0.06718136
vt 0.44404421 0.06731548
vt 0.49489556 0.08393410
vt 0.49489556 0.09202426
vt 0.49582601 0.09048921
vt 0.49589050 0.08335453
vt 0.43943916 0.06556273
vt 0.43849087 0.06705341
vt 0.45972239 0.06651988
vt 0.45968189 0.06805341
vt 0.37907612 0.01856707
vt 0.43121329 0.01856442
vt 0.50186179 0.25163335
vt 0.50186179 0.25163173
vt 0.50186179 0.25163505
vt 0.50186179 0.25163029
vt 0.50186179 0.25162908
vt 0.50186179 0.25162817
vt 0.50186179 0.25162760
vt 0.50186179 0.25162741
vt 0.50186179 0.25162760
vt 0.50186179 0.25162817
vt 0.50186179 0.25162908
vt 0.50186179 0.25163029
vt 0.50186179 0.25163173
vt 0.50186179 0.25163335
vt 0.50186179 0.25163505
vt 0.50186179 0.25163675
vt 0.50186179 0.25163836
vt 0.50186179 0.25163981
vt 0.50186179 0.25164102
vt 0.50186179 0.25164193
vt 0.50186179 0.25164250
vt 0.50186179 0.25164269
vt 0.50186179 0.25164250
vt 0.50186179 0.25164193
vt 0.50186179 0.25164102
vt 0.50186179 0.25163981
vt 0.50186179 0.25163836
vt 0.50186179 0.25163675
vt 0.50186179 0.25163505
vt 0.50186179 0.25167848
vt 0.50186179 0.25167852
vt 0.50186179 0.25167719
vt 0.50186179 0.25167978
vt 0.50186179 0.25168101
vt 0.50186179 0.25168212
vt 0.50186179 0.25168305
vt 0.50186179 0.25168375
vt 0.50186179 0.25168418
vt 0.50186179 0.25168434
vt 0.50186179 0.25168420
vt 0.50186179 0.25168377
vt 0.50186179 0.25168309
vt 0.50186179 0.25168217
vt 0.50186179 0.25168107
vt 0.50186179 0.25167984
vt 0.50186179 0.25167855
vt 0.50186179 0.25167726
vt 0.50186179 0.25167602
vt 0.50186179 0.25167492
vt 0.50186179 0.25167399
vt 0.50186179 0.25167329
vt 0.50186179 0.25167285
vt 0.50186179 0.25167270
vt 0.50186179 0.25167284
vt 0.50186179 0.25167326
vt 0.50186179 0.25167395
vt 0.50186179 0.25167486
vt 0.50186179 0.25167596
vt 0.50186179 0.25163867
vt 0.50186179 0.25163895
vt 0.50186179 0.25163505
vt 0.50186179 0.25163505
vt 0.50186179 0.25163917
vt 0.50186179 0.25163505
vt 0.50186179 0.25164210
vt 0.50186179 0.25164266
vt 0.50186179 0.25164308
vt 0.50186179 0.25164518
vt 0.50186179 0.25164598
vt 0.50186179 0.25164659
vt 0.50186179 0.25164775
vt 0.50186179 0.25164876
vt 0.50186179 0.25164952
vt 0.50186179 0.25164969
vt 0.50186179 0.25165084
vt 0.50186179 0.25165172
vt 0.50186179 0.25165089
vt 0.50186179 0.25165214
vt 0.50186179 0.25165309
vt 0.50186179 0.25165130
vt 0.50186179 0.25165258
vt 0.50186179 0.25165355
vt 0.50186179 0.25165089
vt 0.50186179 0.25165214
vt 0.50186179 0.25165309
vt 0.50186179 0.25164969
vt 0.50186179 0.25165084
vt 0.50186179 0.25165172
vt 0.50186179 0.25164775
vt 0.50186179 0.25164876
vt 0.50186179 0.25164952
vt 0.50186179 0.25164518
vt 0.50186179 0.25164598
vt 0.50186179 0.25164659
vt 0.50186179 0.25164210
vt 0.50186179 0.25164266
vt 0.50186179 0.25164308
vt 0.50186179 0.25163867
vt 0.50186179 0.25163895
vt 0.50186179 0.25163917
vt 0.50186179 0.25163505
vt 0.50186179 0.25163505
vt 0.50186179 0.25163505
vt 0.50186179 0.25163143
vt 0.50186179 0.25163115
vt 0.50186179 0.25163093
vt 0.50186179 0.25162800
vt 0.50186179 0.25162744
vt 0.50186179 0.25162702
vt 0.50186179 0.25162492
vt 0.50186179 0.25162412
vt 0.50186179 0.25162351
vt 0.50186179 0.25162235
vt 0.50186179 0.25162134
vt 0.50186179 0.25162058
vt 0.50186179 0.25162041
vt 0.50186179 0.25161926
vt 0.50186179 0.25161838
vt 0.50186179 0.25161921
vt 0.50186179 0.25161796
vt 0.50186179 0.25161701
vt 0.50186179 0.25161880
vt 0.50186179 0.25161752
vt 0.50186179 0.25161654
vt 0.50186179 0.25161921
vt 0.50186179 0.25161796
vt 0.50186179 0.25161701
vt 0.50186179 0.25162041
vt 0.50186179 0.25161926
vt 0.50186179 0.25161838
vt 0.50186179 0.25162235
vt 0.50186179 0.25162134
vt 0.50186179 0.25162058
vt 0.50186179 0.25162492
vt 0.50186179 0.25162412
vt 0.50186179 0.25162351
vt 0.50186179 0.25162800
vt 0.50186179 0.25162744
vt 0.50186179 0.25162702
vt 0.50186179 0.25163143
vt 0.50186179 0.25163115
vt 0.50186179 0.25163093
vt 0.50186179 0.25163505
vt 0.50186179 0.25163832
vt 0.50186179 0.25163790
vt 0.50186179 0.25163505
vt 0.50186179 0.25163178
vt 0.50186179 0.25163220
vt 0.50186179 0.25162867
vt 0.50186179 0.25162950
vt 0.50186179 0.25162588
vt 0.50186179 0.25162707
vt 0.50186179 0.25162355
vt 0.50186179 0.25162504
vt 0.50186179 0.25162180
vt 0.50186179 0.25162352
vt 0.50186179 0.25162072
vt 0.50186179 0.25162257
vt 0.50186179 0.25162035
vt 0.50186179 0.25162225
vt 0.50186179 0.25162072
vt 0.50186179 0.25162257
vt 0.50186179 0.25162180
vt 0.50186179 0.25162352
vt 0.50186179 0.25162355
vt 0.50186179 0.25162504
vt 0.50186179 0.25162588
vt 0.50186179 0.25162707
vt 0.50186179 0.25162867
vt 0.50186179 0.25162950
vt 0.50186179 0.25163178
vt 0.50186179 0.25163220
vt 0.50186179 0.25163505
vt 0.50186179 0.25163505
vt 0.50186179 0.25163832
vt 0.50186179 0.25163790
vt 0.50186179 0.25164143
vt 0.50186179 0.25164060
vt 0.50186179 0.25164422
vt 0.50186179 0.25164303
vt 0.50186179 0.25164654
vt 0.50186179 0.25164506
vt 0.50186179 0.25164830
vt 0.50186179 0.25164658
vt 0.50186179 0.25164938
vt 0.50186179 0.25164753
vt 0.50186179 0.25164975
vt 0.50186179 0.25164785
vt 0.50186179 0.25164938
vt 0.50186179 0.25164753
vt 0.50186179 0.25164830
vt 0.50186179 0.25164658
vt 0.50186179 0.25164654
vt 0.50186179 0.25164506
vt 0.50186179 0.25164422
vt 0.50186179 0.25164303
vt 0.50186179 0.25164143
vt 0.50186179 0.25164060
vt 0.50186179 0.25167844
vt 0.50186179 0.25167845
vt 0.50186179 0.25167446
vt 0.50186179 0.25167438
vt 0.50186179 0.25167845
vt 0.50186179 0.25167470
vt 0.50186179 0.25168251
vt 0.50186179 0.25168243
vt 0.50186179 0.25168221
vt 0.50186179 0.25168638
vt 0.50186179 0.25168622
vt 0.50186179 0.25168578
vt 0.50186179 0.25168985
vt 0.50186179 0.25168963
vt 0.50186179 0.25168899
vt 0.50186179 0.25169276
vt 0.50186179 0.25169247
vt 0.50186179 0.25169167
vt 0.50186179 0.25169495
vt 0.50186179 0.25169462
vt 0.50186179 0.25169370
vt 0.50186179 0.25169631
vt 0.50186179 0.25169596
vt 0.50186179 0.25169496
vt 0.50186179 0.25169678
vt 0.50186179 0.25169642
vt 0.50186179 0.25169540
vt 0.50186179 0.25169634
vt 0.50186179 0.25169599
vt 0.50186179 0.25169499
vt 0.50186179 0.25169501
vt 0.50186179 0.25169468
vt 0.50186179 0.25169375
vt 0.50186179 0.25169285
vt 0.50186179 0.25169256
vt 0.50186179 0.25169176
vt 0.50186179 0.25168997
vt 0.50186179 0.25168974
vt 0.50186179 0.25168910
vt 0.50186179 0.25168651
vt 0.50186179 0.25168635
vt 0.50186179 0.25168590
vt 0.50186179 0.25168266
vt 0.50186179 0.25168257
vt 0.50186179 0.25168234
vt 0.50186179 0.25167859
vt 0.50186179 0.25167859
vt 0.50186179 0.25167859
vt 0.50186179 0.25167452
vt 0.50186179 0.25167460
vt 0.50186179 0.25167483
vt 0.50186179 0.25167066
vt 0.50186179 0.25167081
vt 0.50186179 0.25167126
vt 0.50186179 0.25166718
vt 0.50186179 0.25166741
vt 0.50186179 0.25166805
vt 0.50186179 0.25166428
vt 0.50186179 0.25166456
vt 0.50186179 0.25166536
vt 0.50186179 0.25166209
vt 0.50186179 0.25166241
vt 0.50186179 0.25166334
vt 0.50186179 0.25166072
vt 0.50186179 0.25166107
vt 0.50186179 0.25166208
vt 0.50186179 0.25166025
vt 0.50186179 0.25166061
vt 0.50186179 0.25166164
vt 0.50186179 0.25166069
vt 0.50186179 0.25166104
vt 0.50186179 0.25166205
vt 0.50186179 0.25166203
vt 0.50186179 0.25166235
vt 0.50186179 0.25166328
vt 0.50186179 0.25166419
vt 0.50186179 0.25166447
vt 0.50186179 0.25166528
vt 0.50186179 0.25166707
vt 0.50186179 0.25166730
vt 0.50186179 0.25166794
vt 0.50186179 0.25167052
vt 0.50186179 0.25167068
vt 0.50186179 0.25167113
vt 0.50186179 0.25167844
vt 0.50186179 0.25167844
vt 0.50186179 0.25167415
vt 0.50186179 0.25167407
vt 0.50186179 0.25163931
vt 0.50186179 0.25163505
vt 0.50186179 0.25168273
vt 0.50186179 0.25168282
vt 0.50186179 0.25164335
vt 0.50186179 0.25168698
vt 0.50186179 0.25168681
vt 0.50186179 0.25164697
vt 0.50186179 0.25169048
vt 0.50186179 0.25169072
vt 0.50186179 0.25165000
vt 0.50186179 0.25169354
vt 0.50186179 0.25169384
vt 0.50186179 0.25165228
vt 0.50186179 0.25169620
vt 0.50186179 0.25169585
vt 0.50186179 0.25165370
vt 0.50186179 0.25169729
vt 0.50186179 0.25169767
vt 0.50186179 0.25165417
vt 0.50186179 0.25169818
vt 0.50186179 0.25169779
vt 0.50186179 0.25165370
vt 0.50186179 0.25169770
vt 0.50186179 0.25169733
vt 0.50186179 0.25165228
vt 0.50186179 0.25169627
vt 0.50186179 0.25169592
vt 0.50186179 0.25165000
vt 0.50186179 0.25169394
vt 0.50186179 0.25169364
vt 0.50186179 0.25164697
vt 0.50186179 0.25169060
vt 0.50186179 0.25169084
vt 0.50186179 0.25164335
vt 0.50186179 0.25168712
vt 0.50186179 0.25168695
vt 0.50186179 0.25163931
vt 0.50186179 0.25168297
vt 0.50186179 0.25168288
vt 0.50186179 0.25163505
vt 0.50186179 0.25167860
vt 0.50186179 0.25167860
vt 0.50186179 0.25163079
vt 0.50186179 0.25167430
vt 0.50186179 0.25167422
vt 0.50186179 0.25162675
vt 0.50186179 0.25167006
vt 0.50186179 0.25167022
vt 0.50186179 0.25162312
vt 0.50186179 0.25166632
vt 0.50186179 0.25166656
vt 0.50186179 0.25162010
vt 0.50186179 0.25166349
vt 0.50186179 0.25166319
vt 0.50186179 0.25161782
vt 0.50186179 0.25166083
vt 0.50186179 0.25166118
vt 0.50186179 0.25161640
vt 0.50186179 0.25165974
vt 0.50186179 0.25165936
vt 0.50186179 0.25161592
vt 0.50186179 0.25165885
vt 0.50186179 0.25165924
vt 0.50186179 0.25161640
vt 0.50186179 0.25165933
vt 0.50186179 0.25165970
vt 0.50186179 0.25161782
vt 0.50186179 0.25166077
vt 0.50186179 0.25166112
vt 0.50186179 0.25162010
vt 0.50186179 0.25166309
vt 0.50186179 0.25166340
vt 0.50186179 0.25162312
vt 0.50186179 0.25166644
vt 0.50186179 0.25166620
vt 0.50186179 0.25162675
vt 0.50186179 0.25166992
vt 0.50186179 0.25167008
vt 0.50186179 0.25163079
vt 0.50186179 0.25167844
vt 0.50186179 0.25167433
vt 0.50186179 0.25167429
vt 0.50186179 0.25167844
vt 0.50186179 0.25167043
vt 0.50186179 0.25167035
vt 0.50186179 0.25166693
vt 0.50186179 0.25166682
vt 0.50186179 0.25166401
vt 0.50186179 0.25166388
vt 0.50186179 0.25166182
vt 0.50186179 0.25166167
vt 0.50186179 0.25166047
vt 0.50186179 0.25166030
vt 0.50186179 0.25166002
vt 0.50186179 0.25165985
vt 0.50186179 0.25166050
vt 0.50186179 0.25166033
vt 0.50186179 0.25166189
vt 0.50186179 0.25166173
vt 0.50186179 0.25166411
vt 0.50186179 0.25166397
vt 0.50186179 0.25166705
vt 0.50186179 0.25166694
vt 0.50186179 0.25167056
vt 0.50186179 0.25167049
vt 0.50186179 0.25167448
vt 0.50186179 0.25167444
vt 0.50186179 0.25167859
vt 0.50186179 0.25167859
vt 0.50186179 0.25168271
vt 0.50186179 0.25168275
vt 0.50186179 0.25168661
vt 0.50186179 0.25168669
vt 0.50186179 0.25169011
vt 0.50186179 0.25169022
vt 0.50186179 0.25169302
vt 0.50186179 0.25169316
vt 0.50186179 0.25169521
vt 0.50186179 0.25169537
vt 0.50186179 0.25169656
vt 0.50186179 0.25169673
vt 0.50186179 0.25169701
vt 0.50186179 0.25169718
vt 0.50186179 0.25169653
vt 0.50186179 0.25169670
vt 0.50186179 0.25169515
vt 0.50186179 0.25169530
vt 0.50186179 0.25169293
vt 0.50186179 0.25169307
vt 0.50186179 0.25168999
vt 0.50186179 0.25169010
vt 0.50186179 0.25168648
vt 0.50186179 0.25168655
vt 0.50186179 0.25168256
vt 0.50186179 0.25168260
vt 0.50186179 0.25167844
vt 0.50186179 0.25167420
vt 0.50186179 0.25167844
vt 0.50186179 0.25167423
vt 0.50186179 0.25167018
vt 0.50186179 0.25167023
vt 0.50186179 0.25166658
vt 0.50186179 0.25166665
vt 0.50186179 0.25166357
vt 0.50186179 0.25166367
vt 0.50186179 0.25166132
vt 0.50186179 0.25166143
vt 0.50186179 0.25165992
vt 0.50186179 0.25166004
vt 0.50186179 0.25165946
vt 0.50186179 0.25165958
vt 0.50186179 0.25165996
vt 0.50186179 0.25166007
vt 0.50186179 0.25166138
vt 0.50186179 0.25166149
vt 0.50186179 0.25166367
vt 0.50186179 0.25166376
vt 0.50186179 0.25166670
vt 0.50186179 0.25166677
vt 0.50186179 0.25167032
vt 0.50186179 0.25167037
vt 0.50186179 0.25167435
vt 0.50186179 0.25167438
vt 0.50186179 0.25167860
vt 0.50186179 0.25167859
vt 0.50186179 0.25168283
vt 0.50186179 0.25168281
vt 0.50186179 0.25168686
vt 0.50186179 0.25168680
vt 0.50186179 0.25169046
vt 0.50186179 0.25169038
vt 0.50186179 0.25169346
vt 0.50186179 0.25169337
vt 0.50186179 0.25169572
vt 0.50186179 0.25169561
vt 0.50186179 0.25169711
vt 0.50186179 0.25169699
vt 0.50186179 0.25169757
vt 0.50186179 0.25169745
vt 0.50186179 0.25169708
vt 0.50186179 0.25169696
vt 0.50186179 0.25169565
vt 0.50186179 0.25169554
vt 0.50186179 0.25169337
vt 0.50186179 0.25169327
vt 0.50186179 0.25169034
vt 0.50186179 0.25169026
vt 0.50186179 0.25168672
vt 0.50186179 0.25168666
vt 0.50186179 0.25168268
vt 0.50186179 0.25168266
vt 0.50186179 0.25167844
vt 0.50186179 0.25167426
vt 0.50186179 0.25167029
vt 0.50186179 0.25166673
vt 0.50186179 0.25166376
vt 0.50186179 0.25166153
vt 0.50186179 0.25166016
vt 0.50186179 0.25165970
vt 0.50186179 0.25166019
vt 0.50186179 0.25166160
vt 0.50186179 0.25166386
vt 0.50186179 0.25166685
vt 0.50186179 0.25167042
vt 0.50186179 0.25167441
vt 0.50186179 0.25167859
vt 0.50186179 0.25168278
vt 0.50186179 0.25168675
vt 0.50186179 0.25169031
vt 0.50186179 0.25169328
vt 0.50186179 0.25169550
vt 0.50186179 0.25169688
vt 0.50186179 0.25169733
vt 0.50186179 0.25169684
vt 0.50186179 0.25169544
vt 0.50186179 0.25169318
vt 0.50186179 0.25169019
vt 0.50186179 0.25168661
vt 0.50186179 0.25168263
vt 0.55493518 0.17442342
vt 0.55438893 0.17379381
vt 0.55461976 0.17333189
vt 0.55430467 0.17442342
vt 0.55438920 0.17505427
vt 0.55461976 0.17551543
vt 0.55493476 0.17568435
vt 0.55524994 0.17551582
vt 0.55548084 0.17505471
vt 0.55556542 0.17442381
vt 0.55548098 0.17379381
vt 0.55525018 0.17333189
vt 0.55493497 0.17316333
vt 0.55493518 0.17442342
vt 0.55461976 0.17333189
vt 0.55438893 0.17379381
vt 0.55430467 0.17442342
vt 0.55438920 0.17505427
vt 0.55461976 0.17551543
vt 0.55493476 0.17568435
vt 0.55524994 0.17551582
vt 0.55548084 0.17505471
vt 0.55556542 0.17442381
vt 0.55548098 0.17379381
vt 0.55525018 0.17333189
vt 0.55493497 0.17316333
vt 0.55392084 0.17325229
vt 0.55434960 0.17239544
vt 0.55376375 0.17442342
vt 0.55392054 0.17559461
vt 0.55434948 0.17645220
vt 0.55493497 0.17676610
vt 0.55552052 0.17645263
vt 0.55594892 0.17559500
vt 0.55610604 0.17442381
vt 0.55594919 0.17325271
vt 0.55552076 0.17239581
vt 0.55493518 0.17208200
vt 0.55354650 0.17281957
vt 0.55413360 0.17164645
vt 0.55333141 0.17442308
vt 0.55354626 0.17602691
vt 0.55413330 0.17720083
vt 0.55493497 0.17763085
vt 0.55573665 0.17720161
vt 0.55632344 0.17602734
vt 0.55653846 0.17442381
vt 0.55632368 0.17282030
vt 0.55573691 0.17164683
vt 0.55493533 0.17121686
vt 0.55392084 0.17325229
vt 0.55434960 0.17239544
vt 0.55376375 0.17442342
vt 0.55392054 0.17559461
vt 0.55434948 0.17645220
vt 0.55493497 0.17676610
vt 0.55552052 0.17645263
vt 0.55594892 0.17559500
vt 0.55610604 0.17442381
vt 0.55594919 0.17325271
vt 0.55552076 0.17239581
vt 0.55493518 0.17208200
vt 0.55354650 0.17281957
vt 0.55413360 0.17164645
vt 0.55333141 0.17442308
vt 0.55354626 0.17602691
vt 0.55413330 0.17720083
vt 0.55493497 0.17763085
vt 0.55573665 0.17720161
vt 0.55632344 0.17602734
vt 0.55653846 0.17442381
vt 0.55632368 0.17282030
vt 0.55573691 0.17164683
vt 0.55493533 0.17121686
vt 0.58441350 0.22386240
vt 0.56861847 0.22729849
vt 0.56909184 0.22657285
vt 0.62467761 0.23939960
vt 0.60873495 0.23607408
vt 0.62420240 0.23867599
vt 0.56862104 0.23007293
vt 0.56821515 0.22915004
vt 0.62467978 0.24217401
vt 0.62508470 0.24124909
vt 0.56821397 0.22822583
vt 0.62508395 0.24032555
vt 0.62408908 0.22729884
vt 0.60829444 0.22385830
vt 0.62361587 0.22657285
vt 0.56862649 0.23980080
vt 0.56909910 0.23907179
vt 0.58455693 0.23624559
vt 0.62408655 0.23007192
vt 0.62449233 0.22915004
vt 0.56863427 0.24257426
vt 0.56822604 0.24165469
vt 0.62449337 0.22822583
vt 0.56822335 0.24073051
vt 0.58281547 0.19962651
vt 0.56705679 0.20369091
vt 0.56752298 0.20294545
vt 0.56673154 0.21733970
vt 0.58266930 0.22079212
vt 0.56720547 0.21806541
vt 0.56708690 0.20646431
vt 0.56667215 0.20555871
vt 0.56673426 0.21456561
vt 0.56632812 0.21548711
vt 0.56666197 0.20463477
vt 0.56632690 0.21641072
vt 0.62261558 0.20249488
vt 0.60681718 0.19910876
vt 0.62214162 0.20176977
vt 0.62286996 0.21627434
vt 0.62240317 0.21701902
vt 0.60696741 0.22032194
vt 0.62261535 0.20527110
vt 0.62302016 0.20434786
vt 0.62284108 0.21349998
vt 0.62325598 0.21440768
vt 0.62302051 0.20342255
vt 0.62326594 0.21533218
vt 0.61519549 0.18954678
vt 0.61334747 0.18801593
vt 0.61519549 0.18648484
vt 0.61411306 0.18431988
vt 0.61258209 0.18431988
vt 0.61149951 0.18648484
vt 0.61149951 0.18954698
vt 0.61258209 0.19171173
vt 0.61411306 0.19171173
vt 0.61665903 0.18866439
vt 0.61865921 0.18866439
vt 0.61724488 0.19149299
vt 0.61865921 0.19266479
vt 0.62007349 0.19149350
vt 0.62065942 0.18866439
vt 0.62007365 0.18583575
vt 0.61865921 0.18466377
vt 0.61724496 0.18583550
vt 0.60187836 0.17402473
vt 0.60186763 0.17278362
vt 0.60231400 0.17364606
vt 0.60248802 0.17276223
vt 0.60229896 0.17189127
vt 0.60185698 0.17154269
vt 0.60142138 0.17192131
vt 0.60124711 0.17280492
vt 0.60143651 0.17367610
vt 0.60149526 0.17597867
vt 0.60194157 0.17684074
vt 0.60132115 0.17686255
vt 0.60151055 0.17773348
vt 0.60195249 0.17808181
vt 0.60238796 0.17770287
vt 0.60256199 0.17681904
vt 0.60237266 0.17594808
vt 0.60193071 0.17559979
vt 0.59768112 0.13560480
vt 0.59983529 0.14783761
vt 0.59952023 0.14998984
vt 0.59510730 0.13560897
vt 0.59327848 0.14999896
vt 0.59296217 0.14784779
vt 0.60424380 0.14419107
vt 0.60604807 0.12978469
vt 0.60636408 0.13193469
vt 0.59979544 0.12984613
vt 0.60166933 0.14421650
vt 0.59948966 0.13200192
vt 0.59768112 0.13560480
vt 0.59952023 0.14998984
vt 0.59983529 0.14783761
vt 0.59510730 0.13560897
vt 0.59296217 0.14784779
vt 0.59327848 0.14999896
vt 0.60424380 0.14419107
vt 0.60636408 0.13193469
vt 0.60604807 0.12978469
vt 0.59979544 0.12984613
vt 0.59948966 0.13200192
vt 0.60166933 0.14421650
vt 0.54702205 0.18190618
vt 0.54676647 0.18535832
vt 0.54634209 0.18197388
vt 0.54572648 0.18255653
vt 0.54526949 0.18356598
vt 0.54504036 0.18484798
vt 0.54507417 0.18620784
vt 0.54536559 0.18743849
vt 0.54587013 0.18835210
vt 0.54651114 0.18881041
vt 0.54719103 0.18874336
vt 0.54780626 0.18816067
vt 0.54826319 0.18715174
vt 0.54849231 0.18586980
vt 0.54845890 0.18451016
vt 0.54816774 0.18327905
vt 0.54766302 0.18236492
vt 0.54914819 0.17594957
vt 0.54891986 0.16863484
vt 0.55053065 0.17521801
vt 0.55166762 0.17348456
vt 0.55238637 0.17101254
vt 0.55257728 0.16817825
vt 0.55221162 0.16541382
vt 0.55134491 0.16313936
vt 0.55010864 0.16170221
vt 0.54869150 0.16132022
vt 0.54730936 0.16205128
vt 0.54617209 0.16378530
vt 0.54545350 0.16625740
vt 0.54526248 0.16909114
vt 0.54562809 0.17185560
vt 0.54649505 0.17412998
vt 0.54773125 0.17556770
vt 0.58442231 0.23329730
vt 0.56909585 0.23079246
vt 0.55577657 0.21132139
vt 0.55488566 0.21130586
vt 0.55488566 0.18068402
vt 0.55577657 0.18068402
vt 0.55488566 0.21703371
vt 0.55577657 0.21703371
vt 0.55577657 0.24715201
vt 0.55488566 0.24715201
vt 0.55488566 0.21586670
vt 0.55577657 0.21586670
vt 0.62420585 0.24289627
vt 0.60874303 0.24551304
vt 0.55488566 0.21251035
vt 0.55577657 0.21248740
vt 0.55488566 0.21465243
vt 0.55577657 0.21465243
vt 0.55488566 0.21372714
vt 0.55577657 0.21372714
vt 0.60828562 0.23329426
vt 0.62361176 0.23079083
vt 0.55785054 0.21617118
vt 0.55785054 0.24704913
vt 0.55697139 0.24704913
vt 0.55697139 0.21617118
vt 0.53603091 0.16427915
vt 0.53690221 0.16427915
vt 0.53690221 0.21231830
vt 0.53603091 0.21231830
vt 0.55697139 0.21040863
vt 0.55697140 0.17951834
vt 0.55785054 0.17951834
vt 0.55785054 0.21040863
vt 0.55785054 0.21159992
vt 0.55697139 0.21159992
vt 0.58458252 0.24568357
vt 0.56911071 0.24328906
vt 0.53887113 0.16395308
vt 0.53887112 0.21199246
vt 0.53799983 0.21199246
vt 0.53799983 0.16395308
vt 0.55697139 0.21498099
vt 0.55785054 0.21498099
vt 0.55785054 0.21281117
vt 0.55697139 0.21284548
vt 0.55785054 0.21375347
vt 0.55697139 0.21375347
vt 0.58291675 0.20905980
vt 0.56756851 0.20716393
vt 0.59146435 0.20895414
vt 0.59137911 0.19906873
vt 0.59259323 0.19903211
vt 0.59265740 0.20891811
vt 0.55997584 0.21110948
vt 0.55909514 0.21110948
vt 0.55909514 0.18020648
vt 0.55997586 0.18020648
vt 0.54046706 0.19552326
vt 0.54062438 0.19314435
vt 0.54149354 0.19314435
vt 0.54134138 0.19552326
vt 0.55997586 0.24774036
vt 0.55909516 0.24774036
vt 0.55909516 0.21687217
vt 0.55997586 0.21687217
vt 0.55909516 0.21568331
vt 0.55997586 0.21568331
vt 0.54410839 0.19563489
vt 0.54323823 0.19563489
vt 0.54289281 0.19327288
vt 0.54376259 0.19327288
vt 0.56720940 0.21384735
vt 0.58267775 0.21135380
vt 0.59130061 0.21112090
vt 0.59252999 0.21110780
vt 0.59256684 0.22099484
vt 0.59131463 0.22100757
vt 0.54134138 0.21271308
vt 0.54046706 0.21271308
vt 0.54410839 0.21282567
vt 0.54323336 0.21282567
vt 0.55997586 0.21230207
vt 0.55909516 0.21230207
vt 0.55909514 0.21445724
vt 0.55997586 0.21445724
vt 0.55909514 0.21353171
vt 0.55997586 0.21353171
vt 0.62214121 0.20599094
vt 0.60681718 0.20854423
vt 0.59703448 0.19893580
vt 0.59824918 0.19892017
vt 0.59827061 0.20880735
vt 0.59707731 0.20882292
vt 0.56224667 0.21181073
vt 0.56138972 0.21181062
vt 0.56138972 0.18090840
vt 0.56224667 0.18090840
vt 0.54149354 0.18422212
vt 0.54062438 0.18422212
vt 0.53995099 0.18188331
vt 0.54081603 0.18188331
vt 0.54376259 0.18437025
vt 0.54289282 0.18432598
vt 0.56138972 0.21756911
vt 0.56224667 0.21756899
vt 0.56224667 0.24839774
vt 0.56138972 0.24839774
vt 0.56138972 0.21638246
vt 0.56224667 0.21638246
vt 0.54401911 0.18197589
vt 0.54314615 0.18197589
vt 0.60686945 0.21088579
vt 0.62235904 0.21279903
vt 0.59832650 0.22087039
vt 0.59707478 0.22090685
vt 0.59701539 0.21101979
vt 0.59824493 0.21098495
vt 0.53995096 0.16472380
vt 0.54081598 0.16472380
vt 0.54314430 0.16478512
vt 0.54401716 0.16478512
vt 0.56224667 0.21300377
vt 0.56138972 0.21300377
vt 0.56224667 0.21515916
vt 0.56138972 0.21515916
vt 0.56224667 0.21423462
vt 0.56138972 0.21423462
vt 0.62441613 0.21920535
vt 0.62441694 0.21608370
vt 0.62536517 0.21608467
vt 0.62536437 0.21920638
vt 0.62536396 0.22232804
vt 0.62441588 0.22232779
vt 0.62442035 0.19747053
vt 0.62536868 0.19747126
vt 0.62536804 0.20047401
vt 0.62441980 0.20047323
vt 0.62536746 0.20359621
vt 0.62441930 0.20359548
vt 0.62536706 0.20671812
vt 0.62441884 0.20671739
vt 0.62536664 0.20984056
vt 0.62441843 0.20983955
vt 0.62536584 0.21296253
vt 0.62441761 0.21296146
vt 0.52900354 0.09241527
vt 0.52843610 0.09291904
vt 0.52835383 0.09168855
vt 0.52870964 0.09123596
vt 0.52954547 0.09003384
vt 0.52918800 0.08946166
vt 0.54467695 0.09349611
vt 0.54412288 0.09293615
vt 0.54444598 0.09178780
vt 0.54478999 0.09227559
vt 0.54364130 0.09050354
vt 0.54401269 0.08996774
vt 0.54025137 0.08622519
vt 0.53883087 0.08611324
vt 0.53895259 0.08504809
vt 0.54028011 0.08527493
vt 0.53491631 0.08395787
vt 0.53497920 0.07837571
vt 0.53567755 0.07768672
vt 0.53563097 0.08483542
vt 0.53108676 0.07681403
vt 0.53443670 0.07607596
vt 0.53437588 0.07745936
vt 0.53113432 0.07817250
vt 0.53850675 0.07831518
vt 0.53842961 0.08389673
vt 0.53769385 0.08470143
vt 0.53782656 0.07755700
vt 0.53910619 0.07607261
vt 0.54243337 0.07714571
vt 0.54235185 0.07849778
vt 0.53913226 0.07746037
vt 0.53060345 0.08763137
vt 0.53036051 0.08675922
vt 0.53087142 0.08616943
vt 0.53110033 0.08700128
vt 0.54216453 0.08731869
vt 0.54241400 0.08651085
vt 0.54290952 0.08715103
vt 0.54264499 0.08799774
vt 0.53446011 0.08613151
vt 0.53303852 0.08610099
vt 0.53303362 0.08514905
vt 0.53436514 0.08505539
vt 0.53827260 0.08599175
vt 0.53868464 0.08482734
vt 0.53855805 0.07772802
vt 0.53801851 0.07659521
vt 0.53789329 0.08550079
vt 0.53846874 0.08448201
vt 0.53883003 0.07742874
vt 0.53847362 0.07604363
vt 0.52369341 0.10141058
vt 0.52369341 0.09681090
vt 0.52439186 0.09681090
vt 0.52439186 0.10141058
vt 0.52494463 0.09681090
vt 0.52494463 0.10141058
vt 0.52549716 0.09681090
vt 0.52549716 0.10141058
vt 0.52986836 0.07704481
vt 0.52985639 0.07842927
vt 0.52804170 0.07838108
vt 0.52805121 0.07699654
vt 0.54364447 0.07749823
vt 0.54546060 0.07763213
vt 0.54543536 0.07901590
vt 0.54362173 0.07888215
vt 0.52744845 0.09289174
vt 0.52688820 0.09235721
vt 0.52719814 0.09119439
vt 0.52754760 0.09166641
vt 0.52637903 0.08994722
vt 0.52674414 0.08939461
vt 0.54559578 0.09233433
vt 0.54595665 0.09189796
vt 0.54623703 0.09309049
vt 0.54566403 0.09356825
vt 0.54645515 0.09014600
vt 0.54680602 0.09073439
vt 0.55034285 0.08696154
vt 0.55034884 0.08600974
vt 0.55168108 0.08597693
vt 0.55176374 0.08705720
vt 0.52109350 0.08357986
vt 0.52036716 0.08441828
vt 0.52041805 0.07726962
vt 0.52110678 0.07799634
vt 0.52168050 0.07572689
vt 0.52501919 0.07664762
vt 0.52495307 0.07800306
vt 0.52172243 0.07711311
vt 0.55224463 0.08490500
vt 0.55237111 0.07932706
vt 0.55307711 0.07867006
vt 0.55294914 0.08581463
vt 0.55177838 0.07838321
vt 0.54852951 0.07894865
vt 0.54849746 0.07758831
vt 0.55185491 0.07700292
vt 0.52535447 0.08748731
vt 0.52486642 0.08683047
vt 0.52510659 0.08601146
vt 0.52560930 0.08662901
vt 0.54765798 0.08749762
vt 0.54817553 0.08693126
vt 0.54839492 0.08777325
vt 0.54789095 0.08838043
vt 0.52162948 0.08470704
vt 0.52295920 0.08487304
vt 0.52294136 0.08582424
vt 0.52151993 0.08577773
vt 0.55232494 0.08701732
vt 0.55195637 0.08579588
vt 0.55292073 0.07768275
vt 0.55234133 0.07873391
vt 0.55218427 0.08548311
vt 0.55272111 0.08658307
vt 0.55208098 0.07839564
vt 0.55248688 0.07706613
vt 0.53600348 0.09722702
vt 0.53670215 0.09722702
vt 0.53670215 0.10182907
vt 0.53600348 0.10182907
vt 0.53544614 0.10182907
vt 0.53545491 0.09722702
vt 0.53490123 0.09722702
vt 0.53489435 0.10182907
vt 0.52622702 0.07832969
vt 0.52623405 0.07694497
vt 0.54727675 0.07776327
vt 0.54724899 0.07914682
vt 0.52261984 0.10295689
vt 0.52261980 0.10755895
vt 0.52199903 0.10755895
vt 0.52199903 0.10295689
vt 0.52226446 0.09681090
vt 0.52268596 0.09681090
vt 0.52268596 0.10141058
vt 0.52226446 0.10141058
vt 0.52392830 0.10295689
vt 0.52392774 0.10755895
vt 0.52613531 0.10295689
vt 0.52613531 0.10755895
vt 0.52554501 0.10755895
vt 0.52554907 0.10295689
vt 0.52608676 0.10141058
vt 0.52608676 0.09681090
vt 0.52956808 0.10755895
vt 0.52814679 0.10755895
vt 0.52815659 0.10295689
vt 0.52957846 0.10295689
vt 0.52966726 0.10141058
vt 0.52833574 0.10141058
vt 0.52833574 0.09681090
vt 0.52966726 0.09681090
vt 0.52478855 0.11918495
vt 0.52122042 0.11918495
vt 0.52122042 0.11458639
vt 0.52478855 0.11458639
vt 0.52381460 0.11318474
vt 0.52102377 0.11318474
vt 0.52102377 0.10858279
vt 0.52381460 0.10858279
vt 0.53105847 0.11458639
vt 0.53287473 0.11458639
vt 0.53287473 0.11918495
vt 0.53105847 0.11918495
vt 0.52798612 0.11318474
vt 0.52472544 0.11318474
vt 0.52472544 0.10858279
vt 0.52798612 0.10858279
vt 0.52983555 0.11918495
vt 0.52646881 0.11918495
vt 0.52646881 0.11458639
vt 0.52983555 0.11458639
vt 0.52927037 0.11318474
vt 0.52927037 0.10858279
vt 0.53108517 0.10858279
vt 0.53108517 0.11318474
vt 0.53502069 0.08606604
vt 0.53463829 0.08486182
vt 0.52583685 0.11458639
vt 0.52583685 0.11918495
vt 0.52995685 0.09681090
vt 0.52995685 0.10141058
vt 0.52411252 0.10858279
vt 0.52411252 0.11318474
vt 0.52077453 0.11918495
vt 0.52077453 0.11458639
vt 0.53494266 0.07778420
vt 0.53550994 0.07670692
vt 0.53541177 0.08561380
vt 0.53486256 0.08453863
vt 0.53506920 0.07611034
vt 0.53467854 0.07745805
vt 0.53012951 0.10755895
vt 0.53014005 0.10295689
vt 0.52032362 0.11918495
vt 0.52032362 0.11458639
vt 0.52530545 0.11458639
vt 0.52530545 0.11918495
vt 0.52072863 0.11318474
vt 0.52072863 0.10858279
vt 0.52045229 0.11318474
vt 0.52045229 0.10858279
vt 0.52442284 0.11318474
vt 0.52442284 0.10858279
vt 0.52411252 0.11318474
vt 0.52411252 0.10858279
vt 0.53226367 0.08618930
vt 0.53218881 0.08522736
vt 0.52749053 0.10141058
vt 0.52749053 0.09681090
vt 0.52737562 0.10755895
vt 0.52737562 0.10295689
vt 0.54112189 0.08543785
vt 0.54102305 0.08639118
vt 0.53149799 0.08558958
vt 0.53161996 0.08648773
vt 0.52677679 0.09681090
vt 0.52677679 0.10141058
vt 0.52671866 0.10295689
vt 0.52671114 0.10755895
vt 0.54165845 0.08675352
vt 0.54180278 0.08586884
vt 0.52504571 0.10755895
vt 0.52504830 0.10295689
vt 0.54331605 0.08790025
vt 0.54302482 0.08864824
vt 0.52956039 0.08827922
vt 0.52984520 0.08904236
vt 0.52450804 0.10295689
vt 0.52450663 0.10755895
vt 0.53020776 0.08824286
vt 0.52993564 0.08746662
vt 0.54367044 0.08874932
vt 0.54336685 0.08948319
vt 0.53860418 0.10732016
vt 0.53798365 0.10732016
vt 0.53798648 0.10271749
vt 0.53860750 0.10271749
vt 0.53771001 0.09722702
vt 0.53813814 0.09722702
vt 0.53812519 0.10182907
vt 0.53771001 0.10182907
vt 0.53667591 0.10732016
vt 0.53667781 0.10271749
vt 0.53103159 0.10271749
vt 0.53245320 0.10271749
vt 0.53245320 0.10732016
vt 0.53103159 0.10732016
vt 0.53835628 0.10858279
vt 0.54114754 0.10858279
vt 0.54114754 0.11318474
vt 0.53835628 0.11318474
vt 0.54454157 0.11458639
vt 0.54454153 0.11918495
vt 0.54096706 0.11918495
vt 0.54096710 0.11458639
vt 0.53744531 0.11318474
vt 0.53417686 0.11318474
vt 0.53419179 0.10858279
vt 0.53744531 0.10858279
vt 0.53928468 0.11458639
vt 0.53928468 0.11918495
vt 0.53593451 0.11918495
vt 0.53589529 0.11458639
vt 0.53430792 0.10182907
vt 0.53430792 0.09722702
vt 0.53505938 0.10732016
vt 0.53447217 0.10732016
vt 0.53446702 0.10271749
vt 0.53505635 0.10271749
vt 0.53205729 0.10182907
vt 0.53072539 0.10182907
vt 0.53072539 0.09722702
vt 0.53205810 0.09722702
vt 0.52096052 0.08568183
vt 0.52135909 0.08449864
vt 0.52059893 0.07629944
vt 0.52115136 0.07740686
vt 0.53043563 0.10182907
vt 0.53043563 0.09722702
vt 0.53047008 0.10732016
vt 0.53047008 0.10271749
vt 0.53805830 0.11318474
vt 0.53805830 0.10858279
vt 0.54044943 0.11918495
vt 0.54044943 0.11458639
vt 0.52057576 0.08520854
vt 0.52113931 0.08416331
vt 0.52104766 0.07572692
vt 0.52141987 0.07709528
vt 0.54144272 0.11318474
vt 0.54144272 0.10858279
vt 0.54171910 0.10858279
vt 0.54171910 0.11318474
vt 0.54543977 0.11918495
vt 0.54498813 0.11918495
vt 0.54498836 0.11458639
vt 0.54544015 0.11458639
vt 0.53774794 0.10858279
vt 0.53805830 0.10858279
vt 0.53805830 0.11318474
vt 0.53774794 0.11318474
vt 0.53991734 0.11918495
vt 0.53991734 0.11458639
vt 0.52435399 0.08628861
vt 0.52448821 0.08539759
vt 0.53361906 0.09722702
vt 0.53361601 0.10182907
vt 0.54880856 0.08638003
vt 0.54892027 0.08728341
vt 0.53388654 0.10271749
vt 0.53389347 0.10732016
vt 0.52371466 0.08595482
vt 0.52380264 0.08499742
vt 0.53290425 0.09722702
vt 0.53290254 0.10182907
vt 0.54956720 0.08701452
vt 0.54950334 0.08604946
vt 0.53322513 0.10271749
vt 0.53323341 0.10732016
vt 0.52609299 0.08893963
vt 0.52638816 0.08819216
vt 0.54711691 0.08975668
vt 0.54684084 0.08898060
vt 0.53609728 0.10732016
vt 0.53609783 0.10271749
vt 0.52574149 0.08812044
vt 0.52602421 0.08735951
vt 0.54722520 0.08818549
vt 0.54748849 0.08897378
vt 0.53555840 0.10732016
vt 0.53555730 0.10271749
vt 0.53469134 0.11918495
vt 0.53469134 0.11458639
vt 0.53290185 0.10858279
vt 0.53289815 0.11318474
vt 0.53959530 0.10271749
vt 0.53959184 0.10732016
vt 0.53893794 0.09722702
vt 0.53893794 0.10182907
vt 0.60002636 0.17111428
vt 0.58034876 0.17111428
vt 0.58034876 0.17014671
vt 0.60003799 0.17014671
vt 0.58035397 0.16921493
vt 0.60004884 0.16921493
vt 0.59995599 0.17691960
vt 0.58034876 0.17691960
vt 0.58034876 0.17595136
vt 0.59996774 0.17595136
vt 0.58034876 0.17498379
vt 0.59997927 0.17498379
vt 0.58034876 0.17401610
vt 0.59999102 0.17401610
vt 0.58034876 0.17304865
vt 0.60000291 0.17304865
vt 0.58034876 0.17208158
vt 0.60001464 0.17208158
vt 0.59554150 0.13429157
vt 0.59419166 0.15129958
vt 0.60076241 0.12853621
vt 0.60210699 0.14552807
vt 0.60381261 0.14551149
vt 0.60507500 0.12849419
vt 0.61379000 0.19396436
vt 0.62028038 0.19396436
vt 0.62028038 0.19561508
vt 0.61380505 0.19561508
vt 0.62254388 0.19396436
vt 0.62254388 0.19561508
vt 0.62140059 0.19561508
vt 0.62140059 0.19396436
vt 0.61301299 0.19561508
vt 0.61300504 0.19396436
vt 0.61115319 0.19561508
vt 0.61036164 0.19561508
vt 0.61038159 0.19396436
vt 0.61116716 0.19396436
vt 0.60276912 0.19561508
vt 0.60162551 0.19561508
vt 0.60162551 0.19396436
vt 0.60276912 0.19396436
vt 0.60388941 0.19561508
vt 0.60388941 0.19396436
vt 0.59602727 0.13374413
vt 0.59558043 0.15241336
vt 0.60211646 0.12740916
vt 0.60259465 0.14607098
vt 0.62402378 0.19396436
vt 0.62402378 0.19561508
vt 0.61245096 0.19396436
vt 0.61245120 0.19561508
vt 0.59724671 0.13428913
vt 0.59860710 0.15129362
vt 0.59721918 0.15241092
vt 0.59676042 0.13374343
vt 0.60332795 0.14606381
vt 0.60371476 0.12739356
vt 0.60014514 0.19561508
vt 0.60014514 0.19396436
vt 0.61171786 0.19396436
vt 0.61171786 0.19561508
vt 0.62564051 0.19396436
vt 0.62564051 0.19561508
vt 0.59419166 0.15129958
vt 0.59554150 0.13429157
vt 0.60210699 0.14552807
vt 0.60076241 0.12853621
vt 0.60381261 0.14551149
vt 0.60507500 0.12849419
vt 0.61379000 0.19396436
vt 0.61380505 0.19561508
vt 0.62028038 0.19561508
vt 0.62028038 0.19396436
vt 0.62254388 0.19396436
vt 0.62140059 0.19396436
vt 0.62140059 0.19561508
vt 0.62254388 0.19561508
vt 0.61300504 0.19396436
vt 0.61301299 0.19561508
vt 0.61115319 0.19561508
vt 0.61116716 0.19396436
vt 0.61038159 0.19396436
vt 0.61036164 0.19561508
vt 0.60276912 0.19561508
vt 0.60276912 0.19396436
vt 0.60162551 0.19396436
vt 0.60162551 0.19561508
vt 0.60388941 0.19561508
vt 0.60388941 0.19396436
vt 0.59602727 0.13374413
vt 0.59558043 0.15241336
vt 0.60211646 0.12740916
vt 0.60259465 0.14607098
vt 0.62402378 0.19561508
vt 0.62402378 0.19396436
vt 0.61245096 0.19396436
vt 0.61245120 0.19561508
vt 0.59724671 0.13428913
vt 0.59676042 0.13374343
vt 0.59721918 0.15241092
vt 0.59860710 0.15129362
vt 0.60371476 0.12739356
vt 0.60332795 0.14606381
vt 0.60014514 0.19561508
vt 0.60014514 0.19396436
vt 0.61171786 0.19561508
vt 0.61171786 0.19396436
vt 0.62564051 0.19396436
vt 0.62564051 0.19561508
vt 0.55943961 0.14156168
vt 0.55910548 0.14327053
vt 0.55367844 0.13956027
vt 0.55421202 0.13685144
vt 0.55985581 0.13992290
vt 0.55487472 0.13426206
vt 0.55566262 0.13183087
vt 0.56036448 0.13836170
vt 0.55654393 0.12955733
vt 0.56099508 0.13691276
vt 0.56159967 0.16363242
vt 0.55749913 0.17176343
vt 0.55651858 0.16965908
vt 0.56090588 0.16230367
vt 0.56032915 0.16084234
vt 0.55562390 0.16738075
vt 0.55484686 0.16492218
vt 0.55983996 0.15928568
vt 0.55419280 0.16232082
vt 0.55943009 0.15764499
vt 0.55909909 0.15593338
vt 0.55366484 0.15960532
vt 0.55326634 0.15680256
vt 0.55884896 0.15416445
vt 0.55300016 0.15393754
vt 0.55868163 0.15235379
vt 0.55286747 0.15103579
vt 0.55859795 0.15051988
vt 0.55286891 0.14812295
vt 0.55859885 0.14867776
vt 0.55868395 0.14684434
vt 0.55300529 0.14522255
vt 0.55327573 0.14235951
vt 0.55885319 0.14503639
vt 0.55978015 0.14547576
vt 0.55962732 0.14710947
vt 0.55955047 0.14876705
vt 0.55954968 0.15043339
vt 0.55962539 0.15209302
vt 0.55977671 0.15372961
vt 0.56000267 0.15532792
vt 0.56030036 0.15687256
vt 0.56066650 0.15834645
vt 0.56109471 0.15972718
vt 0.56157467 0.16096657
vt 0.56211330 0.16192129
vt 0.56158389 0.13852431
vt 0.56109096 0.13957268
vt 0.56066903 0.14089414
vt 0.56030513 0.14234775
vt 0.56000690 0.14388280
vt 0.62172988 0.19041804
vt 0.62172996 0.18927480
vt 0.62502518 0.18927600
vt 0.62502502 0.19041953
vt 0.62172979 0.19156104
vt 0.62502502 0.19156303
vt 0.62502575 0.18355978
vt 0.62173046 0.18355831
vt 0.62173063 0.18241456
vt 0.62502582 0.18241654
vt 0.62502558 0.18470303
vt 0.62173037 0.18470179
vt 0.62502551 0.18584604
vt 0.62173028 0.18584500
vt 0.62173028 0.18698829
vt 0.62502551 0.18698951
vt 0.62502518 0.18813279
vt 0.62173005 0.18813127
vt 0.50186179 0.25163335
vt 0.50186179 0.25163505
vt 0.50186179 0.25163173
vt 0.50186179 0.25163029
vt 0.50186179 0.25162908
vt 0.50186179 0.25162817
vt 0.50186179 0.25162760
vt 0.50186179 0.25162741
vt 0.50186179 0.25162760
vt 0.50186179 0.25162817
vt 0.50186179 0.25162908
vt 0.50186179 0.25163029
vt 0.50186179 0.25163173
vt 0.50186179 0.25163335
vt 0.50186179 0.25163505
vt 0.50186179 0.25163675
vt 0.50186179 0.25163836
vt 0.50186179 0.25163981
vt 0.50186179 0.25164102
vt 0.50186179 0.25164193
vt 0.50186179 0.25164250
vt 0.50186179 0.25164269
vt 0.50186179 0.25164250
vt 0.50186179 0.25164193
vt 0.50186179 0.25164102
vt 0.50186179 0.25163981
vt 0.50186179 0.25163836
vt 0.50186179 0.25163675
vt 0.50186179 0.25163505
vt 0.50186179 0.25167719
vt 0.50186179 0.25167852
vt 0.50186179 0.25167848
vt 0.50186179 0.25167978
vt 0.50186179 0.25168101
vt 0.50186179 0.25168212
vt 0.50186179 0.25168305
vt 0.50186179 0.25168375
vt 0.50186179 0.25168418
vt 0.50186179 0.25168434
vt 0.50186179 0.25168420
vt 0.50186179 0.25168377
vt 0.50186179 0.25168309
vt 0.50186179 0.25168217
vt 0.50186179 0.25168107
vt 0.50186179 0.25167984
vt 0.50186179 0.25167855
vt 0.50186179 0.25167726
vt 0.50186179 0.25167602
vt 0.50186179 0.25167492
vt 0.50186179 0.25167399
vt 0.50186179 0.25167329
vt 0.50186179 0.25167285
vt 0.50186179 0.25167270
vt 0.50186179 0.25167284
vt 0.50186179 0.25167326
vt 0.50186179 0.25167395
vt 0.50186179 0.25167486
vt 0.50186179 0.25167596
vt 0.50186179 0.25163505
vt 0.50186179 0.25163505
vt 0.50186179 0.25163895
vt 0.50186179 0.25163867
vt 0.50186179 0.25163505
vt 0.50186179 0.25163917
vt 0.50186179 0.25164266
vt 0.50186179 0.25164210
vt 0.50186179 0.25164308
vt 0.50186179 0.25164598
vt 0.50186179 0.25164518
vt 0.50186179 0.25164659
vt 0.50186179 0.25164876
vt 0.50186179 0.25164775
vt 0.50186179 0.25164952
vt 0.50186179 0.25165084
vt 0.50186179 0.25164969
vt 0.50186179 0.25165172
vt 0.50186179 0.25165214
vt 0.50186179 0.25165089
vt 0.50186179 0.25165309
vt 0.50186179 0.25165258
vt 0.50186179 0.25165130
vt 0.50186179 0.25165355
vt 0.50186179 0.25165214
vt 0.50186179 0.25165089
vt 0.50186179 0.25165309
vt 0.50186179 0.25165084
vt 0.50186179 0.25164969
vt 0.50186179 0.25165172
vt 0.50186179 0.25164876
vt 0.50186179 0.25164775
vt 0.50186179 0.25164952
vt 0.50186179 0.25164598
vt 0.50186179 0.25164518
vt 0.50186179 0.25164659
vt 0.50186179 0.25164266
vt 0.50186179 0.25164210
vt 0.50186179 0.25164308
vt 0.50186179 0.25163895
vt 0.50186179 0.25163867
vt 0.50186179 0.25163917
vt 0.50186179 0.25163505
vt 0.50186179 0.25163505
vt 0.50186179 0.25163505
vt 0.50186179 0.25163115
vt 0.50186179 0.25163143
vt 0.50186179 0.25163093
vt 0.50186179 0.25162744
vt 0.50186179 0.25162800
vt 0.50186179 0.25162702
vt 0.50186179 0.25162412
vt 0.50186179 0.25162492
vt 0.50186179 0.25162351
vt 0.50186179 0.25162134
vt 0.50186179 0.25162235
vt 0.50186179 0.25162058
vt 0.50186179 0.25161926
vt 0.50186179 0.25162041
vt 0.50186179 0.25161838
vt 0.50186179 0.25161796
vt 0.50186179 0.25161921
vt 0.50186179 0.25161701
vt 0.50186179 0.25161752
vt 0.50186179 0.25161880
vt 0.50186179 0.25161654
vt 0.50186179 0.25161796
vt 0.50186179 0.25161921
vt 0.50186179 0.25161701
vt 0.50186179 0.25161926
vt 0.50186179 0.25162041
vt 0.50186179 0.25161838
vt 0.50186179 0.25162134
vt 0.50186179 0.25162235
vt 0.50186179 0.25162058
vt 0.50186179 0.25162412
vt 0.50186179 0.25162492
vt 0.50186179 0.25162351
vt 0.50186179 0.25162744
vt 0.50186179 0.25162800
vt 0.50186179 0.25162702
vt 0.50186179 0.25163115
vt 0.50186179 0.25163143
vt 0.50186179 0.25163093
vt 0.50186179 0.25163832
vt 0.50186179 0.25163505
vt 0.50186179 0.25163790
vt 0.50186179 0.25163505
vt 0.50186179 0.25163178
vt 0.50186179 0.25163220
vt 0.50186179 0.25162867
vt 0.50186179 0.25162950
vt 0.50186179 0.25162588
vt 0.50186179 0.25162707
vt 0.50186179 0.25162355
vt 0.50186179 0.25162504
vt 0.50186179 0.25162180
vt 0.50186179 0.25162352
vt 0.50186179 0.25162072
vt 0.50186179 0.25162257
vt 0.50186179 0.25162035
vt 0.50186179 0.25162225
vt 0.50186179 0.25162072
vt 0.50186179 0.25162257
vt 0.50186179 0.25162180
vt 0.50186179 0.25162352
vt 0.50186179 0.25162355
vt 0.50186179 0.25162504
vt 0.50186179 0.25162588
vt 0.50186179 0.25162707
vt 0.50186179 0.25162867
vt 0.50186179 0.25162950
vt 0.50186179 0.25163178
vt 0.50186179 0.25163220
vt 0.50186179 0.25163505
vt 0.50186179 0.25163505
vt 0.50186179 0.25163832
vt 0.50186179 0.25163790
vt 0.50186179 0.25164143
vt 0.50186179 0.25164060
vt 0.50186179 0.25164422
vt 0.50186179 0.25164303
vt 0.50186179 0.25164654
vt 0.50186179 0.25164506
vt 0.50186179 0.25164830
vt 0.50186179 0.25164658
vt 0.50186179 0.25164938
vt 0.50186179 0.25164753
vt 0.50186179 0.25164975
vt 0.50186179 0.25164785
vt 0.50186179 0.25164938
vt 0.50186179 0.25164753
vt 0.50186179 0.25164830
vt 0.50186179 0.25164658
vt 0.50186179 0.25164654
vt 0.50186179 0.25164506
vt 0.50186179 0.25164422
vt 0.50186179 0.25164303
vt 0.50186179 0.25164143
vt 0.50186179 0.25164060
vt 0.50186179 0.25167438
vt 0.50186179 0.25167446
vt 0.50186179 0.25167845
vt 0.50186179 0.25167844
vt 0.50186179 0.25167470
vt 0.50186179 0.25167845
vt 0.50186179 0.25168243
vt 0.50186179 0.25168251
vt 0.50186179 0.25168221
vt 0.50186179 0.25168622
vt 0.50186179 0.25168638
vt 0.50186179 0.25168578
vt 0.50186179 0.25168963
vt 0.50186179 0.25168985
vt 0.50186179 0.25168899
vt 0.50186179 0.25169247
vt 0.50186179 0.25169276
vt 0.50186179 0.25169167
vt 0.50186179 0.25169462
vt 0.50186179 0.25169495
vt 0.50186179 0.25169370
vt 0.50186179 0.25169596
vt 0.50186179 0.25169631
vt 0.50186179 0.25169496
vt 0.50186179 0.25169642
vt 0.50186179 0.25169678
vt 0.50186179 0.25169540
vt 0.50186179 0.25169599
vt 0.50186179 0.25169634
vt 0.50186179 0.25169499
vt 0.50186179 0.25169468
vt 0.50186179 0.25169501
vt 0.50186179 0.25169375
vt 0.50186179 0.25169256
vt 0.50186179 0.25169285
vt 0.50186179 0.25169176
vt 0.50186179 0.25168974
vt 0.50186179 0.25168997
vt 0.50186179 0.25168910
vt 0.50186179 0.25168635
vt 0.50186179 0.25168651
vt 0.50186179 0.25168590
vt 0.50186179 0.25168257
vt 0.50186179 0.25168266
vt 0.50186179 0.25168234
vt 0.50186179 0.25167859
vt 0.50186179 0.25167859
vt 0.50186179 0.25167859
vt 0.50186179 0.25167460
vt 0.50186179 0.25167452
vt 0.50186179 0.25167483
vt 0.50186179 0.25167081
vt 0.50186179 0.25167066
vt 0.50186179 0.25167126
vt 0.50186179 0.25166741
vt 0.50186179 0.25166718
vt 0.50186179 0.25166805
vt 0.50186179 0.25166456
vt 0.50186179 0.25166428
vt 0.50186179 0.25166536
vt 0.50186179 0.25166241
vt 0.50186179 0.25166209
vt 0.50186179 0.25166334
vt 0.50186179 0.25166107
vt 0.50186179 0.25166072
vt 0.50186179 0.25166208
vt 0.50186179 0.25166061
vt 0.50186179 0.25166025
vt 0.50186179 0.25166164
vt 0.50186179 0.25166104
vt 0.50186179 0.25166069
vt 0.50186179 0.25166205
vt 0.50186179 0.25166235
vt 0.50186179 0.25166203
vt 0.50186179 0.25166328
vt 0.50186179 0.25166447
vt 0.50186179 0.25166419
vt 0.50186179 0.25166528
vt 0.50186179 0.25166730
vt 0.50186179 0.25166707
vt 0.50186179 0.25166794
vt 0.50186179 0.25167068
vt 0.50186179 0.25167052
vt 0.50186179 0.25167113
vt 0.50186179 0.25167407
vt 0.50186179 0.25167415
vt 0.50186179 0.25167844
vt 0.50186179 0.25167844
vt 0.50186179 0.25163505
vt 0.50186179 0.25163931
vt 0.50186179 0.25168273
vt 0.50186179 0.25168282
vt 0.50186179 0.25164335
vt 0.50186179 0.25168681
vt 0.50186179 0.25168698
vt 0.50186179 0.25164697
vt 0.50186179 0.25169048
vt 0.50186179 0.25169072
vt 0.50186179 0.25165000
vt 0.50186179 0.25169354
vt 0.50186179 0.25169384
vt 0.50186179 0.25165228
vt 0.50186179 0.25169620
vt 0.50186179 0.25169585
vt 0.50186179 0.25165370
vt 0.50186179 0.25169729
vt 0.50186179 0.25169767
vt 0.50186179 0.25165417
vt 0.50186179 0.25169779
vt 0.50186179 0.25169818
vt 0.50186179 0.25165370
vt 0.50186179 0.25169733
vt 0.50186179 0.25169770
vt 0.50186179 0.25165228
vt 0.50186179 0.25169627
vt 0.50186179 0.25169592
vt 0.50186179 0.25165000
vt 0.50186179 0.25169394
vt 0.50186179 0.25169364
vt 0.50186179 0.25164697
vt 0.50186179 0.25169060
vt 0.50186179 0.25169084
vt 0.50186179 0.25164335
vt 0.50186179 0.25168712
vt 0.50186179 0.25168695
vt 0.50186179 0.25163931
vt 0.50186179 0.25168297
vt 0.50186179 0.25168288
vt 0.50186179 0.25163505
vt 0.50186179 0.25167860
vt 0.50186179 0.25167860
vt 0.50186179 0.25163079
vt 0.50186179 0.25167430
vt 0.50186179 0.25167422
vt 0.50186179 0.25162675
vt 0.50186179 0.25167022
vt 0.50186179 0.25167006
vt 0.50186179 0.25162312
vt 0.50186179 0.25166656
vt 0.50186179 0.25166632
vt 0.50186179 0.25162010
vt 0.50186179 0.25166349
vt 0.50186179 0.25166319
vt 0.50186179 0.25161782
vt 0.50186179 0.25166118
vt 0.50186179 0.25166083
vt 0.50186179 0.25161640
vt 0.50186179 0.25165974
vt 0.50186179 0.25165936
vt 0.50186179 0.25161592
vt 0.50186179 0.25165924
vt 0.50186179 0.25165885
vt 0.50186179 0.25161640
vt 0.50186179 0.25165933
vt 0.50186179 0.25165970
vt 0.50186179 0.25161782
vt 0.50186179 0.25166112
vt 0.50186179 0.25166077
vt 0.50186179 0.25162010
vt 0.50186179 0.25166340
vt 0.50186179 0.25166309
vt 0.50186179 0.25162312
vt 0.50186179 0.25166644
vt 0.50186179 0.25166620
vt 0.50186179 0.25162675
vt 0.50186179 0.25167008
vt 0.50186179 0.25166992
vt 0.50186179 0.25163079
vt 0.50186179 0.25167433
vt 0.50186179 0.25167844
vt 0.50186179 0.25167844
vt 0.50186179 0.25167429
vt 0.50186179 0.25167043
vt 0.50186179 0.25167035
vt 0.50186179 0.25166693
vt 0.50186179 0.25166682
vt 0.50186179 0.25166401
vt 0.50186179 0.25166388
vt 0.50186179 0.25166182
vt 0.50186179 0.25166167
vt 0.50186179 0.25166047
vt 0.50186179 0.25166030
vt 0.50186179 0.25166002
vt 0.50186179 0.25165985
vt 0.50186179 0.25166050
vt 0.50186179 0.25166033
vt 0.50186179 0.25166189
vt 0.50186179 0.25166173
vt 0.50186179 0.25166411
vt 0.50186179 0.25166397
vt 0.50186179 0.25166705
vt 0.50186179 0.25166694
vt 0.50186179 0.25167056
vt 0.50186179 0.25167049
vt 0.50186179 0.25167448
vt 0.50186179 0.25167444
vt 0.50186179 0.25167859
vt 0.50186179 0.25167859
vt 0.50186179 0.25168271
vt 0.50186179 0.25168275
vt 0.50186179 0.25168661
vt 0.50186179 0.25168669
vt 0.50186179 0.25169011
vt 0.50186179 0.25169022
vt 0.50186179 0.25169302
vt 0.50186179 0.25169316
vt 0.50186179 0.25169521
vt 0.50186179 0.25169537
vt 0.50186179 0.25169656
vt 0.50186179 0.25169673
vt 0.50186179 0.25169701
vt 0.50186179 0.25169718
vt 0.50186179 0.25169653
vt 0.50186179 0.25169670
vt 0.50186179 0.25169515
vt 0.50186179 0.25169530
vt 0.50186179 0.25169293
vt 0.50186179 0.25169307
vt 0.50186179 0.25168999
vt 0.50186179 0.25169010
vt 0.50186179 0.25168648
vt 0.50186179 0.25168655
vt 0.50186179 0.25168256
vt 0.50186179 0.25168260
vt 0.50186179 0.25167844
vt 0.50186179 0.25167420
vt 0.50186179 0.25167423
vt 0.50186179 0.25167844
vt 0.50186179 0.25167018
vt 0.50186179 0.25167023
vt 0.50186179 0.25166658
vt 0.50186179 0.25166665
vt 0.50186179 0.25166357
vt 0.50186179 0.25166367
vt 0.50186179 0.25166132
vt 0.50186179 0.25166143
vt 0.50186179 0.25165992
vt 0.50186179 0.25166004
vt 0.50186179 0.25165946
vt 0.50186179 0.25165958
vt 0.50186179 0.25165996
vt 0.50186179 0.25166007
vt 0.50186179 0.25166138
vt 0.50186179 0.25166149
vt 0.50186179 0.25166367
vt 0.50186179 0.25166376
vt 0.50186179 0.25166670
vt 0.50186179 0.25166677
vt 0.50186179 0.25167032
vt 0.50186179 0.25167037
vt 0.50186179 0.25167435
vt 0.50186179 0.25167438
vt 0.50186179 0.25167860
vt 0.50186179 0.25167859
vt 0.50186179 0.25168283
vt 0.50186179 0.25168281
vt 0.50186179 0.25168686
vt 0.50186179 0.25168680
vt 0.50186179 0.25169046
vt 0.50186179 0.25169038
vt 0.50186179 0.25169346
vt 0.50186179 0.25169337
vt 0.50186179 0.25169572
vt 0.50186179 0.25169561
vt 0.50186179 0.25169711
vt 0.50186179 0.25169699
vt 0.50186179 0.25169757
vt 0.50186179 0.25169745
vt 0.50186179 0.25169708
vt 0.50186179 0.25169696
vt 0.50186179 0.25169565
vt 0.50186179 0.25169554
vt 0.50186179 0.25169337
vt 0.50186179 0.25169327
vt 0.50186179 0.25169034
vt 0.50186179 0.25169026
vt 0.50186179 0.25168672
vt 0.50186179 0.25168666
vt 0.50186179 0.25168268
vt 0.50186179 0.25168266
vt 0.50186179 0.25167426
vt 0.50186179 0.25167844
vt 0.50186179 0.25167029
vt 0.50186179 0.25166673
vt 0.50186179 0.25166376
vt 0.50186179 0.25166153
vt 0.50186179 0.25166016
vt 0.50186179 0.25165970
vt 0.50186179 0.25166019
vt 0.50186179 0.25166160
vt 0.50186179 0.25166386
vt 0.50186179 0.25166685
vt 0.50186179 0.25167042
vt 0.50186179 0.25167441
vt 0.50186179 0.25167859
vt 0.50186179 0.25168278
vt 0.50186179 0.25168675
vt 0.50186179 0.25169031
vt 0.50186179 0.25169328
vt 0.50186179 0.25169550
vt 0.50186179 0.25169688
vt 0.50186179 0.25169733
vt 0.50186179 0.25169684
vt 0.50186179 0.25169544
vt 0.50186179 0.25169318
vt 0.50186179 0.25169019
vt 0.50186179 0.25168661
vt 0.50186179 0.25168263
vt 0.55493518 0.17442342
vt 0.55461976 0.17333189
vt 0.55438893 0.17379381
vt 0.55430467 0.17442342
vt 0.55438920 0.17505427
vt 0.55461976 0.17551543
vt 0.55493476 0.17568435
vt 0.55524994 0.17551582
vt 0.55548084 0.17505471
vt 0.55556542 0.17442381
vt 0.55548098 0.17379381
vt 0.55525018 0.17333189
vt 0.55493497 0.17316333
vt 0.55493518 0.17442342
vt 0.55438893 0.17379381
vt 0.55461976 0.17333189
vt 0.55430467 0.17442342
vt 0.55438920 0.17505427
vt 0.55461976 0.17551543
vt 0.55493476 0.17568435
vt 0.55524994 0.17551582
vt 0.55548084 0.17505471
vt 0.55556542 0.17442381
vt 0.55548098 0.17379381
vt 0.55525018 0.17333189
vt 0.55493497 0.17316333
vt 0.55392084 0.17325229
vt 0.55434960 0.17239544
vt 0.55376375 0.17442342
vt 0.55392054 0.17559461
vt 0.55434948 0.17645220
vt 0.55493497 0.17676610
vt 0.55552052 0.17645263
vt 0.55594892 0.17559500
vt 0.55610604 0.17442381
vt 0.55594919 0.17325271
vt 0.55552076 0.17239581
vt 0.55493518 0.17208200
vt 0.55354650 0.17281957
vt 0.55413360 0.17164645
vt 0.55333141 0.17442308
vt 0.55354626 0.17602691
vt 0.55413330 0.17720083
vt 0.55493497 0.17763085
vt 0.55573665 0.17720161
vt 0.55632344 0.17602734
vt 0.55653846 0.17442381
vt 0.55632368 0.17282030
vt 0.55573691 0.17164683
vt 0.55493533 0.17121686
vt 0.55392084 0.17325229
vt 0.55434960 0.17239544
vt 0.55376375 0.17442342
vt 0.55392054 0.17559461
vt 0.55434948 0.17645220
vt 0.55493497 0.17676610
vt 0.55552052 0.17645263
vt 0.55594892 0.17559500
vt 0.55610604 0.17442381
vt 0.55594919 0.17325271
vt 0.55552076 0.17239581
vt 0.55493518 0.17208200
vt 0.55354650 0.17281957
vt 0.55413360 0.17164645
vt 0.55333141 0.17442308
vt 0.55354626 0.17602691
vt 0.55413330 0.17720083
vt 0.55493497 0.17763085
vt 0.55573665 0.17720161
vt 0.55632344 0.17602734
vt 0.55653846 0.17442381
vt 0.55632368 0.17282030
vt 0.55573691 0.17164683
vt 0.55493533 0.17121686
vt 0.54702205 0.18190618
vt 0.54634209 0.18197388
vt 0.54676647 0.18535832
vt 0.54572648 0.18255653
vt 0.54526949 0.18356598
vt 0.54504036 0.18484798
vt 0.54507417 0.18620784
vt 0.54536559 0.18743849
vt 0.54587013 0.18835210
vt 0.54651114 0.18881041
vt 0.54719103 0.18874336
vt 0.54780626 0.18816067
vt 0.54826319 0.18715174
vt 0.54849231 0.18586980
vt 0.54845890 0.18451016
vt 0.54816774 0.18327905
vt 0.54766302 0.18236492
vt 0.54914819 0.17594957
vt 0.55053065 0.17521801
vt 0.54891986 0.16863484
vt 0.55166762 0.17348456
vt 0.55238637 0.17101254
vt 0.55257728 0.16817825
vt 0.55221162 0.16541382
vt 0.55134491 0.16313936
vt 0.55010864 0.16170221
vt 0.54869150 0.16132022
vt 0.54730936 0.16205128
vt 0.54617209 0.16378530
vt 0.54545350 0.16625740
vt 0.54526248 0.16909114
vt 0.54562809 0.17185560
vt 0.54649505 0.17412998
vt 0.54773125 0.17556770
vt 0.60187836 0.17402473
vt 0.60231400 0.17364606
vt 0.60186763 0.17278362
vt 0.60248802 0.17276223
vt 0.60229896 0.17189127
vt 0.60185698 0.17154269
vt 0.60142138 0.17192131
vt 0.60124711 0.17280492
vt 0.60143651 0.17367610
vt 0.60149526 0.17597867
vt 0.60132115 0.17686255
vt 0.60194157 0.17684074
vt 0.60151055 0.17773348
vt 0.60195249 0.17808181
vt 0.60238796 0.17770287
vt 0.60256199 0.17681904
vt 0.60237266 0.17594808
vt 0.60193071 0.17559979
vt 0.59768112 0.13560480
vt 0.59952023 0.14998984
vt 0.59983529 0.14783761
vt 0.59510730 0.13560897
vt 0.59296217 0.14784779
vt 0.59327848 0.14999896
vt 0.60424380 0.14419107
vt 0.60636408 0.13193469
vt 0.60604807 0.12978469
vt 0.59979544 0.12984613
vt 0.59948966 0.13200192
vt 0.60166933 0.14421650
vt 0.59768112 0.13560480
vt 0.59983529 0.14783761
vt 0.59952023 0.14998984
vt 0.59510730 0.13560897
vt 0.59327848 0.14999896
vt 0.59296217 0.14784779
vt 0.60424380 0.14419107
vt 0.60604807 0.12978469
vt 0.60636408 0.13193469
vt 0.59979544 0.12984613
vt 0.60166933 0.14421650
vt 0.59948966 0.13200192
vt 0.61534781 0.18801593
vt 0.61334747 0.18801593
vt 0.61476198 0.19084450
vt 0.61476198 0.18518704
vt 0.61334747 0.18401530
vt 0.61193296 0.18518704
vt 0.61134720 0.18801593
vt 0.61193296 0.19084480
vt 0.61334747 0.19201630
vt 0.61681144 0.19019521
vt 0.61789370 0.19236021
vt 0.61865921 0.18866439
vt 0.61942452 0.19236042
vt 0.62050719 0.19019549
vt 0.62050734 0.18713355
vt 0.61942483 0.18496829
vt 0.61789377 0.18496829
vt 0.61681144 0.18713327
vt 0.58441350 0.22386240
vt 0.56909184 0.22657285
vt 0.56861847 0.22729849
vt 0.62467761 0.23939960
vt 0.62420240 0.23867599
vt 0.60873495 0.23607408
vt 0.56821515 0.22915004
vt 0.56862104 0.23007293
vt 0.62467978 0.24217401
vt 0.62508470 0.24124909
vt 0.56821397 0.22822583
vt 0.62508395 0.24032555
vt 0.62408908 0.22729884
vt 0.62361587 0.22657285
vt 0.60829444 0.22385830
vt 0.56862649 0.23980080
vt 0.58455693 0.23624559
vt 0.56909910 0.23907179
vt 0.62408655 0.23007192
vt 0.62449233 0.22915004
vt 0.56863427 0.24257426
vt 0.56822604 0.24165469
vt 0.62449337 0.22822583
vt 0.56822335 0.24073051
vt 0.58281547 0.19962651
vt 0.56752298 0.20294545
vt 0.56705679 0.20369091
vt 0.56673154 0.21733970
vt 0.56720547 0.21806541
vt 0.58266930 0.22079212
vt 0.56667215 0.20555871
vt 0.56708690 0.20646431
vt 0.56673426 0.21456561
vt 0.56632812 0.21548711
vt 0.56666197 0.20463477
vt 0.56632690 0.21641072
vt 0.62261558 0.20249488
vt 0.62214162 0.20176977
vt 0.60681718 0.19910876
vt 0.62286996 0.21627434
vt 0.60696741 0.22032194
vt 0.62240317 0.21701902
vt 0.62261535 0.20527110
vt 0.62302016 0.20434786
vt 0.62284108 0.21349998
vt 0.62325598 0.21440768
vt 0.62302051 0.20342255
vt 0.62326594 0.21533218
vt 0.62172988 0.19041804
vt 0.62502502 0.19041953
vt 0.62502518 0.18927600
vt 0.62172996 0.18927480
vt 0.62172979 0.19156104
vt 0.62502502 0.19156303
vt 0.62502575 0.18355978
vt 0.62502582 0.18241654
vt 0.62173063 0.18241456
vt 0.62173046 0.18355831
vt 0.62173037 0.18470179
vt 0.62502558 0.18470303
vt 0.62173028 0.18584500
vt 0.62502551 0.18584604
vt 0.62173028 0.18698829
vt 0.62502551 0.18698951
vt 0.62502518 0.18813279
vt 0.62173005 0.18813127
vt 0.55943961 0.14156168
vt 0.55421202 0.13685144
vt 0.55367844 0.13956027
vt 0.55910548 0.14327053
vt 0.55985581 0.13992290
vt 0.55487472 0.13426206
vt 0.55566262 0.13183087
vt 0.56036448 0.13836170
vt 0.56099508 0.13691276
vt 0.55654393 0.12955733
vt 0.56159967 0.16363242
vt 0.56090588 0.16230367
vt 0.55651858 0.16965908
vt 0.55749913 0.17176343
vt 0.56032915 0.16084234
vt 0.55562390 0.16738075
vt 0.55484686 0.16492218
vt 0.55983996 0.15928568
vt 0.55943009 0.15764499
vt 0.55419280 0.16232082
vt 0.55909909 0.15593338
vt 0.55366484 0.15960532
vt 0.55326634 0.15680256
vt 0.55884896 0.15416445
vt 0.55868163 0.15235379
vt 0.55300016 0.15393754
vt 0.55286747 0.15103579
vt 0.55859795 0.15051988
vt 0.55859885 0.14867776
vt 0.55286891 0.14812295
vt 0.55868395 0.14684434
vt 0.55300529 0.14522255
vt 0.55327573 0.14235951
vt 0.55885319 0.14503639
vt 0.55978015 0.14547576
vt 0.55962732 0.14710947
vt 0.55955047 0.14876705
vt 0.55954968 0.15043339
vt 0.55962539 0.15209302
vt 0.55977671 0.15372961
vt 0.56000267 0.15532792
vt 0.56030036 0.15687256
vt 0.56066650 0.15834645
vt 0.56109471 0.15972718
vt 0.56157467 0.16096657
vt 0.56211330 0.16192129
vt 0.56158389 0.13852431
vt 0.56109096 0.13957268
vt 0.56066903 0.14089414
vt 0.56030513 0.14234775
vt 0.56000690 0.14388280
vt 0.60003799 0.17014671
vt 0.58034876 0.17014671
vt 0.58034876 0.17111428
vt 0.60002636 0.17111428
vt 0.60004884 0.16921493
vt 0.58035397 0.16921493
vt 0.59995599 0.17691960
vt 0.59996774 0.17595136
vt 0.58034876 0.17595136
vt 0.58034876 0.17691960
vt 0.59997927 0.17498379
vt 0.58034876 0.17498379
vt 0.59999102 0.17401610
vt 0.58034876 0.17401610
vt 0.60000291 0.17304865
vt 0.58034876 0.17304865
vt 0.60001464 0.17208158
vt 0.58034876 0.17208158
vt 0.52900354 0.09241527
vt 0.52870964 0.09123596
vt 0.52835383 0.09168855
vt 0.52843610 0.09291904
vt 0.52954547 0.09003384
vt 0.52918800 0.08946166
vt 0.54467695 0.09349611
vt 0.54478999 0.09227559
vt 0.54444598 0.09178780
vt 0.54412288 0.09293615
vt 0.54401269 0.08996774
vt 0.54364130 0.09050354
vt 0.54025137 0.08622519
vt 0.54028011 0.08527493
vt 0.53895259 0.08504809
vt 0.53883087 0.08611324
vt 0.53491631 0.08395787
vt 0.53563097 0.08483542
vt 0.53567755 0.07768672
vt 0.53497920 0.07837571
vt 0.53108676 0.07681403
vt 0.53113432 0.07817250
vt 0.53437588 0.07745936
vt 0.53443670 0.07607596
vt 0.53850675 0.07831518
vt 0.53782656 0.07755700
vt 0.53769385 0.08470143
vt 0.53842961 0.08389673
vt 0.53910619 0.07607261
vt 0.53913226 0.07746037
vt 0.54235185 0.07849778
vt 0.54243337 0.07714571
vt 0.53060345 0.08763137
vt 0.53110033 0.08700128
vt 0.53087142 0.08616943
vt 0.53036051 0.08675922
vt 0.54216453 0.08731869
vt 0.54264499 0.08799774
vt 0.54290952 0.08715103
vt 0.54241400 0.08651085
vt 0.53446011 0.08613151
vt 0.53436514 0.08505539
vt 0.53303362 0.08514905
vt 0.53303852 0.08610099
vt 0.53868464 0.08482734
vt 0.53827260 0.08599175
vt 0.53855805 0.07772802
vt 0.53801851 0.07659521
vt 0.53846874 0.08448201
vt 0.53789329 0.08550079
vt 0.53883003 0.07742874
vt 0.53847362 0.07604363
vt 0.52369341 0.10141058
vt 0.52439186 0.10141058
vt 0.52439186 0.09681090
vt 0.52369341 0.09681090
vt 0.52494463 0.10141058
vt 0.52494463 0.09681090
vt 0.52549716 0.10141058
vt 0.52549716 0.09681090
vt 0.52986836 0.07704481
vt 0.52805121 0.07699654
vt 0.52804170 0.07838108
vt 0.52985639 0.07842927
vt 0.54364447 0.07749823
vt 0.54362173 0.07888215
vt 0.54543536 0.07901590
vt 0.54546060 0.07763213
vt 0.52744845 0.09289174
vt 0.52754760 0.09166641
vt 0.52719814 0.09119439
vt 0.52688820 0.09235721
vt 0.52674414 0.08939461
vt 0.52637903 0.08994722
vt 0.54559578 0.09233433
vt 0.54566403 0.09356825
vt 0.54623703 0.09309049
vt 0.54595665 0.09189796
vt 0.54680602 0.09073439
vt 0.54645515 0.09014600
vt 0.55034285 0.08696154
vt 0.55176374 0.08705720
vt 0.55168108 0.08597693
vt 0.55034884 0.08600974
vt 0.52109350 0.08357986
vt 0.52110678 0.07799634
vt 0.52041805 0.07726962
vt 0.52036716 0.08441828
vt 0.52168050 0.07572689
vt 0.52172243 0.07711311
vt 0.52495307 0.07800306
vt 0.52501919 0.07664762
vt 0.55224463 0.08490500
vt 0.55294914 0.08581463
vt 0.55307711 0.07867006
vt 0.55237111 0.07932706
vt 0.55177838 0.07838321
vt 0.55185491 0.07700292
vt 0.54849746 0.07758831
vt 0.54852951 0.07894865
vt 0.52535447 0.08748731
vt 0.52560930 0.08662901
vt 0.52510659 0.08601146
vt 0.52486642 0.08683047
vt 0.54765798 0.08749762
vt 0.54789095 0.08838043
vt 0.54839492 0.08777325
vt 0.54817553 0.08693126
vt 0.52162948 0.08470704
vt 0.52151993 0.08577773
vt 0.52294136 0.08582424
vt 0.52295920 0.08487304
vt 0.55232494 0.08701732
vt 0.55195637 0.08579588
vt 0.55292073 0.07768275
vt 0.55234133 0.07873391
vt 0.55272111 0.08658307
vt 0.55218427 0.08548311
vt 0.55248688 0.07706613
vt 0.55208098 0.07839564
vt 0.53600348 0.09722702
vt 0.53600348 0.10182907
vt 0.53670215 0.10182907
vt 0.53670215 0.09722702
vt 0.53544614 0.10182907
vt 0.53545491 0.09722702
vt 0.53490123 0.09722702
vt 0.53489435 0.10182907
vt 0.52623405 0.07694497
vt 0.52622702 0.07832969
vt 0.54727675 0.07776327
vt 0.54724899 0.07914682
vt 0.52261984 0.10295689
vt 0.52199903 0.10295689
vt 0.52199903 0.10755895
vt 0.52261980 0.10755895
vt 0.52226446 0.09681090
vt 0.52226446 0.10141058
vt 0.52268596 0.10141058
vt 0.52268596 0.09681090
vt 0.52392774 0.10755895
vt 0.52392830 0.10295689
vt 0.52613531 0.10295689
vt 0.52554907 0.10295689
vt 0.52554501 0.10755895
vt 0.52613531 0.10755895
vt 0.52608676 0.10141058
vt 0.52608676 0.09681090
vt 0.52956808 0.10755895
vt 0.52957846 0.10295689
vt 0.52815659 0.10295689
vt 0.52814679 0.10755895
vt 0.52966726 0.10141058
vt 0.52966726 0.09681090
vt 0.52833574 0.09681090
vt 0.52833574 0.10141058
vt 0.52478855 0.11918495
vt 0.52478855 0.11458639
vt 0.52122042 0.11458639
vt 0.52122042 0.11918495
vt 0.52381460 0.11318474
vt 0.52381460 0.10858279
vt 0.52102377 0.10858279
vt 0.52102377 0.11318474
vt 0.53105847 0.11458639
vt 0.53105847 0.11918495
vt 0.53287473 0.11918495
vt 0.53287473 0.11458639
vt 0.52798612 0.11318474
vt 0.52798612 0.10858279
vt 0.52472544 0.10858279
vt 0.52472544 0.11318474
vt 0.52983555 0.11918495
vt 0.52983555 0.11458639
vt 0.52646881 0.11458639
vt 0.52646881 0.11918495
vt 0.52927037 0.11318474
vt 0.53108517 0.11318474
vt 0.53108517 0.10858279
vt 0.52927037 0.10858279
vt 0.53502069 0.08606604
vt 0.53463829 0.08486182
vt 0.52583685 0.11458639
vt 0.52583685 0.11918495
vt 0.52995685 0.09681090
vt 0.52995685 0.10141058
vt 0.52411252 0.11318474
vt 0.52411252 0.10858279
vt 0.52077453 0.11458639
vt 0.52077453 0.11918495
vt 0.53494266 0.07778420
vt 0.53550994 0.07670692
vt 0.53486256 0.08453863
vt 0.53541177 0.08561380
vt 0.53506920 0.07611034
vt 0.53467854 0.07745805
vt 0.53012951 0.10755895
vt 0.53014005 0.10295689
vt 0.52032362 0.11458639
vt 0.52032362 0.11918495
vt 0.52530545 0.11918495
vt 0.52530545 0.11458639
vt 0.52072863 0.10858279
vt 0.52072863 0.11318474
vt 0.52045229 0.10858279
vt 0.52045229 0.11318474
vt 0.52442284 0.10858279
vt 0.52442284 0.11318474
vt 0.52411252 0.10858279
vt 0.52411252 0.11318474
vt 0.53218881 0.08522736
vt 0.53226367 0.08618930
vt 0.52749053 0.10141058
vt 0.52749053 0.09681090
vt 0.52737562 0.10295689
vt 0.52737562 0.10755895
vt 0.54112189 0.08543785
vt 0.54102305 0.08639118
vt 0.53149799 0.08558958
vt 0.53161996 0.08648773
vt 0.52677679 0.09681090
vt 0.52677679 0.10141058
vt 0.52671114 0.10755895
vt 0.52671866 0.10295689
vt 0.54180278 0.08586884
vt 0.54165845 0.08675352
vt 0.52504571 0.10755895
vt 0.52504830 0.10295689
vt 0.54302482 0.08864824
vt 0.54331605 0.08790025
vt 0.52984520 0.08904236
vt 0.52956039 0.08827922
vt 0.52450663 0.10755895
vt 0.52450804 0.10295689
vt 0.52993564 0.08746662
vt 0.53020776 0.08824286
vt 0.54367044 0.08874932
vt 0.54336685 0.08948319
vt 0.53860418 0.10732016
vt 0.53860750 0.10271749
vt 0.53798648 0.10271749
vt 0.53798365 0.10732016
vt 0.53771001 0.09722702
vt 0.53771001 0.10182907
vt 0.53812519 0.10182907
vt 0.53813814 0.09722702
vt 0.53667781 0.10271749
vt 0.53667591 0.10732016
vt 0.53103159 0.10271749
vt 0.53103159 0.10732016
vt 0.53245320 0.10732016
vt 0.53245320 0.10271749
vt 0.53835628 0.10858279
vt 0.53835628 0.11318474
vt 0.54114754 0.11318474
vt 0.54114754 0.10858279
vt 0.54454157 0.11458639
vt 0.54096710 0.11458639
vt 0.54096706 0.11918495
vt 0.54454153 0.11918495
vt 0.53744531 0.11318474
vt 0.53744531 0.10858279
vt 0.53419179 0.10858279
vt 0.53417686 0.11318474
vt 0.53928468 0.11458639
vt 0.53589529 0.11458639
vt 0.53593451 0.11918495
vt 0.53928468 0.11918495
vt 0.53430792 0.10182907
vt 0.53430792 0.09722702
vt 0.53505938 0.10732016
vt 0.53505635 0.10271749
vt 0.53446702 0.10271749
vt 0.53447217 0.10732016
vt 0.53205729 0.10182907
vt 0.53205810 0.09722702
vt 0.53072539 0.09722702
vt 0.53072539 0.10182907
vt 0.52096052 0.08568183
vt 0.52135909 0.08449864
vt 0.52115136 0.07740686
vt 0.52059893 0.07629944
vt 0.53043563 0.09722702
vt 0.53043563 0.10182907
vt 0.53047008 0.10732016
vt 0.53047008 0.10271749
vt 0.53805830 0.10858279
vt 0.53805830 0.11318474
vt 0.54044943 0.11918495
vt 0.54044943 0.11458639
vt 0.52113931 0.08416331
vt 0.52057576 0.08520854
vt 0.52141987 0.07709528
vt 0.52104766 0.07572692
vt 0.54144272 0.11318474
vt 0.54171910 0.11318474
vt 0.54171910 0.10858279
vt 0.54144272 0.10858279
vt 0.54543977 0.11918495
vt 0.54544015 0.11458639
vt 0.54498836 0.11458639
vt 0.54498813 0.11918495
vt 0.53774794 0.10858279
vt 0.53774794 0.11318474
vt 0.53805830 0.11318474
vt 0.53805830 0.10858279
vt 0.53991734 0.11458639
vt 0.53991734 0.11918495
vt 0.52448821 0.08539759
vt 0.52435399 0.08628861
vt 0.53361906 0.09722702
vt 0.53361601 0.10182907
vt 0.54880856 0.08638003
vt 0.54892027 0.08728341
vt 0.53388654 0.10271749
vt 0.53389347 0.10732016
vt 0.52380264 0.08499742
vt 0.52371466 0.08595482
vt 0.53290425 0.09722702
vt 0.53290254 0.10182907
vt 0.54956720 0.08701452
vt 0.54950334 0.08604946
vt 0.53322513 0.10271749
vt 0.53323341 0.10732016
vt 0.52638816 0.08819216
vt 0.52609299 0.08893963
vt 0.54711691 0.08975668
vt 0.54684084 0.08898060
vt 0.53609783 0.10271749
vt 0.53609728 0.10732016
vt 0.52602421 0.08735951
vt 0.52574149 0.08812044
vt 0.54722520 0.08818549
vt 0.54748849 0.08897378
vt 0.53555730 0.10271749
vt 0.53555840 0.10732016
vt 0.53469134 0.11918495
vt 0.53469134 0.11458639
vt 0.53290185 0.10858279
vt 0.53289815 0.11318474
vt 0.53959184 0.10732016
vt 0.53959530 0.10271749
vt 0.53893794 0.09722702
vt 0.53893794 0.10182907
vt 0.59419166 0.15129958
vt 0.59554150 0.13429157
vt 0.60210699 0.14552807
vt 0.60076241 0.12853621
vt 0.60381261 0.14551149
vt 0.60507500 0.12849419
vt 0.61379000 0.19396436
vt 0.61380505 0.19561508
vt 0.62028038 0.19561508
vt 0.62028038 0.19396436
vt 0.62254388 0.19396436
vt 0.62140059 0.19396436
vt 0.62140059 0.19561508
vt 0.62254388 0.19561508
vt 0.61300504 0.19396436
vt 0.61301299 0.19561508
vt 0.61115319 0.19561508
vt 0.61116716 0.19396436
vt 0.61038159 0.19396436
vt 0.61036164 0.19561508
vt 0.60276912 0.19561508
vt 0.60276912 0.19396436
vt 0.60162551 0.19396436
vt 0.60162551 0.19561508
vt 0.60388941 0.19561508
vt 0.60388941 0.19396436
vt 0.59602727 0.13374413
vt 0.59558043 0.15241336
vt 0.60211646 0.12740916
vt 0.60259465 0.14607098
vt 0.62402378 0.19561508
vt 0.62402378 0.19396436
vt 0.61245096 0.19396436
vt 0.61245120 0.19561508
vt 0.59724671 0.13428913
vt 0.59676042 0.13374343
vt 0.59721918 0.15241092
vt 0.59860710 0.15129362
vt 0.60371476 0.12739356
vt 0.60332795 0.14606381
vt 0.60014514 0.19561508
vt 0.60014514 0.19396436
vt 0.61171786 0.19561508
vt 0.61171786 0.19396436
vt 0.62564051 0.19396436
vt 0.62564051 0.19561508
vt 0.59554150 0.13429157
vt 0.59419166 0.15129958
vt 0.60076241 0.12853621
vt 0.60210699 0.14552807
vt 0.60381261 0.14551149
vt 0.60507500 0.12849419
vt 0.61379000 0.19396436
vt 0.62028038 0.19396436
vt 0.62028038 0.19561508
vt 0.61380505 0.19561508
vt 0.62254388 0.19396436
vt 0.62254388 0.19561508
vt 0.62140059 0.19561508
vt 0.62140059 0.19396436
vt 0.61301299 0.19561508
vt 0.61300504 0.19396436
vt 0.61115319 0.19561508
vt 0.61036164 0.19561508
vt 0.61038159 0.19396436
vt 0.61116716 0.19396436
vt 0.60276912 0.19561508
vt 0.60162551 0.19561508
vt 0.60162551 0.19396436
vt 0.60276912 0.19396436
vt 0.60388941 0.19561508
vt 0.60388941 0.19396436
vt 0.59602727 0.13374413
vt 0.59558043 0.15241336
vt 0.60211646 0.12740916
vt 0.60259465 0.14607098
vt 0.62402378 0.19396436
vt 0.62402378 0.19561508
vt 0.61245096 0.19396436
vt 0.61245120 0.19561508
vt 0.59724671 0.13428913
vt 0.59860710 0.15129362
vt 0.59721918 0.15241092
vt 0.59676042 0.13374343
vt 0.60332795 0.14606381
vt 0.60371476 0.12739356
vt 0.60014514 0.19561508
vt 0.60014514 0.19396436
vt 0.61171786 0.19396436
vt 0.61171786 0.19561508
vt 0.62564051 0.19396436
vt 0.62564051 0.19561508
vt 0.62441588 0.22076670
vt 0.62536396 0.22076724
vt 0.62536477 0.21764553
vt 0.62441655 0.21764455
vt 0.62441572 0.22388866
vt 0.62536388 0.22388890
vt 0.62442005 0.19891240
vt 0.62441956 0.20203438
vt 0.62536772 0.20203506
vt 0.62536837 0.19891313
vt 0.62441899 0.20515628
vt 0.62536721 0.20515702
vt 0.62441849 0.20827846
vt 0.62536673 0.20827924
vt 0.62441810 0.21140067
vt 0.62536626 0.21140166
vt 0.62441727 0.21452259
vt 0.62536551 0.21452363
vt 0.58442231 0.23329730
vt 0.56909585 0.23079246
vt 0.55577657 0.21132139
vt 0.55577657 0.18068402
vt 0.55488566 0.18068402
vt 0.55488566 0.21130586
vt 0.55488566 0.21703371
vt 0.55488566 0.24715201
vt 0.55577657 0.24715201
vt 0.55577657 0.21703371
vt 0.55577657 0.21586670
vt 0.55488566 0.21586670
vt 0.62420585 0.24289627
vt 0.60874303 0.24551304
vt 0.55488566 0.21251035
vt 0.55577657 0.21248740
vt 0.55488566 0.21465243
vt 0.55577657 0.21465243
vt 0.55488566 0.21372714
vt 0.55577657 0.21372714
vt 0.60828562 0.23329426
vt 0.62361176 0.23079083
vt 0.55785054 0.21617118
vt 0.55697139 0.21617118
vt 0.55697139 0.24704913
vt 0.55785054 0.24704913
vt 0.53603091 0.16427915
vt 0.53603091 0.21231830
vt 0.53690221 0.21231830
vt 0.53690221 0.16427915
vt 0.55697139 0.21040863
vt 0.55785054 0.21040863
vt 0.55785054 0.17951834
vt 0.55697140 0.17951834
vt 0.55697139 0.21159992
vt 0.55785054 0.21159992
vt 0.58458252 0.24568357
vt 0.56911071 0.24328906
vt 0.53887113 0.16395308
vt 0.53799983 0.16395308
vt 0.53799983 0.21199246
vt 0.53887112 0.21199246
vt 0.55785054 0.21498099
vt 0.55697139 0.21498099
vt 0.55697139 0.21284548
vt 0.55785054 0.21281117
vt 0.55697139 0.21375347
vt 0.55785054 0.21375347
vt 0.58291675 0.20905980
vt 0.56756851 0.20716393
vt 0.59146435 0.20895414
vt 0.59265740 0.20891811
vt 0.59259323 0.19903211
vt 0.59137911 0.19906873
vt 0.55997584 0.21110948
vt 0.55997586 0.18020648
vt 0.55909514 0.18020648
vt 0.55909514 0.21110948
vt 0.54046706 0.19552326
vt 0.54134138 0.19552326
vt 0.54149354 0.19314435
vt 0.54062438 0.19314435
vt 0.55997586 0.24774036
vt 0.55997586 0.21687217
vt 0.55909516 0.21687217
vt 0.55909516 0.24774036
vt 0.55909516 0.21568331
vt 0.55997586 0.21568331
vt 0.54410839 0.19563489
vt 0.54376259 0.19327288
vt 0.54289281 0.19327288
vt 0.54323823 0.19563489
vt 0.58267775 0.21135380
vt 0.56720940 0.21384735
vt 0.59130061 0.21112090
vt 0.59131463 0.22100757
vt 0.59256684 0.22099484
vt 0.59252999 0.21110780
vt 0.54046706 0.21271308
vt 0.54134138 0.21271308
vt 0.54410839 0.21282567
vt 0.54323336 0.21282567
vt 0.55909516 0.21230207
vt 0.55997586 0.21230207
vt 0.55997586 0.21445724
vt 0.55909514 0.21445724
vt 0.55909514 0.21353171
vt 0.55997586 0.21353171
vt 0.62214121 0.20599094
vt 0.60681718 0.20854423
vt 0.59703448 0.19893580
vt 0.59707731 0.20882292
vt 0.59827061 0.20880735
vt 0.59824918 0.19892017
vt 0.56224667 0.21181073
vt 0.56224667 0.18090840
vt 0.56138972 0.18090840
vt 0.56138972 0.21181062
vt 0.54149354 0.18422212
vt 0.54081603 0.18188331
vt 0.53995099 0.18188331
vt 0.54062438 0.18422212
vt 0.54376259 0.18437025
vt 0.54289282 0.18432598
vt 0.56138972 0.21756911
vt 0.56138972 0.24839774
vt 0.56224667 0.24839774
vt 0.56224667 0.21756899
vt 0.56224667 0.21638246
vt 0.56138972 0.21638246
vt 0.54401911 0.18197589
vt 0.54314615 0.18197589
vt 0.60686945 0.21088579
vt 0.62235904 0.21279903
vt 0.59832650 0.22087039
vt 0.59824493 0.21098495
vt 0.59701539 0.21101979
vt 0.59707478 0.22090685
vt 0.54081598 0.16472380
vt 0.53995096 0.16472380
vt 0.54401716 0.16478512
vt 0.54314430 0.16478512
vt 0.56138972 0.21300377
vt 0.56224667 0.21300377
vt 0.56224667 0.21515916
vt 0.56138972 0.21515916
vt 0.56224667 0.21423462
vt 0.56138972 0.21423462
f 1/1 2/2 3/3
f 1/1 3/3 4/4
f 1/1 4/4 5/5
f 1/1 5/5 6/6
f 7/7 8/8 9/9
f 7/7 9/9 10/10
f 11/11 8/8 12/12
f 11/11 12/12 13/13
f 3/3 14/14 15/15
f 3/3 15/15 4/4
f 4/4 15/15 16/16
f 4/4 16/16 5/5
f 8/8 11/11 17/17
f 8/8 17/17 9/9
f 8/8 7/7 18/18
f 8/8 18/18 12/12
f 19/19 20/20 21/21
f 20/20 22/22 21/21
f 22/22 23/23 21/21
f 23/23 24/24 21/21
f 24/24 25/25 21/21
f 25/25 26/26 21/21
f 26/26 27/27 21/21
f 27/27 28/28 21/21
f 28/28 29/29 21/21
f 29/29 19/19 21/21
f 30/30 31/31 32/32
f 30/30 32/32 33/33
f 34/34 35/35 30/30
f 34/34 30/30 33/33
f 34/34 36/36 37/37
f 34/34 37/37 35/35
f 38/38 37/37 36/36
f 38/38 36/36 39/39
f 39/39 40/40 41/41
f 39/39 41/41 38/38
f 42/42 43/43 41/41
f 42/42 41/41 44/44
f 43/43 42/42 45/45
f 43/43 45/45 46/46
f 46/46 45/45 47/47
f 46/46 47/47 48/48
f 49/49 50/50 48/48
f 49/49 48/48 47/47
f 31/31 50/50 49/49
f 31/31 49/49 32/32
f 51/51 33/33 32/32
f 51/51 32/32 52/52
f 53/53 34/34 33/33
f 53/53 33/33 51/51
f 53/53 54/54 36/36
f 53/53 36/36 34/34
f 55/55 39/39 36/36
f 55/55 36/36 54/54
f 40/40 39/39 55/55
f 40/40 55/55 56/56
f 44/44 57/57 58/58
f 44/44 58/58 42/42
f 58/58 59/59 45/45
f 58/58 45/45 42/42
f 60/60 47/47 45/45
f 60/60 45/45 59/59
f 49/49 47/47 60/60
f 49/49 60/60 61/61
f 52/52 32/32 49/49
f 52/52 49/49 61/61
f 62/62 63/63 64/64
f 65/65 66/66 67/67
f 62/62 68/68 69/69
f 66/66 70/70 71/71
f 62/62 69/69 72/72
f 67/67 66/66 71/71
f 73/73 74/74 75/75
f 76/76 77/77 78/78
f 73/73 79/79 80/80
f 78/78 81/81 82/82
f 73/73 75/75 79/79
f 77/77 83/83 78/78
f 73/73 84/84 74/74
f 78/78 83/83 81/81
f 66/66 85/85 70/70
f 62/62 72/72 63/63
f 86/86 87/87 88/88
f 86/86 88/88 89/89
f 90/90 91/91 92/92
f 90/90 92/92 93/93
f 94/94 95/95 96/96
f 94/94 96/96 97/97
f 98/98 99/99 100/100
f 98/98 100/100 101/101
f 102/102 103/103 104/104
f 102/102 104/104 105/105
f 106/106 107/107 108/108
f 106/106 108/108 109/109
f 110/110 111/111 112/112
f 110/110 112/112 113/113
f 114/114 115/115 116/116
f 114/114 116/116 117/117
f 118/118 119/119 120/120
f 118/118 120/120 121/121
f 122/122 123/123 124/124
f 122/122 124/124 125/125
f 126/126 127/127 128/128
f 126/126 128/128 129/129
f 130/130 131/131 132/132
f 130/130 132/132 133/133
f 99/99 127/127 126/126
f 99/99 126/126 100/100
f 105/105 104/104 131/131
f 105/105 131/131 130/130
f 134/134 135/135 136/136
f 134/134 136/136 137/137
f 138/138 139/139 140/140
f 138/138 140/140 141/141
f 142/142 143/143 144/144
f 142/142 144/144 145/145
f 146/146 147/147 148/148
f 146/146 148/148 149/149
f 150/150 151/151 152/152
f 150/150 152/152 153/153
f 154/154 155/155 156/156
f 154/154 156/156 157/157
f 158/158 159/159 160/160
f 158/158 160/160 161/161
f 162/162 163/163 164/164
f 162/162 164/164 165/165
f 166/166 167/167 168/168
f 166/166 168/168 169/169
f 170/170 171/171 172/172
f 170/170 172/172 173/173
f 174/174 175/175 176/176
f 174/174 176/176 177/177
f 178/178 179/179 180/180
f 178/178 180/180 181/181
f 149/149 148/148 174/174
f 149/149 174/174 177/177
f 151/151 178/178 181/181
f 151/151 181/181 152/152
f 182/182 183/183 184/184
f 182/182 184/184 185/185
f 186/186 187/187 188/188
f 186/186 188/188 189/189
f 190/190 191/191 192/192
f 190/190 192/192 193/193
f 194/194 195/195 196/196
f 194/194 196/196 197/197
f 195/195 198/198 199/199
f 195/195 199/199 196/196
f 200/200 192/192 191/191
f 200/200 191/191 201/201
f 202/202 203/203 204/204
f 202/202 204/204 205/205
f 204/204 206/206 207/207
f 204/204 207/207 205/205
f 208/208 209/209 207/207
f 208/208 207/207 206/206
f 209/209 208/208 210/210
f 209/209 210/210 211/211
f 212/212 213/213 214/214
f 212/212 214/214 215/215
f 215/215 214/214 216/216
f 215/215 216/216 217/217
f 218/218 203/203 202/202
f 218/218 202/202 219/219
f 219/219 211/211 210/210
f 219/219 210/210 218/218
f 205/205 220/220 221/221
f 205/205 221/221 202/202
f 222/222 223/223 224/224
f 222/222 224/224 225/225
f 226/226 227/227 225/225
f 226/226 225/225 224/224
f 211/211 228/228 229/229
f 211/211 229/229 209/209
f 230/230 231/231 232/232
f 230/230 232/232 233/233
f 234/234 231/231 230/230
f 234/234 230/230 235/235
f 236/236 237/237 238/238
f 236/236 238/238 239/239
f 240/240 241/241 242/242
f 240/240 242/242 243/243
f 244/244 245/245 246/246
f 244/244 246/246 247/247
f 248/248 249/249 250/250
f 248/248 250/250 251/251
f 252/252 253/253 254/254
f 252/252 254/254 255/255
f 256/256 257/257 258/258
f 256/256 258/258 259/259
f 260/260 261/261 262/262
f 260/260 262/262 263/263
f 264/264 265/265 266/266
f 264/264 266/266 267/267
f 268/268 269/269 270/270
f 268/268 270/270 271/271
f 272/272 273/273 274/274
f 272/272 274/274 275/275
f 276/276 277/277 278/278
f 276/276 278/278 279/279
f 280/280 281/281 282/282
f 280/280 282/282 283/283
f 284/284 285/285 286/286
f 284/284 286/286 287/287
f 288/288 289/289 290/290
f 288/288 290/290 291/291
f 292/292 293/293 294/294
f 292/292 294/294 295/295
f 294/294 293/293 296/296
f 294/294 296/296 297/297
f 298/298 297/297 296/296
f 298/298 296/296 299/299
f 300/300 301/301 302/302
f 300/300 302/302 303/303
f 304/304 305/305 306/306
f 304/304 306/306 307/307
f 308/308 309/309 310/310
f 308/308 310/310 311/311
f 312/312 313/313 314/314
f 312/312 314/314 315/315
f 276/276 279/279 312/312
f 276/276 312/312 315/315
f 316/316 317/317 318/318
f 316/316 319/319 317/317
f 316/316 320/320 319/319
f 316/316 321/321 320/320
f 316/316 322/322 321/321
f 316/316 323/323 322/322
f 316/316 324/324 323/323
f 316/316 325/325 324/324
f 316/316 326/326 325/325
f 316/316 327/327 326/326
f 316/316 328/328 327/327
f 316/316 318/318 328/328
f 329/329 330/330 331/331
f 329/329 331/331 332/332
f 329/329 332/332 333/333
f 329/329 333/333 334/334
f 329/329 334/334 335/335
f 329/329 335/335 336/336
f 329/329 336/336 337/337
f 329/329 337/337 338/338
f 329/329 338/338 339/339
f 329/329 339/339 340/340
f 329/329 340/340 341/341
f 329/329 341/341 330/330
f 342/342 343/343 318/318
f 342/342 318/318 317/317
f 342/342 317/317 319/319
f 342/342 319/319 344/344
f 320/320 345/345 344/344
f 320/320 344/344 319/319
f 320/320 321/321 346/346
f 320/320 346/346 345/345
f 347/347 346/346 321/321
f 347/347 321/321 322/322
f 347/347 322/322 323/323
f 347/347 323/323 348/348
f 349/349 348/348 323/323
f 349/349 323/323 324/324
f 325/325 350/350 349/349
f 325/325 349/349 324/324
f 350/350 325/325 326/326
f 350/350 326/326 351/351
f 351/351 326/326 327/327
f 351/351 327/327 352/352
f 327/327 328/328 353/353
f 327/327 353/353 352/352
f 353/353 328/328 318/318
f 353/353 318/318 343/343
f 354/354 355/355 343/343
f 354/354 343/343 342/342
f 354/354 342/342 344/344
f 354/354 344/344 356/356
f 357/357 356/356 344/344
f 357/357 344/344 345/345
f 346/346 358/358 357/357
f 346/346 357/357 345/345
f 359/359 358/358 346/346
f 359/359 346/346 347/347
f 348/348 360/360 359/359
f 348/348 359/359 347/347
f 349/349 361/361 360/360
f 349/349 360/360 348/348
f 349/349 350/350 362/362
f 349/349 362/362 361/361
f 363/363 362/362 350/350
f 363/363 350/350 351/351
f 364/364 363/363 351/351
f 364/364 351/351 352/352
f 353/353 365/365 364/364
f 353/353 364/364 352/352
f 353/353 343/343 355/355
f 353/353 355/355 365/365
f 366/366 331/331 330/330
f 366/366 330/330 367/367
f 366/366 368/368 332/332
f 366/366 332/332 331/331
f 333/333 332/332 368/368
f 333/333 368/368 369/369
f 333/333 369/369 370/370
f 333/333 370/370 334/334
f 371/371 335/335 334/334
f 371/371 334/334 370/370
f 371/371 372/372 336/336
f 371/371 336/336 335/335
f 373/373 337/337 336/336
f 373/373 336/336 372/372
f 338/338 337/337 373/373
f 338/338 373/373 374/374
f 374/374 375/375 339/339
f 374/374 339/339 338/338
f 375/375 376/376 340/340
f 375/375 340/340 339/339
f 340/340 376/376 377/377
f 340/340 377/377 341/341
f 377/377 367/367 330/330
f 377/377 330/330 341/341
f 378/378 366/366 367/367
f 378/378 367/367 379/379
f 378/378 380/380 368/368
f 378/378 368/368 366/366
f 381/381 369/369 368/368
f 381/381 368/368 380/380
f 370/370 369/369 381/381
f 370/370 381/381 382/382
f 383/383 371/371 370/370
f 383/383 370/370 382/382
f 372/372 371/371 383/383
f 372/372 383/383 384/384
f 373/373 372/372 384/384
f 373/373 384/384 385/385
f 373/373 385/385 386/386
f 373/373 386/386 374/374
f 387/387 375/375 374/374
f 387/387 374/374 386/386
f 388/388 376/376 375/375
f 388/388 375/375 387/387
f 377/377 376/376 388/388
f 377/377 388/388 389/389
f 377/377 389/389 379/379
f 377/377 379/379 367/367
f 390/390 391/391 392/392
f 392/392 391/391 393/393
f 393/393 391/391 394/394
f 394/394 391/391 395/395
f 395/395 391/391 396/396
f 396/396 391/391 397/397
f 397/397 391/391 398/398
f 398/398 391/391 390/390
f 399/399 400/400 401/401
f 399/399 401/401 402/402
f 403/403 404/404 402/402
f 403/403 402/402 401/401
f 404/404 403/403 405/405
f 404/404 405/405 406/406
f 407/407 408/408 406/406
f 407/407 406/406 405/405
f 408/408 407/407 409/409
f 408/408 409/409 410/410
f 410/410 409/409 411/411
f 410/410 411/411 412/412
f 413/413 414/414 415/415
f 413/413 415/415 416/416
f 400/400 399/399 416/416
f 400/400 416/416 415/415
f 417/417 418/418 419/419
f 419/419 418/418 420/420
f 420/420 418/418 421/421
f 421/421 418/418 422/422
f 422/422 418/418 423/423
f 423/423 418/418 424/424
f 424/424 418/418 425/425
f 425/425 418/418 426/426
f 426/426 418/418 427/427
f 427/427 418/418 428/428
f 428/428 418/418 429/429
f 429/429 418/418 430/430
f 430/430 418/418 431/431
f 431/431 418/418 432/432
f 432/432 418/418 433/433
f 433/433 418/418 417/417
f 434/434 435/435 436/436
f 436/436 435/435 437/437
f 437/437 435/435 438/438
f 438/438 435/435 439/439
f 439/439 435/435 440/440
f 440/440 435/435 441/441
f 441/441 435/435 442/442
f 442/442 435/435 443/443
f 443/443 435/435 444/444
f 444/444 435/435 445/445
f 445/445 435/435 446/446
f 446/446 435/435 447/447
f 447/447 435/435 448/448
f 448/448 435/435 449/449
f 449/449 435/435 450/450
f 450/450 435/435 434/434
f 451/451 452/452 453/453
f 451/451 453/453 454/454
f 455/455 451/451 454/454
f 455/455 454/454 456/456
f 457/457 458/458 455/455
f 457/457 455/455 456/456
f 458/458 457/457 459/459
f 458/458 459/459 460/460
f 460/460 459/459 461/461
f 460/460 461/461 462/462
f 463/463 462/462 461/461
f 463/463 461/461 464/464
f 465/465 466/466 467/467
f 465/465 467/467 468/468
f 465/465 469/469 470/470
f 465/465 470/470 466/466
f 471/471 470/470 469/469
f 471/471 469/469 472/472
f 473/473 474/474 471/471
f 473/473 471/471 472/472
f 474/474 473/473 475/475
f 474/474 475/475 476/476
f 477/477 478/478 476/476
f 477/477 476/476 475/475
f 478/478 477/477 479/479
f 478/478 479/479 480/480
f 481/481 480/480 479/479
f 481/481 479/479 482/482
f 483/483 484/484 481/481
f 483/483 481/481 482/482
f 484/484 483/483 453/453
f 484/484 453/453 452/452
f 485/485 486/486 487/487
f 485/485 487/487 488/488
f 486/486 485/485 489/489
f 486/486 489/489 490/490
f 489/489 491/491 492/492
f 489/489 492/492 490/490
f 492/492 491/491 493/493
f 492/492 493/493 494/494
f 493/493 495/495 496/496
f 493/493 496/496 494/494
f 497/497 498/498 496/496
f 497/497 496/496 495/495
f 498/498 497/497 499/499
f 498/498 499/499 500/500
f 499/499 501/501 502/502
f 499/499 502/502 500/500
f 501/501 503/503 504/504
f 501/501 504/504 502/502
f 503/503 505/505 506/506
f 503/503 506/506 504/504
f 506/506 505/505 507/507
f 506/506 507/507 508/508
f 507/507 509/509 510/510
f 507/507 510/510 508/508
f 511/511 512/512 510/510
f 511/511 510/510 509/509
f 513/513 512/512 511/511
f 513/513 511/511 514/514
f 514/514 515/515 516/516
f 514/514 516/516 513/513
f 515/515 488/488 487/487
f 515/515 487/487 516/516
f 517/517 518/518 519/519
f 517/517 519/519 520/520
f 521/521 522/522 520/520
f 521/521 520/520 519/519
f 523/523 524/524 522/522
f 523/523 522/522 521/521
f 523/523 525/525 526/526
f 523/523 526/526 524/524
f 526/526 525/525 527/527
f 526/526 527/527 528/528
f 527/527 529/529 530/530
f 527/527 530/530 528/528
f 529/529 531/531 532/532
f 529/529 532/532 530/530
f 533/533 532/532 531/531
f 533/533 531/531 534/534
f 535/535 533/533 534/534
f 535/535 534/534 536/536
f 537/537 538/538 539/539
f 537/537 539/539 540/540
f 541/541 538/538 537/537
f 541/541 537/537 542/542
f 543/543 544/544 541/541
f 543/543 541/541 542/542
f 543/543 545/545 546/546
f 543/543 546/546 544/544
f 545/545 547/547 548/548
f 545/545 548/548 546/546
f 549/549 548/548 547/547
f 549/549 547/547 550/550
f 518/518 517/517 549/549
f 518/518 549/549 550/550
f 551/551 552/552 553/553
f 552/552 554/554 553/553
f 554/554 555/555 553/553
f 555/555 556/556 553/553
f 556/556 557/557 553/553
f 557/557 558/558 553/553
f 558/558 559/559 553/553
f 559/559 560/560 553/553
f 560/560 561/561 553/553
f 561/561 562/562 553/553
f 562/562 563/563 553/553
f 563/563 564/564 553/553
f 564/564 565/565 553/553
f 565/565 566/566 553/553
f 566/566 567/567 553/553
f 567/567 551/551 553/553
f 568/568 569/569 570/570
f 569/569 571/571 570/570
f 571/571 572/572 570/570
f 572/572 573/573 570/570
f 573/573 574/574 570/570
f 574/574 575/575 570/570
f 575/575 576/576 570/570
f 576/576 577/577 570/570
f 577/577 578/578 570/570
f 578/578 579/579 570/570
f 579/579 580/580 570/570
f 580/580 581/581 570/570
f 581/581 582/582 570/570
f 582/582 583/583 570/570
f 583/583 584/584 570/570
f 584/584 568/568 570/570
f 585/585 586/586 587/587
f 585/585 587/587 588/588
f 589/589 590/590 586/586
f 589/589 586/586 585/585
f 591/591 590/590 589/589
f 591/591 589/589 592/592
f 592/592 593/593 594/594
f 592/592 594/594 591/591
f 593/593 595/595 596/596
f 593/593 596/596 594/594
f 597/597 598/598 596/596
f 597/597 596/596 595/595
f 599/599 600/600 601/601
f 599/599 601/601 602/602
f 599/599 602/602 603/603
f 599/599 603/603 604/604
f 605/605 606/606 604/604
f 605/605 604/604 603/603
f 607/607 606/606 605/605
f 607/607 605/605 608/608
f 608/608 609/609 610/610
f 608/608 610/610 607/607
f 611/611 610/610 609/609
f 611/611 609/609 612/612
f 612/612 613/613 614/614
f 612/612 614/614 611/611
f 615/615 616/616 614/614
f 615/615 614/614 613/613
f 617/617 616/616 615/615
f 617/617 615/615 618/618
f 618/618 588/588 587/587
f 618/618 587/587 617/617
f 619/619 620/620 621/621
f 619/619 621/621 622/622
f 622/622 623/623 624/624
f 622/622 624/624 619/619
f 624/624 623/623 625/625
f 624/624 625/625 626/626
f 625/625 627/627 628/628
f 625/625 628/628 626/626
f 628/628 627/627 629/629
f 628/628 629/629 630/630
f 631/631 630/630 629/629
f 631/631 629/629 632/632
f 632/632 633/633 634/634
f 632/632 634/634 631/631
f 634/634 633/633 635/635
f 634/634 635/635 636/636
f 636/636 635/635 637/637
f 636/636 637/637 638/638
f 638/638 637/637 639/639
f 638/638 639/639 640/640
f 639/639 641/641 642/642
f 639/639 642/642 640/640
f 642/642 641/641 643/643
f 642/642 643/643 644/644
f 645/645 644/644 643/643
f 645/645 643/643 646/646
f 647/647 648/648 645/645
f 647/647 645/645 646/646
f 648/648 647/647 649/649
f 648/648 649/649 650/650
f 650/650 649/649 621/621
f 650/650 621/621 620/620
f 651/651 652/652 653/653
f 651/651 653/653 654/654
f 655/655 653/653 652/652
f 655/655 652/652 656/656
f 657/657 655/655 656/656
f 657/657 656/656 658/658
f 657/657 658/658 659/659
f 657/657 659/659 660/660
f 659/659 661/661 662/662
f 659/659 662/662 660/660
f 662/662 661/661 663/663
f 662/662 663/663 664/664
f 664/664 663/663 665/665
f 664/664 665/665 666/666
f 667/667 668/668 666/666
f 667/667 666/666 665/665
f 669/669 670/670 668/668
f 669/669 668/668 667/667
f 671/671 672/672 673/673
f 671/671 673/673 674/674
f 675/675 676/676 671/671
f 675/675 671/671 674/674
f 677/677 676/676 675/675
f 677/677 675/675 678/678
f 677/677 678/678 679/679
f 677/677 679/679 680/680
f 680/680 679/679 681/681
f 680/680 681/681 682/682
f 683/683 684/684 682/682
f 683/683 682/682 681/681
f 654/654 684/684 683/683
f 654/654 683/683 651/651
f 685/685 686/686 687/687
f 685/685 688/688 686/686
f 688/688 689/689 686/686
f 689/689 690/690 686/686
f 690/690 691/691 686/686
f 691/691 692/692 686/686
f 692/692 693/693 686/686
f 693/693 687/687 686/686
f 694/694 695/695 696/696
f 694/694 696/696 697/697
f 698/698 699/699 695/695
f 698/698 695/695 694/694
f 698/698 700/700 701/701
f 698/698 701/701 699/699
f 702/702 703/703 701/701
f 702/702 701/701 700/700
f 703/703 702/702 704/704
f 703/703 704/704 705/705
f 705/705 704/704 706/706
f 705/705 706/706 707/707
f 707/707 706/706 708/708
f 707/707 708/708 709/709
f 697/697 696/696 710/710
f 697/697 710/710 711/711
f 712/712 713/713 714/714
f 712/712 715/715 713/713
f 712/712 716/716 715/715
f 712/712 717/717 716/716
f 718/718 719/719 720/720
f 721/721 720/720 722/722
f 723/723 720/720 719/719
f 722/722 720/720 723/723
f 724/724 725/725 726/726
f 725/725 727/727 726/726
f 727/727 728/728 726/726
f 728/728 729/729 726/726
f 730/730 731/731 732/732
f 733/733 734/734 731/731
f 735/735 732/732 731/731
f 734/734 735/735 731/731
f 736/736 737/737 738/738
f 736/736 738/738 739/739
f 740/740 741/741 742/742
f 740/740 742/742 743/743
f 744/744 745/745 746/746
f 744/744 746/746 747/747
f 748/748 749/749 750/750
f 748/748 750/750 751/751
f 752/752 753/753 754/754
f 752/752 754/754 755/755
f 756/756 757/757 758/758
f 756/756 758/758 759/759
f 760/760 761/761 762/762
f 760/760 762/762 763/763
f 764/764 765/765 766/766
f 764/764 766/766 767/767
f 768/768 769/769 770/770
f 768/768 770/770 771/771
f 772/772 773/773 774/774
f 772/772 774/774 775/775
f 776/776 777/777 778/778
f 776/776 778/778 779/779
f 780/780 781/781 782/782
f 780/780 782/782 783/783
f 784/784 785/785 786/786
f 784/784 786/786 787/787
f 788/788 789/789 790/790
f 788/788 790/790 791/791
f 736/736 781/781 780/780
f 736/736 780/780 737/737
f 742/742 741/741 786/786
f 742/742 786/786 785/785
f 712/712 791/791 790/790
f 712/712 790/790 792/792
f 747/747 793/793 794/794
f 747/747 794/794 744/744
f 795/795 796/796 797/797
f 795/795 797/797 798/798
f 755/755 754/754 799/799
f 755/755 799/799 800/800
f 801/801 802/802 803/803
f 801/801 803/803 804/804
f 752/752 764/764 767/767
f 752/752 767/767 753/753
f 771/771 758/758 757/757
f 771/771 757/757 768/768
f 805/805 806/806 807/807
f 805/805 807/807 808/808
f 766/766 765/765 776/776
f 766/766 776/776 779/779
f 777/777 789/789 788/788
f 777/777 788/788 778/778
f 809/809 810/810 811/811
f 809/809 811/811 812/812
f 792/792 813/813 717/717
f 792/792 717/717 712/712
f 814/814 815/815 804/804
f 814/814 804/804 803/803
f 807/807 806/806 802/802
f 807/807 802/802 801/801
f 805/805 808/808 810/810
f 805/805 810/810 809/809
f 811/811 816/816 817/817
f 811/811 817/817 812/812
f 816/816 720/720 818/818
f 816/816 818/818 817/817
f 819/819 818/818 720/720
f 819/819 720/720 721/721
f 814/814 820/820 821/821
f 814/814 821/821 815/815
f 822/822 823/823 824/824
f 822/822 824/824 825/825
f 826/826 827/827 828/828
f 826/826 828/828 829/829
f 822/822 830/830 831/831
f 822/822 831/831 823/823
f 829/829 832/832 833/833
f 829/829 833/833 826/826
f 830/830 833/833 832/832
f 830/830 832/832 831/831
f 745/745 756/756 759/759
f 745/745 759/759 746/746
f 750/750 749/749 763/763
f 750/750 763/763 762/762
f 761/761 760/760 834/834
f 761/761 834/834 835/835
f 769/769 783/783 782/782
f 769/769 782/782 770/770
f 772/772 784/784 787/787
f 772/772 787/787 773/773
f 836/836 837/837 838/838
f 836/836 838/838 839/839
f 840/840 841/841 842/842
f 840/840 842/842 843/843
f 844/844 845/845 846/846
f 844/844 846/846 847/847
f 848/848 849/849 850/850
f 848/848 850/850 851/851
f 852/852 853/853 854/854
f 852/852 854/854 855/855
f 856/856 857/857 858/858
f 856/856 858/858 859/859
f 860/860 861/861 862/862
f 860/860 862/862 863/863
f 864/864 865/865 866/866
f 864/864 866/866 867/867
f 868/868 869/869 870/870
f 868/868 870/870 871/871
f 872/872 873/873 874/874
f 872/872 874/874 875/875
f 876/876 877/877 878/878
f 876/876 878/878 879/879
f 880/880 881/881 882/882
f 880/880 882/882 883/883
f 884/884 885/885 886/886
f 884/884 886/886 887/887
f 888/888 889/889 890/890
f 888/888 890/890 891/891
f 839/839 882/882 881/881
f 839/839 881/881 836/836
f 842/842 886/886 885/885
f 842/842 885/885 843/843
f 892/892 890/890 889/889
f 892/892 889/889 726/726
f 893/893 844/844 847/847
f 893/893 847/847 894/894
f 895/895 896/896 897/897
f 895/895 897/897 898/898
f 855/855 854/854 800/800
f 855/855 800/800 799/799
f 899/899 900/900 901/901
f 899/899 901/901 902/902
f 853/853 852/852 865/865
f 853/853 865/865 864/864
f 871/871 856/856 859/859
f 871/871 859/859 868/868
f 891/891 878/878 877/877
f 891/891 877/877 888/888
f 903/903 904/904 905/905
f 903/903 905/905 906/906
f 726/726 729/729 907/907
f 726/726 907/907 892/892
f 908/908 909/909 910/910
f 908/908 910/910 911/911
f 899/899 902/902 912/912
f 899/899 912/912 913/913
f 900/900 914/914 915/915
f 900/900 915/915 901/901
f 916/916 906/906 905/905
f 916/916 905/905 917/917
f 904/904 903/903 918/918
f 904/904 918/918 919/919
f 920/920 731/731 919/919
f 920/920 919/919 918/918
f 921/921 733/733 731/731
f 921/921 731/731 920/920
f 912/912 821/821 820/820
f 912/912 820/820 913/913
f 922/922 923/923 924/924
f 922/922 924/924 925/925
f 926/926 927/927 922/922
f 926/926 922/922 925/925
f 928/928 911/911 910/910
f 928/928 910/910 929/929
f 929/929 927/927 926/926
f 929/929 926/926 928/928
f 858/858 857/857 846/846
f 858/858 846/846 845/845
f 863/863 850/850 849/849
f 863/863 849/849 860/860
f 916/916 917/917 915/915
f 916/916 915/915 914/914
f 876/876 879/879 867/867
f 876/876 867/867 866/866
f 861/861 872/872 875/875
f 861/861 875/875 862/862
f 883/883 870/870 869/869
f 883/883 869/869 880/880
f 873/873 884/884 887/887
f 873/873 887/887 874/874
f 930/930 931/931 932/932
f 933/933 934/934 935/935
f 936/936 933/933 931/931
f 933/933 937/937 934/934
f 938/938 933/933 939/939
f 933/933 940/940 941/941
f 942/942 943/943 944/944
f 945/945 946/946 947/947
f 942/942 948/948 943/943
f 949/949 942/942 946/946
f 942/942 950/950 951/951
f 952/952 942/942 953/953
f 936/936 954/954 933/933
f 933/933 955/955 937/937
f 942/942 956/956 948/948
f 949/949 957/957 942/942
f 954/954 939/939 933/933
f 933/933 941/941 955/955
f 942/942 951/951 956/956
f 957/957 953/953 942/942
f 942/942 958/958 950/950
f 952/952 958/958 942/942
f 946/946 942/942 947/947
f 943/943 959/959 944/944
f 938/938 960/960 933/933
f 933/933 960/960 940/940
f 934/934 961/961 935/935
f 931/931 933/933 932/932
f 962/962 963/963 964/964
f 962/962 964/964 965/965
f 966/966 967/967 968/968
f 966/966 968/968 969/969
f 970/970 971/971 972/972
f 970/970 972/972 973/973
f 974/974 975/975 976/976
f 974/974 976/976 977/977
f 978/978 979/979 980/980
f 978/978 980/980 981/981
f 982/982 983/983 984/984
f 982/982 984/984 985/985
f 986/986 987/987 968/968
f 986/986 968/968 967/967
f 974/974 987/987 986/986
f 974/974 986/986 975/975
f 988/988 989/989 990/990
f 988/988 990/990 991/991
f 992/992 993/993 994/994
f 992/992 994/994 995/995
f 988/988 991/991 996/996
f 988/988 996/996 997/997
f 998/998 999/999 1000/1000
f 998/998 1000/1000 1001/1001
f 981/981 980/980 1002/1002
f 981/981 1002/1002 1003/1003
f 1004/1004 1005/1005 982/982
f 1004/1004 982/982 985/985
f 1003/1003 1002/1002 995/995
f 1003/1003 995/995 994/994
f 1005/1005 1004/1004 998/998
f 1005/1005 998/998 1001/1001
f 1006/1006 1007/1007 1008/1008
f 1009/1009 1010/1010 1011/1011
f 1012/1012 1013/1013 1014/1014
f 1015/1015 1016/1016 1017/1017
f 1018/1018 1019/1019 1020/1020
f 1021/1021 1022/1022 1023/1023
f 1024/1024 1025/1025 1021/1021
f 1026/1026 1027/1027 1028/1028
f 1029/1029 1030/1030 1031/1031
f 1032/1032 1033/1033 1034/1034
f 1035/1035 1036/1036 1021/1021
f 1037/1037 1035/1035 1021/1021
f 1027/1027 1038/1038 1039/1039
f 1040/1040 1041/1041 1027/1027
f 1030/1030 1042/1042 1043/1043
f 1043/1043 1044/1044 1033/1033
f 1027/1027 1039/1039 1045/1045
f 1046/1046 1040/1040 1027/1027
f 1042/1042 1047/1047 1043/1043
f 1048/1048 1049/1049 1019/1019
f 1019/1019 1050/1050 1051/1051
f 1019/1019 1051/1051 1052/1052
f 1019/1019 1053/1053 1020/1020
f 1023/1023 1054/1054 1021/1021
f 1055/1055 1050/1050 1019/1019
f 1049/1049 1055/1055 1019/1019
f 1019/1019 1052/1052 1056/1056
f 1019/1019 1056/1056 1053/1053
f 1021/1021 1036/1036 1057/1057
f 1058/1058 1037/1037 1021/1021
f 1021/1021 1057/1057 1022/1022
f 1025/1025 1058/1058 1021/1021
f 1026/1026 1046/1046 1027/1027
f 1027/1027 1045/1045 1028/1028
f 1059/1059 1044/1044 1043/1043
f 1047/1047 1059/1059 1043/1043
f 1060/1060 1048/1048 1019/1019
f 1018/1018 1060/1060 1019/1019
f 1061/1061 1024/1024 1021/1021
f 1054/1054 1061/1061 1021/1021
f 1030/1030 1043/1043 1031/1031
f 1032/1032 1043/1043 1033/1033
f 1038/1038 1062/1062 1039/1039
f 1040/1040 1063/1063 1041/1041
f 1011/1011 1064/1064 1065/1065
f 1011/1011 1065/1065 1009/1009
f 1015/1015 1017/1017 1066/1066
f 1015/1015 1066/1066 1067/1067
f 1068/1068 1012/1012 1014/1014
f 1068/1068 1014/1014 1069/1069
f 1070/1070 1071/1071 1072/1072
f 1070/1070 1072/1072 1073/1073
f 1074/1074 1075/1075 1076/1076
f 1074/1074 1076/1076 1077/1077
f 1071/1071 1070/1070 1078/1078
f 1071/1071 1078/1078 1079/1079
f 1080/1080 1081/1081 1082/1082
f 1080/1080 1082/1082 1083/1083
f 1084/1084 1085/1085 1086/1086
f 1084/1084 1086/1086 1087/1087
f 1088/1088 1083/1083 1082/1082
f 1088/1088 1082/1082 1089/1089
f 1090/1090 1065/1065 1064/1064
f 1090/1090 1064/1064 1091/1091
f 1092/1092 1067/1067 1066/1066
f 1092/1092 1066/1066 1093/1093
f 1077/1077 1094/1094 1095/1095
f 1077/1077 1095/1095 1074/1074
f 1096/1096 1097/1097 1079/1079
f 1096/1096 1079/1079 1078/1078
f 1098/1098 1099/1099 1100/1100
f 1098/1098 1100/1100 1101/1101
f 1068/1068 1069/1069 1102/1102
f 1068/1068 1102/1102 1103/1103
f 1104/1104 1087/1087 1086/1086
f 1104/1104 1086/1086 1105/1105
f 1080/1080 1106/1106 1107/1107
f 1080/1080 1107/1107 1081/1081
f 1072/1072 1076/1076 1075/1075
f 1072/1072 1075/1075 1073/1073
f 1085/1085 1084/1084 1088/1088
f 1085/1085 1088/1088 1089/1089
f 1091/1091 1100/1100 1099/1099
f 1091/1091 1099/1099 1090/1090
f 1092/1092 1093/1093 1103/1103
f 1092/1092 1103/1103 1102/1102
f 1108/1108 1095/1095 1094/1094
f 1108/1108 1094/1094 1109/1109
f 1097/1097 1096/1096 1107/1107
f 1097/1097 1107/1107 1106/1106
f 1101/1101 1007/1007 1006/1006
f 1101/1101 1006/1006 1098/1098
f 1110/1110 1111/1111 1112/1112
f 1110/1110 1112/1112 1113/1113
f 1114/1114 1115/1115 1116/1116
f 1114/1114 1116/1116 1117/1117
f 1118/1118 1119/1119 1120/1120
f 1118/1118 1120/1120 1121/1121
f 1122/1122 1123/1123 1124/1124
f 1122/1122 1124/1124 1125/1125
f 1126/1126 1127/1127 1128/1128
f 1126/1126 1128/1128 1129/1129
f 1130/1130 1131/1131 1132/1132
f 1130/1130 1132/1132 1133/1133
f 1134/1134 1135/1135 1136/1136
f 1134/1134 1136/1136 1137/1137
f 1138/1138 1139/1139 1140/1140
f 1138/1138 1140/1140 1141/1141
f 1138/1138 1141/1141 1111/1111
f 1138/1138 1111/1111 1110/1110
f 1130/1130 1142/1142 1143/1143
f 1130/1130 1143/1143 1131/1131
f 1144/1144 1143/1143 1142/1142
f 1144/1144 1142/1142 1145/1145
f 1139/1139 1144/1144 1145/1145
f 1139/1139 1145/1145 1140/1140
f 1146/1146 1147/1147 1148/1148
f 1146/1146 1148/1148 1149/1149
f 1150/1150 1151/1151 1152/1152
f 1150/1150 1152/1152 1153/1153
f 1154/1154 1155/1155 1134/1134
f 1154/1154 1134/1134 1137/1137
f 1156/1156 1157/1157 1158/1158
f 1156/1156 1158/1158 1159/1159
f 1160/1160 1161/1161 1162/1162
f 1160/1160 1162/1162 1163/1163
f 1164/1164 1165/1165 1166/1166
f 1164/1164 1166/1166 1167/1167
f 1168/1168 1169/1169 1170/1170
f 1168/1168 1170/1170 1171/1171
f 1157/1157 1172/1172 1173/1173
f 1157/1157 1173/1173 1158/1158
f 1160/1160 1169/1169 1168/1168
f 1160/1160 1168/1168 1161/1161
f 1166/1166 1174/1174 1175/1175
f 1166/1166 1175/1175 1167/1167
f 1174/1174 1176/1176 1177/1177
f 1174/1174 1177/1177 1175/1175
f 1177/1177 1176/1176 1171/1171
f 1177/1177 1171/1171 1170/1170
f 1129/1129 1128/1128 1178/1178
f 1129/1129 1178/1178 1179/1179
f 1180/1180 1181/1181 1182/1182
f 1180/1180 1182/1182 1183/1183
f 1184/1184 1185/1185 1186/1186
f 1184/1184 1186/1186 1187/1187
f 1184/1184 1188/1188 1189/1189
f 1184/1184 1189/1189 1185/1185
f 1151/1151 1190/1190 1191/1191
f 1151/1151 1191/1191 1152/1152
f 1124/1124 1123/1123 1151/1151
f 1124/1124 1151/1151 1150/1150
f 1179/1179 1178/1178 1192/1192
f 1179/1179 1192/1192 1193/1193
f 1194/1194 1195/1195 1196/1196
f 1194/1194 1196/1196 1197/1197
f 1198/1198 1199/1199 1200/1200
f 1198/1198 1200/1200 1201/1201
f 1202/1202 1203/1203 1204/1204
f 1202/1202 1204/1204 1205/1205
f 1206/1206 1207/1207 1208/1208
f 1206/1206 1208/1208 1209/1209
f 1210/1210 1211/1211 1212/1212
f 1210/1210 1212/1212 1213/1213
f 1214/1214 1215/1215 1216/1216
f 1214/1214 1216/1216 1217/1217
f 1136/1136 1135/1135 1197/1197
f 1136/1136 1197/1197 1196/1196
f 1214/1214 1217/1217 1199/1199
f 1214/1214 1199/1199 1198/1198
f 1211/1211 1218/1218 1219/1219
f 1211/1211 1219/1219 1212/1212
f 1218/1218 1220/1220 1221/1221
f 1218/1218 1221/1221 1219/1219
f 1216/1216 1215/1215 1221/1221
f 1216/1216 1221/1221 1220/1220
f 1222/1222 1223/1223 1224/1224
f 1222/1222 1224/1224 1225/1225
f 1116/1116 1115/1115 1225/1225
f 1116/1116 1225/1225 1224/1224
f 1226/1226 1223/1223 1222/1222
f 1226/1226 1222/1222 1227/1227
f 1150/1150 1153/1153 1155/1155
f 1150/1150 1155/1155 1154/1154
f 1129/1129 1226/1226 1227/1227
f 1129/1129 1227/1227 1126/1126
f 1228/1228 1229/1229 1230/1230
f 1228/1228 1230/1230 1231/1231
f 1232/1232 1233/1233 1234/1234
f 1232/1232 1234/1234 1235/1235
f 1236/1236 1237/1237 1238/1238
f 1236/1236 1238/1238 1239/1239
f 1173/1173 1172/1172 1240/1240
f 1173/1173 1240/1240 1241/1241
f 1242/1242 1243/1243 1244/1244
f 1242/1242 1244/1244 1245/1245
f 1231/1231 1244/1244 1243/1243
f 1231/1231 1243/1243 1228/1228
f 1237/1237 1246/1246 1247/1247
f 1237/1237 1247/1247 1238/1238
f 1246/1246 1248/1248 1249/1249
f 1246/1246 1249/1249 1247/1247
f 1249/1249 1248/1248 1242/1242
f 1249/1249 1242/1242 1245/1245
f 1127/1127 1126/1126 1250/1250
f 1127/1127 1250/1250 1251/1251
f 1187/1187 1186/1186 1234/1234
f 1187/1187 1234/1234 1233/1233
f 1241/1241 1240/1240 1191/1191
f 1241/1241 1191/1191 1190/1190
f 1127/1127 1189/1189 1188/1188
f 1127/1127 1188/1188 1128/1128
f 1152/1152 1208/1208 1207/1207
f 1152/1152 1207/1207 1153/1153
f 1250/1250 1252/1252 1253/1253
f 1250/1250 1253/1253 1251/1251
f 1254/1254 1255/1255 1256/1256
f 1254/1254 1256/1256 1257/1257
f 1258/1258 1259/1259 1260/1260
f 1258/1258 1260/1260 1261/1261
f 1262/1262 1263/1263 1264/1264
f 1262/1262 1264/1264 1265/1265
f 1266/1266 1267/1267 1268/1268
f 1266/1266 1268/1268 1269/1269
f 1270/1270 1271/1271 1272/1272
f 1270/1270 1272/1272 1273/1273
f 1274/1274 1275/1275 1276/1276
f 1274/1274 1276/1276 1277/1277
f 1278/1278 1279/1279 1280/1280
f 1278/1278 1280/1280 1281/1281
f 1282/1282 1283/1283 1284/1284
f 1282/1282 1284/1284 1285/1285
f 1286/1286 1287/1287 1288/1288
f 1286/1286 1288/1288 1289/1289
f 1290/1290 1291/1291 1292/1292
f 1290/1290 1292/1292 1293/1293
f 1294/1294 1295/1295 1296/1296
f 1294/1294 1296/1296 1297/1297
f 1298/1298 1299/1299 1300/1300
f 1298/1298 1300/1300 1301/1301
f 1302/1302 1303/1303 1304/1304
f 1302/1302 1304/1304 1305/1305
f 1306/1306 1307/1307 1308/1308
f 1306/1306 1308/1308 1309/1309
f 1310/1310 1311/1311 1312/1312
f 1310/1310 1312/1312 1313/1313
f 1314/1314 1315/1315 1316/1316
f 1314/1314 1316/1316 1317/1317
f 1318/1318 1319/1319 1320/1320
f 1318/1318 1320/1320 1321/1321
f 1322/1322 1323/1323 1324/1324
f 1322/1322 1324/1324 1325/1325
f 1326/1326 1327/1327 1328/1328
f 1326/1326 1328/1328 1329/1329
f 1330/1330 1331/1331 1332/1332
f 1330/1330 1332/1332 1333/1333
f 1334/1334 1335/1335 1336/1336
f 1334/1334 1336/1336 1337/1337
f 1338/1338 1339/1339 1340/1340
f 1338/1338 1340/1340 1341/1341
f 1342/1342 1343/1343 1344/1344
f 1342/1342 1344/1344 1345/1345
f 1346/1346 1347/1347 1348/1348
f 1346/1346 1348/1348 1349/1349
f 1350/1350 1351/1351 1352/1352
f 1350/1350 1352/1352 1353/1353
f 1354/1354 1355/1355 1356/1356
f 1354/1354 1356/1356 1357/1357
f 1358/1358 1359/1359 1360/1360
f 1358/1358 1360/1360 1361/1361
f 1362/1362 1363/1363 1364/1364
f 1362/1362 1364/1364 1365/1365
f 1366/1366 1367/1367 1368/1368
f 1366/1366 1368/1368 1369/1369
f 1370/1370 1371/1371 1372/1372
f 1370/1370 1372/1372 1373/1373
f 1374/1374 1275/1275 1274/1274
f 1374/1374 1274/1274 1375/1375
f 1376/1376 1288/1288 1287/1287
f 1376/1376 1287/1287 1377/1377
f 1255/1255 1254/1254 1378/1378
f 1255/1255 1378/1378 1379/1379
f 1257/1257 1256/1256 1380/1380
f 1257/1257 1380/1380 1381/1381
f 1382/1382 1293/1293 1292/1292
f 1382/1382 1292/1292 1383/1383
f 1384/1384 1264/1264 1263/1263
f 1384/1384 1263/1263 1385/1385
f 1266/1266 1269/1269 1386/1386
f 1266/1266 1386/1386 1387/1387
f 1388/1388 1389/1389 1061/1061
f 1388/1388 1061/1061 1054/1054
f 1390/1390 1391/1391 1262/1262
f 1390/1390 1262/1262 1265/1265
f 1392/1392 1268/1268 1267/1267
f 1392/1392 1267/1267 1393/1393
f 1394/1394 1285/1285 1284/1284
f 1394/1394 1284/1284 1395/1395
f 1396/1396 1060/1060 1018/1018
f 1396/1396 1018/1018 1397/1397
f 1398/1398 1261/1261 1260/1260
f 1398/1398 1260/1260 1399/1399
f 1295/1295 1400/1400 1401/1401
f 1295/1295 1401/1401 1296/1296
f 1279/1279 1402/1402 1403/1403
f 1279/1279 1403/1403 1280/1280
f 1258/1258 1404/1404 1405/1405
f 1258/1258 1405/1405 1259/1259
f 1301/1301 1406/1406 1407/1407
f 1301/1301 1407/1407 1298/1298
f 1408/1408 1409/1409 1270/1270
f 1408/1408 1270/1270 1273/1273
f 1407/1407 1406/1406 1277/1277
f 1407/1407 1277/1277 1276/1276
f 1408/1408 1278/1278 1281/1281
f 1408/1408 1281/1281 1409/1409
f 1336/1336 1410/1410 1411/1411
f 1336/1336 1411/1411 1337/1337
f 1341/1341 1412/1412 1413/1413
f 1341/1341 1413/1413 1338/1338
f 1414/1414 1415/1415 1343/1343
f 1414/1414 1343/1343 1342/1342
f 1349/1349 1348/1348 1416/1416
f 1349/1349 1416/1416 1417/1417
f 1351/1351 1350/1350 1411/1411
f 1351/1351 1411/1411 1410/1410
f 1413/1413 1412/1412 1357/1357
f 1413/1413 1357/1357 1356/1356
f 1414/1414 1361/1361 1360/1360
f 1414/1414 1360/1360 1415/1415
f 1417/1417 1416/1416 1363/1363
f 1417/1417 1363/1363 1362/1362
f 1418/1418 1419/1419 1307/1307
f 1418/1418 1307/1307 1306/1306
f 1420/1420 1421/1421 1314/1314
f 1420/1420 1314/1314 1317/1317
f 1302/1302 1422/1422 1423/1423
f 1302/1302 1423/1423 1303/1303
f 1311/1311 1424/1424 1425/1425
f 1311/1311 1425/1425 1312/1312
f 1426/1426 1419/1419 1418/1418
f 1426/1426 1418/1418 1427/1427
f 1428/1428 1421/1421 1420/1420
f 1428/1428 1420/1420 1429/1429
f 1430/1430 1431/1431 1423/1423
f 1430/1430 1423/1423 1422/1422
f 1432/1432 1433/1433 1425/1425
f 1432/1432 1425/1425 1424/1424
f 1434/1434 1320/1320 1319/1319
f 1434/1434 1319/1319 1435/1435
f 1436/1436 1324/1324 1323/1323
f 1436/1436 1323/1323 1437/1437
f 1438/1438 1439/1439 1329/1329
f 1438/1438 1329/1329 1328/1328
f 1440/1440 1333/1333 1332/1332
f 1440/1440 1332/1332 1441/1441
f 1434/1434 1435/1435 1442/1442
f 1434/1434 1442/1442 1443/1443
f 1437/1437 1444/1444 1445/1445
f 1437/1437 1445/1445 1436/1436
f 1439/1439 1438/1438 1446/1446
f 1439/1439 1446/1446 1447/1447
f 1448/1448 1440/1440 1441/1441
f 1448/1448 1441/1441 1449/1449
f 1355/1355 1354/1354 1450/1450
f 1355/1355 1450/1450 1451/1451
f 1365/1365 1364/1364 1452/1452
f 1365/1365 1452/1452 1453/1453
f 1454/1454 1353/1353 1352/1352
f 1454/1454 1352/1352 1455/1455
f 1359/1359 1358/1358 1456/1456
f 1359/1359 1456/1456 1457/1457
f 1450/1450 1309/1309 1308/1308
f 1450/1450 1308/1308 1451/1451
f 1452/1452 1316/1316 1315/1315
f 1452/1452 1315/1315 1453/1453
f 1455/1455 1305/1305 1304/1304
f 1455/1455 1304/1304 1454/1454
f 1310/1310 1313/1313 1457/1457
f 1310/1310 1457/1457 1456/1456
f 1427/1427 1458/1458 1459/1459
f 1427/1427 1459/1459 1426/1426
f 1460/1460 1428/1428 1429/1429
f 1460/1460 1429/1429 1461/1461
f 1462/1462 1463/1463 1431/1431
f 1462/1462 1431/1431 1430/1430
f 1464/1464 1465/1465 1433/1433
f 1464/1464 1433/1433 1432/1432
f 1458/1458 1322/1322 1325/1325
f 1458/1458 1325/1325 1459/1459
f 1330/1330 1460/1460 1461/1461
f 1330/1330 1461/1461 1331/1331
f 1318/1318 1321/1321 1463/1463
f 1318/1318 1463/1463 1462/1462
f 1464/1464 1327/1327 1326/1326
f 1464/1464 1326/1326 1465/1465
f 1444/1444 1466/1466 1467/1467
f 1444/1444 1467/1467 1445/1445
f 1448/1448 1449/1449 1468/1468
f 1448/1448 1468/1468 1469/1469
f 1443/1443 1442/1442 1470/1470
f 1443/1443 1470/1470 1471/1471
f 1472/1472 1473/1473 1447/1447
f 1472/1472 1447/1447 1446/1446
f 1466/1466 1474/1474 1475/1475
f 1466/1466 1475/1475 1467/1467
f 1468/1468 1476/1476 1477/1477
f 1468/1468 1477/1477 1469/1469
f 1478/1478 1471/1471 1470/1470
f 1478/1478 1470/1470 1479/1479
f 1480/1480 1473/1473 1472/1472
f 1480/1480 1472/1472 1481/1481
f 1482/1482 1272/1272 1271/1271
f 1482/1482 1271/1271 1483/1483
f 1483/1483 1300/1300 1299/1299
f 1483/1483 1299/1299 1482/1482
f 1484/1484 1485/1485 1486/1486
f 1484/1484 1486/1486 1487/1487
f 1488/1488 1489/1489 1485/1485
f 1488/1488 1485/1485 1484/1484
f 1488/1488 1490/1490 1491/1491
f 1488/1488 1491/1491 1489/1489
f 1492/1492 1493/1493 1491/1491
f 1492/1492 1491/1491 1490/1490
f 1487/1487 1486/1486 1494/1494
f 1487/1487 1494/1494 1495/1495
f 1496/1496 1493/1493 1492/1492
f 1496/1496 1492/1492 1497/1497
f 1367/1367 1366/1366 1495/1495
f 1367/1367 1495/1495 1494/1494
f 1373/1373 1496/1496 1497/1497
f 1373/1373 1497/1497 1370/1370
f 1498/1498 1499/1499 1500/1500
f 1498/1498 1500/1500 1501/1501
f 1502/1502 1503/1503 1499/1499
f 1502/1502 1499/1499 1498/1498
f 1502/1502 1504/1504 1505/1505
f 1502/1502 1505/1505 1503/1503
f 1506/1506 1507/1507 1505/1505
f 1506/1506 1505/1505 1504/1504
f 1507/1507 1506/1506 1508/1508
f 1507/1507 1508/1508 1509/1509
f 1509/1509 1508/1508 1510/1510
f 1509/1509 1510/1510 1511/1511
f 1511/1511 1510/1510 1512/1512
f 1511/1511 1512/1512 1513/1513
f 1501/1501 1500/1500 1514/1514
f 1501/1501 1514/1514 1515/1515
f 1516/1516 1517/1517 1518/1518
f 1516/1516 1518/1518 1519/1519
f 1520/1520 1521/1521 1522/1522
f 1520/1520 1522/1522 1523/1523
f 1520/1520 1523/1523 1524/1524
f 1520/1520 1524/1524 1525/1525
f 1520/1520 1525/1525 1526/1526
f 1520/1520 1526/1526 1527/1527
f 1520/1520 1527/1527 1528/1528
f 1520/1520 1528/1528 1529/1529
f 1520/1520 1529/1529 1530/1530
f 1520/1520 1530/1530 1531/1531
f 1520/1520 1531/1531 1532/1532
f 1520/1520 1532/1532 1521/1521
f 1533/1533 1534/1534 1535/1535
f 1533/1533 1536/1536 1534/1534
f 1533/1533 1537/1537 1536/1536
f 1533/1533 1538/1538 1537/1537
f 1533/1533 1539/1539 1538/1538
f 1533/1533 1540/1540 1539/1539
f 1533/1533 1541/1541 1540/1540
f 1533/1533 1542/1542 1541/1541
f 1533/1533 1543/1543 1542/1542
f 1533/1533 1544/1544 1543/1543
f 1533/1533 1545/1545 1544/1544
f 1533/1533 1535/1535 1545/1545
f 1546/1546 1547/1547 1548/1548
f 1546/1546 1549/1549 1547/1547
f 1546/1546 1550/1550 1549/1549
f 1546/1546 1551/1551 1550/1550
f 1546/1546 1552/1552 1551/1551
f 1546/1546 1553/1553 1552/1552
f 1546/1546 1554/1554 1553/1553
f 1546/1546 1555/1555 1554/1554
f 1546/1546 1556/1556 1555/1555
f 1546/1546 1557/1557 1556/1556
f 1546/1546 1558/1558 1557/1557
f 1546/1546 1548/1548 1558/1558
f 1559/1559 1560/1560 1561/1561
f 1559/1559 1562/1562 1560/1560
f 1559/1559 1563/1563 1562/1562
f 1559/1559 1564/1564 1563/1563
f 1559/1559 1565/1565 1564/1564
f 1559/1559 1566/1566 1565/1565
f 1559/1559 1567/1567 1566/1566
f 1559/1559 1568/1568 1567/1567
f 1559/1559 1569/1569 1568/1568
f 1559/1559 1570/1570 1569/1569
f 1559/1559 1571/1571 1570/1570
f 1559/1559 1561/1561 1571/1571
f 1572/1572 1573/1573 1574/1574
f 1572/1572 1574/1574 1575/1575
f 1572/1572 1575/1575 1576/1576
f 1572/1572 1576/1576 1577/1577
f 1572/1572 1577/1577 1578/1578
f 1572/1572 1578/1578 1579/1579
f 1572/1572 1579/1579 1580/1580
f 1572/1572 1580/1580 1581/1581
f 1572/1572 1581/1581 1582/1582
f 1572/1572 1582/1582 1583/1583
f 1572/1572 1583/1583 1584/1584
f 1572/1572 1584/1584 1573/1573
f 1585/1585 1586/1586 1587/1587
f 1585/1585 1587/1587 1588/1588
f 1585/1585 1588/1588 1589/1589
f 1585/1585 1589/1589 1590/1590
f 1585/1585 1590/1590 1591/1591
f 1585/1585 1591/1591 1592/1592
f 1585/1585 1592/1592 1593/1593
f 1585/1585 1593/1593 1594/1594
f 1585/1585 1594/1594 1595/1595
f 1585/1585 1595/1595 1596/1596
f 1585/1585 1596/1596 1597/1597
f 1585/1585 1597/1597 1586/1586
f 1598/1598 1599/1599 1600/1600
f 1598/1598 1601/1601 1599/1599
f 1598/1598 1602/1602 1601/1601
f 1598/1598 1603/1603 1602/1602
f 1598/1598 1604/1604 1603/1603
f 1598/1598 1605/1605 1604/1604
f 1598/1598 1606/1606 1605/1605
f 1598/1598 1607/1607 1606/1606
f 1598/1598 1608/1608 1607/1607
f 1598/1598 1609/1609 1608/1608
f 1598/1598 1610/1610 1609/1609
f 1598/1598 1600/1600 1610/1610
f 1611/1611 1612/1612 1613/1613
f 1611/1611 1613/1613 1614/1614
f 1611/1611 1614/1614 1615/1615
f 1611/1611 1615/1615 1616/1616
f 1611/1611 1616/1616 1617/1617
f 1611/1611 1617/1617 1618/1618
f 1611/1611 1618/1618 1619/1619
f 1611/1611 1619/1619 1620/1620
f 1611/1611 1620/1620 1621/1621
f 1611/1611 1621/1621 1622/1622
f 1611/1611 1622/1622 1623/1623
f 1611/1611 1623/1623 1612/1612
f 1624/1624 1522/1522 1521/1521
f 1624/1624 1521/1521 1625/1625
f 1624/1624 1626/1626 1523/1523
f 1624/1624 1523/1523 1522/1522
f 1524/1524 1523/1523 1626/1626
f 1524/1524 1626/1626 1627/1627
f 1524/1524 1627/1627 1628/1628
f 1524/1524 1628/1628 1525/1525
f 1629/1629 1526/1526 1525/1525
f 1629/1629 1525/1525 1628/1628
f 1629/1629 1630/1630 1527/1527
f 1629/1629 1527/1527 1526/1526
f 1631/1631 1528/1528 1527/1527
f 1631/1631 1527/1527 1630/1630
f 1529/1529 1528/1528 1631/1631
f 1529/1529 1631/1631 1632/1632
f 1632/1632 1633/1633 1530/1530
f 1632/1632 1530/1530 1529/1529
f 1633/1633 1634/1634 1531/1531
f 1633/1633 1531/1531 1530/1530
f 1531/1531 1634/1634 1635/1635
f 1531/1531 1635/1635 1532/1532
f 1635/1635 1625/1625 1521/1521
f 1635/1635 1521/1521 1532/1532
f 1636/1636 1624/1624 1625/1625
f 1636/1636 1625/1625 1637/1637
f 1636/1636 1638/1638 1626/1626
f 1636/1636 1626/1626 1624/1624
f 1639/1639 1627/1627 1626/1626
f 1639/1639 1626/1626 1638/1638
f 1628/1628 1627/1627 1639/1639
f 1628/1628 1639/1639 1640/1640
f 1641/1641 1629/1629 1628/1628
f 1641/1641 1628/1628 1640/1640
f 1630/1630 1629/1629 1641/1641
f 1630/1630 1641/1641 1642/1642
f 1631/1631 1630/1630 1642/1642
f 1631/1631 1642/1642 1643/1643
f 1631/1631 1643/1643 1644/1644
f 1631/1631 1644/1644 1632/1632
f 1645/1645 1633/1633 1632/1632
f 1645/1645 1632/1632 1644/1644
f 1646/1646 1634/1634 1633/1633
f 1646/1646 1633/1633 1645/1645
f 1635/1635 1634/1634 1646/1646
f 1635/1635 1646/1646 1647/1647
f 1635/1635 1647/1647 1637/1637
f 1635/1635 1637/1637 1625/1625
f 1648/1648 1649/1649 1535/1535
f 1648/1648 1535/1535 1534/1534
f 1648/1648 1534/1534 1536/1536
f 1648/1648 1536/1536 1650/1650
f 1537/1537 1651/1651 1650/1650
f 1537/1537 1650/1650 1536/1536
f 1537/1537 1538/1538 1652/1652
f 1537/1537 1652/1652 1651/1651
f 1653/1653 1652/1652 1538/1538
f 1653/1653 1538/1538 1539/1539
f 1653/1653 1539/1539 1540/1540
f 1653/1653 1540/1540 1654/1654
f 1655/1655 1654/1654 1540/1540
f 1655/1655 1540/1540 1541/1541
f 1542/1542 1656/1656 1655/1655
f 1542/1542 1655/1655 1541/1541
f 1656/1656 1542/1542 1543/1543
f 1656/1656 1543/1543 1657/1657
f 1657/1657 1543/1543 1544/1544
f 1657/1657 1544/1544 1658/1658
f 1544/1544 1545/1545 1659/1659
f 1544/1544 1659/1659 1658/1658
f 1659/1659 1545/1545 1535/1535
f 1659/1659 1535/1535 1649/1649
f 1660/1660 1661/1661 1649/1649
f 1660/1660 1649/1649 1648/1648
f 1660/1660 1648/1648 1650/1650
f 1660/1660 1650/1650 1662/1662
f 1663/1663 1662/1662 1650/1650
f 1663/1663 1650/1650 1651/1651
f 1652/1652 1664/1664 1663/1663
f 1652/1652 1663/1663 1651/1651
f 1665/1665 1664/1664 1652/1652
f 1665/1665 1652/1652 1653/1653
f 1654/1654 1666/1666 1665/1665
f 1654/1654 1665/1665 1653/1653
f 1655/1655 1667/1667 1666/1666
f 1655/1655 1666/1666 1654/1654
f 1655/1655 1656/1656 1668/1668
f 1655/1655 1668/1668 1667/1667
f 1669/1669 1668/1668 1656/1656
f 1669/1669 1656/1656 1657/1657
f 1670/1670 1669/1669 1657/1657
f 1670/1670 1657/1657 1658/1658
f 1659/1659 1671/1671 1670/1670
f 1659/1659 1670/1670 1658/1658
f 1659/1659 1649/1649 1661/1661
f 1659/1659 1661/1661 1671/1671
f 1672/1672 1673/1673 1548/1548
f 1672/1672 1548/1548 1547/1547
f 1672/1672 1547/1547 1549/1549
f 1672/1672 1549/1549 1674/1674
f 1550/1550 1675/1675 1674/1674
f 1550/1550 1674/1674 1549/1549
f 1550/1550 1551/1551 1676/1676
f 1550/1550 1676/1676 1675/1675
f 1677/1677 1676/1676 1551/1551
f 1677/1677 1551/1551 1552/1552
f 1677/1677 1552/1552 1553/1553
f 1677/1677 1553/1553 1678/1678
f 1679/1679 1678/1678 1553/1553
f 1679/1679 1553/1553 1554/1554
f 1555/1555 1680/1680 1679/1679
f 1555/1555 1679/1679 1554/1554
f 1680/1680 1555/1555 1556/1556
f 1680/1680 1556/1556 1681/1681
f 1681/1681 1556/1556 1557/1557
f 1681/1681 1557/1557 1682/1682
f 1557/1557 1558/1558 1683/1683
f 1557/1557 1683/1683 1682/1682
f 1683/1683 1558/1558 1548/1548
f 1683/1683 1548/1548 1673/1673
f 1684/1684 1685/1685 1673/1673
f 1684/1684 1673/1673 1672/1672
f 1684/1684 1672/1672 1674/1674
f 1684/1684 1674/1674 1686/1686
f 1687/1687 1686/1686 1674/1674
f 1687/1687 1674/1674 1675/1675
f 1676/1676 1688/1688 1687/1687
f 1676/1676 1687/1687 1675/1675
f 1689/1689 1688/1688 1676/1676
f 1689/1689 1676/1676 1677/1677
f 1678/1678 1690/1690 1689/1689
f 1678/1678 1689/1689 1677/1677
f 1679/1679 1691/1691 1690/1690
f 1679/1679 1690/1690 1678/1678
f 1679/1679 1680/1680 1692/1692
f 1679/1679 1692/1692 1691/1691
f 1693/1693 1692/1692 1680/1680
f 1693/1693 1680/1680 1681/1681
f 1694/1694 1693/1693 1681/1681
f 1694/1694 1681/1681 1682/1682
f 1683/1683 1695/1695 1694/1694
f 1683/1683 1694/1694 1682/1682
f 1683/1683 1673/1673 1685/1685
f 1683/1683 1685/1685 1695/1695
f 1696/1696 1697/1697 1561/1561
f 1696/1696 1561/1561 1560/1560
f 1696/1696 1560/1560 1562/1562
f 1696/1696 1562/1562 1698/1698
f 1563/1563 1699/1699 1698/1698
f 1563/1563 1698/1698 1562/1562
f 1563/1563 1564/1564 1700/1700
f 1563/1563 1700/1700 1699/1699
f 1701/1701 1700/1700 1564/1564
f 1701/1701 1564/1564 1565/1565
f 1701/1701 1565/1565 1566/1566
f 1701/1701 1566/1566 1702/1702
f 1703/1703 1702/1702 1566/1566
f 1703/1703 1566/1566 1567/1567
f 1568/1568 1704/1704 1703/1703
f 1568/1568 1703/1703 1567/1567
f 1704/1704 1568/1568 1569/1569
f 1704/1704 1569/1569 1705/1705
f 1705/1705 1569/1569 1570/1570
f 1705/1705 1570/1570 1706/1706
f 1570/1570 1571/1571 1707/1707
f 1570/1570 1707/1707 1706/1706
f 1707/1707 1571/1571 1561/1561
f 1707/1707 1561/1561 1697/1697
f 1708/1708 1709/1709 1697/1697
f 1708/1708 1697/1697 1696/1696
f 1708/1708 1696/1696 1698/1698
f 1708/1708 1698/1698 1710/1710
f 1711/1711 1710/1710 1698/1698
f 1711/1711 1698/1698 1699/1699
f 1700/1700 1712/1712 1711/1711
f 1700/1700 1711/1711 1699/1699
f 1713/1713 1712/1712 1700/1700
f 1713/1713 1700/1700 1701/1701
f 1702/1702 1714/1714 1713/1713
f 1702/1702 1713/1713 1701/1701
f 1703/1703 1715/1715 1714/1714
f 1703/1703 1714/1714 1702/1702
f 1703/1703 1704/1704 1716/1716
f 1703/1703 1716/1716 1715/1715
f 1717/1717 1716/1716 1704/1704
f 1717/1717 1704/1704 1705/1705
f 1718/1718 1717/1717 1705/1705
f 1718/1718 1705/1705 1706/1706
f 1707/1707 1719/1719 1718/1718
f 1707/1707 1718/1718 1706/1706
f 1707/1707 1697/1697 1709/1709
f 1707/1707 1709/1709 1719/1719
f 1720/1720 1574/1574 1573/1573
f 1720/1720 1573/1573 1721/1721
f 1720/1720 1722/1722 1575/1575
f 1720/1720 1575/1575 1574/1574
f 1576/1576 1575/1575 1722/1722
f 1576/1576 1722/1722 1723/1723
f 1576/1576 1723/1723 1724/1724
f 1576/1576 1724/1724 1577/1577
f 1725/1725 1578/1578 1577/1577
f 1725/1725 1577/1577 1724/1724
f 1725/1725 1726/1726 1579/1579
f 1725/1725 1579/1579 1578/1578
f 1727/1727 1580/1580 1579/1579
f 1727/1727 1579/1579 1726/1726
f 1581/1581 1580/1580 1727/1727
f 1581/1581 1727/1727 1728/1728
f 1728/1728 1729/1729 1582/1582
f 1728/1728 1582/1582 1581/1581
f 1729/1729 1730/1730 1583/1583
f 1729/1729 1583/1583 1582/1582
f 1583/1583 1730/1730 1731/1731
f 1583/1583 1731/1731 1584/1584
f 1731/1731 1721/1721 1573/1573
f 1731/1731 1573/1573 1584/1584
f 1732/1732 1720/1720 1721/1721
f 1732/1732 1721/1721 1733/1733
f 1732/1732 1734/1734 1722/1722
f 1732/1732 1722/1722 1720/1720
f 1735/1735 1723/1723 1722/1722
f 1735/1735 1722/1722 1734/1734
f 1724/1724 1723/1723 1735/1735
f 1724/1724 1735/1735 1736/1736
f 1737/1737 1725/1725 1724/1724
f 1737/1737 1724/1724 1736/1736
f 1726/1726 1725/1725 1737/1737
f 1726/1726 1737/1737 1738/1738
f 1727/1727 1726/1726 1738/1738
f 1727/1727 1738/1738 1739/1739
f 1727/1727 1739/1739 1740/1740
f 1727/1727 1740/1740 1728/1728
f 1741/1741 1729/1729 1728/1728
f 1741/1741 1728/1728 1740/1740
f 1742/1742 1730/1730 1729/1729
f 1742/1742 1729/1729 1741/1741
f 1731/1731 1730/1730 1742/1742
f 1731/1731 1742/1742 1743/1743
f 1731/1731 1743/1743 1733/1733
f 1731/1731 1733/1733 1721/1721
f 1744/1744 1587/1587 1586/1586
f 1744/1744 1586/1586 1745/1745
f 1744/1744 1746/1746 1588/1588
f 1744/1744 1588/1588 1587/1587
f 1589/1589 1588/1588 1746/1746
f 1589/1589 1746/1746 1747/1747
f 1589/1589 1747/1747 1748/1748
f 1589/1589 1748/1748 1590/1590
f 1749/1749 1591/1591 1590/1590
f 1749/1749 1590/1590 1748/1748
f 1749/1749 1750/1750 1592/1592
f 1749/1749 1592/1592 1591/1591
f 1751/1751 1593/1593 1592/1592
f 1751/1751 1592/1592 1750/1750
f 1594/1594 1593/1593 1751/1751
f 1594/1594 1751/1751 1752/1752
f 1752/1752 1753/1753 1595/1595
f 1752/1752 1595/1595 1594/1594
f 1753/1753 1754/1754 1596/1596
f 1753/1753 1596/1596 1595/1595
f 1596/1596 1754/1754 1755/1755
f 1596/1596 1755/1755 1597/1597
f 1755/1755 1745/1745 1586/1586
f 1755/1755 1586/1586 1597/1597
f 1756/1756 1744/1744 1745/1745
f 1756/1756 1745/1745 1757/1757
f 1756/1756 1758/1758 1746/1746
f 1756/1756 1746/1746 1744/1744
f 1759/1759 1747/1747 1746/1746
f 1759/1759 1746/1746 1758/1758
f 1748/1748 1747/1747 1759/1759
f 1748/1748 1759/1759 1760/1760
f 1761/1761 1749/1749 1748/1748
f 1761/1761 1748/1748 1760/1760
f 1750/1750 1749/1749 1761/1761
f 1750/1750 1761/1761 1762/1762
f 1751/1751 1750/1750 1762/1762
f 1751/1751 1762/1762 1763/1763
f 1751/1751 1763/1763 1764/1764
f 1751/1751 1764/1764 1752/1752
f 1765/1765 1753/1753 1752/1752
f 1765/1765 1752/1752 1764/1764
f 1766/1766 1754/1754 1753/1753
f 1766/1766 1753/1753 1765/1765
f 1755/1755 1754/1754 1766/1766
f 1755/1755 1766/1766 1767/1767
f 1755/1755 1767/1767 1757/1757
f 1755/1755 1757/1757 1745/1745
f 1768/1768 1769/1769 1600/1600
f 1768/1768 1600/1600 1599/1599
f 1768/1768 1599/1599 1601/1601
f 1768/1768 1601/1601 1770/1770
f 1602/1602 1771/1771 1770/1770
f 1602/1602 1770/1770 1601/1601
f 1602/1602 1603/1603 1772/1772
f 1602/1602 1772/1772 1771/1771
f 1773/1773 1772/1772 1603/1603
f 1773/1773 1603/1603 1604/1604
f 1773/1773 1604/1604 1605/1605
f 1773/1773 1605/1605 1774/1774
f 1775/1775 1774/1774 1605/1605
f 1775/1775 1605/1605 1606/1606
f 1607/1607 1776/1776 1775/1775
f 1607/1607 1775/1775 1606/1606
f 1776/1776 1607/1607 1608/1608
f 1776/1776 1608/1608 1777/1777
f 1777/1777 1608/1608 1609/1609
f 1777/1777 1609/1609 1778/1778
f 1609/1609 1610/1610 1779/1779
f 1609/1609 1779/1779 1778/1778
f 1779/1779 1610/1610 1600/1600
f 1779/1779 1600/1600 1769/1769
f 1780/1780 1781/1781 1769/1769
f 1780/1780 1769/1769 1768/1768
f 1780/1780 1768/1768 1770/1770
f 1780/1780 1770/1770 1782/1782
f 1783/1783 1782/1782 1770/1770
f 1783/1783 1770/1770 1771/1771
f 1772/1772 1784/1784 1783/1783
f 1772/1772 1783/1783 1771/1771
f 1785/1785 1784/1784 1772/1772
f 1785/1785 1772/1772 1773/1773
f 1774/1774 1786/1786 1785/1785
f 1774/1774 1785/1785 1773/1773
f 1775/1775 1787/1787 1786/1786
f 1775/1775 1786/1786 1774/1774
f 1775/1775 1776/1776 1788/1788
f 1775/1775 1788/1788 1787/1787
f 1789/1789 1788/1788 1776/1776
f 1789/1789 1776/1776 1777/1777
f 1790/1790 1789/1789 1777/1777
f 1790/1790 1777/1777 1778/1778
f 1779/1779 1791/1791 1790/1790
f 1779/1779 1790/1790 1778/1778
f 1779/1779 1769/1769 1781/1781
f 1779/1779 1781/1781 1791/1791
f 1792/1792 1613/1613 1612/1612
f 1792/1792 1612/1612 1793/1793
f 1792/1792 1794/1794 1614/1614
f 1792/1792 1614/1614 1613/1613
f 1615/1615 1614/1614 1794/1794
f 1615/1615 1794/1794 1795/1795
f 1615/1615 1795/1795 1796/1796
f 1615/1615 1796/1796 1616/1616
f 1797/1797 1617/1617 1616/1616
f 1797/1797 1616/1616 1796/1796
f 1797/1797 1798/1798 1618/1618
f 1797/1797 1618/1618 1617/1617
f 1799/1799 1619/1619 1618/1618
f 1799/1799 1618/1618 1798/1798
f 1620/1620 1619/1619 1799/1799
f 1620/1620 1799/1799 1800/1800
f 1800/1800 1801/1801 1621/1621
f 1800/1800 1621/1621 1620/1620
f 1801/1801 1802/1802 1622/1622
f 1801/1801 1622/1622 1621/1621
f 1622/1622 1802/1802 1803/1803
f 1622/1622 1803/1803 1623/1623
f 1803/1803 1793/1793 1612/1612
f 1803/1803 1612/1612 1623/1623
f 1804/1804 1792/1792 1793/1793
f 1804/1804 1793/1793 1805/1805
f 1804/1804 1806/1806 1794/1794
f 1804/1804 1794/1794 1792/1792
f 1807/1807 1795/1795 1794/1794
f 1807/1807 1794/1794 1806/1806
f 1796/1796 1795/1795 1807/1807
f 1796/1796 1807/1807 1808/1808
f 1809/1809 1797/1797 1796/1796
f 1809/1809 1796/1796 1808/1808
f 1798/1798 1797/1797 1809/1809
f 1798/1798 1809/1809 1810/1810
f 1799/1799 1798/1798 1810/1810
f 1799/1799 1810/1810 1811/1811
f 1799/1799 1811/1811 1812/1812
f 1799/1799 1812/1812 1800/1800
f 1813/1813 1801/1801 1800/1800
f 1813/1813 1800/1800 1812/1812
f 1814/1814 1802/1802 1801/1801
f 1814/1814 1801/1801 1813/1813
f 1803/1803 1802/1802 1814/1814
f 1803/1803 1814/1814 1815/1815
f 1803/1803 1815/1815 1805/1805
f 1803/1803 1805/1805 1793/1793
f 1816/1816 1817/1817 1818/1818
f 1818/1818 1817/1817 1819/1819
f 1820/1820 1819/1819 1817/1817
f 1820/1820 1817/1817 1821/1821
f 1821/1821 1817/1817 1822/1822
f 1822/1822 1817/1817 1823/1823
f 1823/1823 1817/1817 1824/1824
f 1825/1825 1824/1824 1817/1817
f 1825/1825 1817/1817 1826/1826
f 1817/1817 1827/1827 1826/1826
f 1827/1827 1817/1817 1828/1828
f 1817/1817 1829/1829 1828/1828
f 1829/1829 1817/1817 1830/1830
f 1831/1831 1830/1830 1817/1817
f 1831/1831 1817/1817 1832/1832
f 1817/1817 1816/1816 1832/1832
f 1833/1833 1834/1834 1835/1835
f 1834/1834 1836/1836 1835/1835
f 1837/1837 1835/1835 1836/1836
f 1837/1837 1838/1838 1835/1835
f 1838/1838 1839/1839 1835/1835
f 1839/1839 1840/1840 1835/1835
f 1840/1840 1841/1841 1835/1835
f 1842/1842 1835/1835 1841/1841
f 1842/1842 1843/1843 1835/1835
f 1835/1835 1843/1843 1844/1844
f 1844/1844 1845/1845 1835/1835
f 1835/1835 1845/1845 1846/1846
f 1846/1846 1847/1847 1835/1835
f 1848/1848 1835/1835 1847/1847
f 1848/1848 1849/1849 1835/1835
f 1835/1835 1849/1849 1833/1833
f 1850/1850 1851/1851 1852/1852
f 1853/1853 1854/1854 1855/1855
f 1854/1854 1856/1856 1855/1855
f 1857/1857 1858/1858 1859/1859
f 1860/1860 1861/1861 1862/1862
f 1861/1861 1863/1863 1862/1862
f 1853/1853 1855/1855 1864/1864
f 1862/1862 1863/1863 1865/1865
f 1866/1866 1867/1867 1868/1868
f 1869/1869 1857/1857 1870/1870
f 1869/1869 1858/1858 1857/1857
f 1871/1871 1872/1872 1873/1873
f 1874/1874 1875/1875 1876/1876
f 1876/1876 1877/1877 1878/1878
f 1875/1875 1877/1877 1876/1876
f 1879/1879 1880/1880 1881/1881
f 1882/1882 1881/1881 1883/1883
f 1880/1880 1883/1883 1881/1881
f 1884/1884 1866/1866 1868/1868
f 1885/1885 1886/1886 1887/1887
f 1886/1886 1888/1888 1887/1887
f 1889/1889 1890/1890 1855/1855
f 1856/1856 1889/1889 1855/1855
f 1891/1891 1892/1892 1893/1893
f 1894/1894 1895/1895 1896/1896
f 1897/1897 1898/1898 1899/1899
f 1899/1899 1898/1898 1900/1900
f 1890/1890 1901/1901 1855/1855
f 1898/1898 1902/1902 1900/1900
f 1903/1903 1904/1904 1893/1893
f 1905/1905 1896/1896 1906/1906
f 1906/1906 1896/1896 1895/1895
f 1907/1907 1908/1908 1909/1909
f 1910/1910 1911/1911 1912/1912
f 1913/1913 1914/1914 1912/1912
f 1914/1914 1910/1910 1912/1912
f 1915/1915 1916/1916 1917/1917
f 1918/1918 1919/1919 1916/1916
f 1919/1919 1917/1917 1916/1916
f 1893/1893 1904/1904 1891/1891
f 1920/1920 1893/1893 1921/1921
f 1920/1920 1903/1903 1893/1893
f 1922/1922 1855/1855 1923/1923
f 1924/1924 1925/1925 1926/1926
f 1927/1927 1855/1855 1928/1928
f 1928/1928 1855/1855 1929/1929
f 1857/1857 1930/1930 1931/1931
f 1932/1932 1933/1933 1934/1934
f 1934/1934 1933/1933 1935/1935
f 1933/1933 1936/1936 1935/1935
f 1937/1937 1938/1938 1939/1939
f 1940/1940 1870/1870 1857/1857
f 1940/1940 1857/1857 1931/1931
f 1941/1941 1942/1942 1943/1943
f 1944/1944 1945/1945 1946/1946
f 1947/1947 1948/1948 1946/1946
f 1948/1948 1944/1944 1946/1946
f 1949/1949 1881/1881 1950/1950
f 1881/1881 1882/1882 1951/1951
f 1951/1951 1950/1950 1881/1881
f 1952/1952 1937/1937 1953/1953
f 1952/1952 1938/1938 1937/1937
f 1954/1954 1955/1955 1956/1956
f 1956/1956 1957/1957 1954/1954
f 1958/1958 1855/1855 1959/1959
f 1929/1929 1855/1855 1958/1958
f 1960/1960 1961/1961 1962/1962
f 1963/1963 1896/1896 1964/1964
f 1965/1965 1966/1966 1967/1967
f 1966/1966 1968/1968 1967/1967
f 1969/1969 1970/1970 1855/1855
f 1967/1967 1968/1968 1971/1971
f 1972/1972 1961/1961 1973/1973
f 1905/1905 1974/1974 1896/1896
f 1974/1974 1964/1964 1896/1896
f 1975/1975 1976/1976 1977/1977
f 1978/1978 1979/1979 1980/1980
f 1980/1980 1981/1981 1982/1982
f 1979/1979 1981/1981 1980/1980
f 1983/1983 1984/1984 1916/1916
f 1985/1985 1918/1918 1916/1916
f 1984/1984 1985/1985 1916/1916
f 1973/1973 1961/1961 1960/1960
f 1921/1921 1986/1986 1920/1920
f 1986/1986 1961/1961 1972/1972
f 1855/1855 1922/1922 1864/1864
f 1970/1970 1959/1959 1855/1855
f 1921/1921 1961/1961 1986/1986
f 1987/1987 1988/1988 1989/1989
f 1987/1987 1989/1989 1990/1990
f 1991/1991 1987/1987 1990/1990
f 1991/1991 1990/1990 1992/1992
f 1993/1993 1994/1994 1991/1991
f 1993/1993 1991/1991 1992/1992
f 1994/1994 1993/1993 1995/1995
f 1994/1994 1995/1995 1996/1996
f 1996/1996 1995/1995 1997/1997
f 1996/1996 1997/1997 1998/1998
f 1999/1999 1998/1998 1997/1997
f 1999/1999 1997/1997 2000/2000
f 2001/2001 2002/2002 1999/1999
f 2001/2001 1999/1999 2000/2000
f 2001/2001 2003/2003 2004/2004
f 2001/2001 2004/2004 2002/2002
f 2005/2005 2004/2004 2003/2003
f 2005/2005 2003/2003 2006/2006
f 2007/2007 2008/2008 2005/2005
f 2007/2007 2005/2005 2006/2006
f 2008/2008 2007/2007 2009/2009
f 2008/2008 2009/2009 2010/2010
f 2011/2011 2012/2012 2010/2010
f 2011/2011 2010/2010 2009/2009
f 2012/2012 2011/2011 2013/2013
f 2012/2012 2013/2013 2014/2014
f 2015/2015 2014/2014 2013/2013
f 2015/2015 2013/2013 2016/2016
f 2017/2017 2018/2018 2015/2015
f 2017/2017 2015/2015 2016/2016
f 2018/2018 2017/2017 1989/1989
f 2018/2018 1989/1989 1988/1988
f 2019/2019 2020/2020 2021/2021
f 2019/2019 2021/2021 2022/2022
f 2023/2023 2024/2024 2020/2020
f 2023/2023 2020/2020 2019/2019
f 2025/2025 2024/2024 2023/2023
f 2025/2025 2023/2023 2026/2026
f 2026/2026 2027/2027 2028/2028
f 2026/2026 2028/2028 2025/2025
f 2027/2027 2029/2029 2030/2030
f 2027/2027 2030/2030 2028/2028
f 2031/2031 2032/2032 2030/2030
f 2031/2031 2030/2030 2029/2029
f 2033/2033 2032/2032 2031/2031
f 2033/2033 2031/2031 2034/2034
f 2033/2033 2034/2034 2035/2035
f 2033/2033 2035/2035 2036/2036
f 2037/2037 2038/2038 2036/2036
f 2037/2037 2036/2036 2035/2035
f 2039/2039 2038/2038 2037/2037
f 2039/2039 2037/2037 2040/2040
f 2040/2040 2041/2041 2042/2042
f 2040/2040 2042/2042 2039/2039
f 2043/2043 2042/2042 2041/2041
f 2043/2043 2041/2041 2044/2044
f 2044/2044 2045/2045 2046/2046
f 2044/2044 2046/2046 2043/2043
f 2047/2047 2048/2048 2046/2046
f 2047/2047 2046/2046 2045/2045
f 2049/2049 2048/2048 2047/2047
f 2049/2049 2047/2047 2050/2050
f 2050/2050 2022/2022 2021/2021
f 2050/2050 2021/2021 2049/2049
f 1851/1851 1850/1850 1888/1888
f 1851/1851 1888/1888 1886/1886
f 2051/2051 2052/2052 2053/2053
f 2051/2051 2053/2053 2054/2054
f 2055/2055 2056/2056 2057/2057
f 2055/2055 2057/2057 2058/2058
f 1862/1862 1857/1857 1859/1859
f 1862/1862 1859/1859 1860/1860
f 2054/2054 2059/2059 2060/2060
f 2054/2054 2060/2060 2051/2051
f 2061/2061 2062/2062 2063/2063
f 2061/2061 2063/2063 2064/2064
f 2065/2065 2066/2066 2064/2064
f 2065/2065 2064/2064 2063/2063
f 2067/2067 2068/2068 2069/2069
f 2067/2067 2069/2069 2070/2070
f 2065/2065 2067/2067 2070/2070
f 2065/2065 2070/2070 2066/2066
f 2071/2071 2072/2072 2073/2073
f 2071/2071 2073/2073 2074/2074
f 2075/2075 2071/2071 2074/2074
f 2075/2075 2074/2074 2076/2076
f 2052/2052 2055/2055 2058/2058
f 2052/2052 2058/2058 2053/2053
f 2077/2077 2078/2078 2069/2069
f 2077/2077 2069/2069 2068/2068
f 2079/2079 2080/2080 2081/2081
f 2079/2079 2081/2081 2082/2082
f 2062/2062 2061/2061 2082/2082
f 2062/2062 2082/2082 2081/2081
f 1871/1871 2083/2083 2084/2084
f 1871/1871 2084/2084 1872/1872
f 1881/1881 1876/1876 1878/1878
f 1881/1881 1878/1878 1879/1879
f 2057/2057 2056/2056 2085/2085
f 2057/2057 2085/2085 2086/2086
f 1953/1953 1866/1866 1884/1884
f 1953/1953 1884/1884 1952/1952
f 2087/2087 2088/2088 2089/2089
f 2087/2087 2089/2089 2090/2090
f 2091/2091 2092/2092 2093/2093
f 2091/2091 2093/2093 2094/2094
f 2085/2085 2094/2094 2093/2093
f 2085/2085 2093/2093 2086/2086
f 1898/1898 1897/1897 1894/1894
f 1898/1898 1894/1894 1896/1896
f 2095/2095 2096/2096 2097/2097
f 2095/2095 2097/2097 2098/2098
f 2098/2098 2099/2099 2100/2100
f 2098/2098 2100/2100 2095/2095
f 2101/2101 2102/2102 2103/2103
f 2101/2101 2103/2103 2104/2104
f 2104/2104 2103/2103 2100/2100
f 2104/2104 2100/2100 2099/2099
f 2105/2105 2106/2106 2107/2107
f 2105/2105 2107/2107 2108/2108
f 2106/2106 2105/2105 2075/2075
f 2106/2106 2075/2075 2076/2076
f 2088/2088 2087/2087 2092/2092
f 2088/2088 2092/2092 2091/2091
f 2101/2101 2109/2109 2110/2110
f 2101/2101 2110/2110 2102/2102
f 2111/2111 2112/2112 2113/2113
f 2111/2111 2113/2113 2114/2114
f 2112/2112 2097/2097 2096/2096
f 2112/2112 2096/2096 2113/2113
f 2084/2084 2083/2083 1908/1908
f 2084/2084 1908/1908 1907/1907
f 1916/1916 1915/1915 1913/1913
f 1916/1916 1913/1913 1912/1912
f 1957/1957 1924/1924 1926/1926
f 1957/1957 1926/1926 1954/1954
f 2060/2060 2059/2059 2115/2115
f 2060/2060 2115/2115 2116/2116
f 2117/2117 2118/2118 2119/2119
f 2117/2117 2119/2119 2120/2120
f 1930/1930 1857/1857 1933/1933
f 1930/1930 1933/1933 1932/1932
f 2121/2121 2122/2122 2123/2123
f 2121/2121 2123/2123 2124/2124
f 2124/2124 2125/2125 2126/2126
f 2124/2124 2126/2126 2121/2121
f 2127/2127 2128/2128 2129/2129
f 2127/2127 2129/2129 2130/2130
f 2130/2130 2129/2129 2126/2126
f 2130/2130 2126/2126 2125/2125
f 2131/2131 2132/2132 2133/2133
f 2131/2131 2133/2133 2134/2134
f 2135/2135 2136/2136 2132/2132
f 2135/2135 2132/2132 2131/2131
f 2120/2120 2119/2119 2116/2116
f 2120/2120 2116/2116 2115/2115
f 1923/1923 1855/1855 1927/1927
f 1923/1923 1927/1927 2137/2137
f 2127/2127 2138/2138 2139/2139
f 2127/2127 2139/2139 2128/2128
f 2140/2140 2080/2080 2079/2079
f 2140/2140 2079/2079 2141/2141
f 2141/2141 2123/2123 2122/2122
f 2141/2141 2122/2122 2140/2140
f 2142/2142 2143/2143 1942/1942
f 2142/2142 1942/1942 1941/1941
f 1881/1881 1949/1949 1947/1947
f 1881/1881 1947/1947 1946/1946
f 2144/2144 2118/2118 2117/2117
f 2144/2144 2117/2117 2145/2145
f 2146/2146 2147/2147 2148/2148
f 2146/2146 2148/2148 2149/2149
f 2150/2150 2151/2151 2152/2152
f 2150/2150 2152/2152 2153/2153
f 2150/2150 2153/2153 2144/2144
f 2150/2150 2144/2144 2145/2145
f 1963/1963 1965/1965 1967/1967
f 1963/1963 1967/1967 1896/1896
f 2089/2089 2148/2148 2147/2147
f 2089/2089 2147/2147 2090/2090
f 2154/2154 2155/2155 2156/2156
f 2154/2154 2156/2156 2157/2157
f 2158/2158 2159/2159 2157/2157
f 2158/2158 2157/2157 2156/2156
f 2160/2160 2161/2161 2162/2162
f 2160/2160 2162/2162 2163/2163
f 2158/2158 2160/2160 2163/2163
f 2158/2158 2163/2163 2159/2159
f 2164/2164 2165/2165 2166/2166
f 2164/2164 2166/2166 2167/2167
f 2167/2167 2136/2136 2135/2135
f 2167/2167 2135/2135 2164/2164
f 2151/2151 2146/2146 2149/2149
f 2151/2151 2149/2149 2152/2152
f 2168/2168 2169/2169 2162/2162
f 2168/2168 2162/2162 2161/2161
f 2170/2170 2171/2171 2111/2111
f 2170/2170 2111/2111 2114/2114
f 2155/2155 2154/2154 2171/2171
f 2155/2155 2171/2171 2170/2170
f 1975/1975 2143/2143 2142/2142
f 1975/1975 2142/2142 1976/1976
f 1916/1916 1980/1980 1982/1982
f 1916/1916 1982/1982 1983/1983
f 1866/1866 2172/2172 1867/1867
f 2172/2172 1866/1866 1892/1892
f 1892/1892 1866/1866 1893/1893
f 1937/1937 1962/1962 1961/1961
f 1962/1962 1937/1937 2173/2173
f 2173/2173 1937/1937 1939/1939
f 2174/2174 2175/2175 2176/2176
f 2175/2175 2177/2177 2176/2176
f 2177/2177 2178/2178 2176/2176
f 2178/2178 2179/2179 2176/2176
f 2179/2179 2180/2180 2176/2176
f 2180/2180 2181/2181 2176/2176
f 2181/2181 2182/2182 2176/2176
f 2182/2182 2183/2183 2176/2176
f 2183/2183 2184/2184 2176/2176
f 2184/2184 2185/2185 2176/2176
f 2185/2185 2186/2186 2176/2176
f 2186/2186 2187/2187 2176/2176
f 2187/2187 2188/2188 2176/2176
f 2188/2188 2189/2189 2176/2176
f 2189/2189 2190/2190 2176/2176
f 2190/2190 2191/2191 2176/2176
f 2191/2191 2192/2192 2176/2176
f 2192/2192 2193/2193 2176/2176
f 2193/2193 2194/2194 2176/2176
f 2194/2194 2195/2195 2176/2176
f 2195/2195 2196/2196 2176/2176
f 2196/2196 2197/2197 2176/2176
f 2197/2197 2198/2198 2176/2176
f 2198/2198 2199/2199 2176/2176
f 2199/2199 2200/2200 2176/2176
f 2200/2200 2201/2201 2176/2176
f 2201/2201 2202/2202 2176/2176
f 2202/2202 2174/2174 2176/2176
f 2203/2203 2204/2204 2205/2205
f 2206/2206 2204/2204 2203/2203
f 2207/2207 2204/2204 2206/2206
f 2208/2208 2204/2204 2207/2207
f 2209/2209 2204/2204 2208/2208
f 2210/2210 2204/2204 2209/2209
f 2211/2211 2204/2204 2210/2210
f 2212/2212 2204/2204 2211/2211
f 2213/2213 2204/2204 2212/2212
f 2214/2214 2204/2204 2213/2213
f 2215/2215 2204/2204 2214/2214
f 2216/2216 2204/2204 2215/2215
f 2217/2217 2204/2204 2216/2216
f 2218/2218 2204/2204 2217/2217
f 2219/2219 2204/2204 2218/2218
f 2220/2220 2204/2204 2219/2219
f 2221/2221 2204/2204 2220/2220
f 2222/2222 2204/2204 2221/2221
f 2223/2223 2204/2204 2222/2222
f 2224/2224 2204/2204 2223/2223
f 2225/2225 2204/2204 2224/2224
f 2226/2226 2204/2204 2225/2225
f 2227/2227 2204/2204 2226/2226
f 2228/2228 2204/2204 2227/2227
f 2229/2229 2204/2204 2228/2228
f 2230/2230 2204/2204 2229/2229
f 2231/2231 2204/2204 2230/2230
f 2205/2205 2204/2204 2231/2231
f 2232/2232 2233/2233 2234/2234
f 2232/2232 2234/2234 2235/2235
f 2234/2234 2233/2233 2236/2236
f 2234/2234 2236/2236 2237/2237
f 2232/2232 2238/2238 2239/2239
f 2232/2232 2239/2239 2233/2233
f 2233/2233 2239/2239 2240/2240
f 2233/2233 2240/2240 2236/2236
f 2241/2241 2242/2242 2239/2239
f 2241/2241 2239/2239 2238/2238
f 2240/2240 2239/2239 2242/2242
f 2240/2240 2242/2242 2243/2243
f 2242/2242 2241/2241 2244/2244
f 2242/2242 2244/2244 2245/2245
f 2242/2242 2245/2245 2246/2246
f 2242/2242 2246/2246 2243/2243
f 2245/2245 2244/2244 2247/2247
f 2245/2245 2247/2247 2248/2248
f 2248/2248 2249/2249 2246/2246
f 2248/2248 2246/2246 2245/2245
f 2247/2247 2250/2250 2251/2251
f 2247/2247 2251/2251 2248/2248
f 2251/2251 2252/2252 2249/2249
f 2251/2251 2249/2249 2248/2248
f 2250/2250 2253/2253 2254/2254
f 2250/2250 2254/2254 2251/2251
f 2252/2252 2251/2251 2254/2254
f 2252/2252 2254/2254 2255/2255
f 2254/2254 2253/2253 2256/2256
f 2254/2254 2256/2256 2257/2257
f 2255/2255 2254/2254 2257/2257
f 2255/2255 2257/2257 2258/2258
f 2257/2257 2256/2256 2259/2259
f 2257/2257 2259/2259 2260/2260
f 2260/2260 2261/2261 2258/2258
f 2260/2260 2258/2258 2257/2257
f 2260/2260 2259/2259 2262/2262
f 2260/2260 2262/2262 2263/2263
f 2261/2261 2260/2260 2263/2263
f 2261/2261 2263/2263 2264/2264
f 2263/2263 2262/2262 2265/2265
f 2263/2263 2265/2265 2266/2266
f 2264/2264 2263/2263 2266/2266
f 2264/2264 2266/2266 2267/2267
f 2265/2265 2268/2268 2269/2269
f 2265/2265 2269/2269 2266/2266
f 2269/2269 2270/2270 2267/2267
f 2269/2269 2267/2267 2266/2266
f 2269/2269 2268/2268 2271/2271
f 2269/2269 2271/2271 2272/2272
f 2270/2270 2269/2269 2272/2272
f 2270/2270 2272/2272 2273/2273
f 2272/2272 2271/2271 2274/2274
f 2272/2272 2274/2274 2275/2275
f 2273/2273 2272/2272 2275/2275
f 2273/2273 2275/2275 2276/2276
f 2275/2275 2274/2274 2277/2277
f 2275/2275 2277/2277 2278/2278
f 2276/2276 2275/2275 2278/2278
f 2276/2276 2278/2278 2279/2279
f 2278/2278 2277/2277 2280/2280
f 2278/2278 2280/2280 2281/2281
f 2279/2279 2278/2278 2281/2281
f 2279/2279 2281/2281 2282/2282
f 2280/2280 2283/2283 2284/2284
f 2280/2280 2284/2284 2281/2281
f 2284/2284 2285/2285 2282/2282
f 2284/2284 2282/2282 2281/2281
f 2283/2283 2286/2286 2287/2287
f 2283/2283 2287/2287 2284/2284
f 2287/2287 2288/2288 2285/2285
f 2287/2287 2285/2285 2284/2284
f 2286/2286 2289/2289 2290/2290
f 2286/2286 2290/2290 2287/2287
f 2290/2290 2291/2291 2288/2288
f 2290/2290 2288/2288 2287/2287
f 2289/2289 2292/2292 2293/2293
f 2289/2289 2293/2293 2290/2290
f 2290/2290 2293/2293 2294/2294
f 2290/2290 2294/2294 2291/2291
f 2293/2293 2292/2292 2295/2295
f 2293/2293 2295/2295 2296/2296
f 2294/2294 2293/2293 2296/2296
f 2294/2294 2296/2296 2297/2297
f 2295/2295 2298/2298 2299/2299
f 2295/2295 2299/2299 2296/2296
f 2296/2296 2299/2299 2300/2300
f 2296/2296 2300/2300 2297/2297
f 2299/2299 2298/2298 2301/2301
f 2299/2299 2301/2301 2302/2302
f 2300/2300 2299/2299 2302/2302
f 2300/2300 2302/2302 2303/2303
f 2301/2301 2304/2304 2305/2305
f 2301/2301 2305/2305 2302/2302
f 2303/2303 2302/2302 2305/2305
f 2303/2303 2305/2305 2306/2306
f 2305/2305 2304/2304 2307/2307
f 2305/2305 2307/2307 2308/2308
f 2306/2306 2305/2305 2308/2308
f 2306/2306 2308/2308 2309/2309
f 2308/2308 2307/2307 2310/2310
f 2308/2308 2310/2310 2311/2311
f 2308/2308 2311/2311 2312/2312
f 2308/2308 2312/2312 2309/2309
f 2310/2310 2313/2313 2314/2314
f 2310/2310 2314/2314 2311/2311
f 2312/2312 2311/2311 2314/2314
f 2312/2312 2314/2314 2315/2315
f 2313/2313 2235/2235 2234/2234
f 2313/2313 2234/2234 2314/2314
f 2315/2315 2314/2314 2234/2234
f 2315/2315 2234/2234 2237/2237
f 2232/2232 2235/2235 2316/2316
f 2232/2232 2316/2316 2317/2317
f 2318/2318 2317/2317 2316/2316
f 2318/2318 2316/2316 2319/2319
f 2316/2316 2235/2235 2313/2313
f 2316/2316 2313/2313 2320/2320
f 2319/2319 2316/2316 2320/2320
f 2319/2319 2320/2320 2321/2321
f 2320/2320 2313/2313 2310/2310
f 2320/2320 2310/2310 2322/2322
f 2322/2322 2323/2323 2321/2321
f 2322/2322 2321/2321 2320/2320
f 2322/2322 2310/2310 2307/2307
f 2322/2322 2307/2307 2324/2324
f 2324/2324 2325/2325 2323/2323
f 2324/2324 2323/2323 2322/2322
f 2324/2324 2307/2307 2304/2304
f 2324/2324 2304/2304 2326/2326
f 2325/2325 2324/2324 2326/2326
f 2325/2325 2326/2326 2327/2327
f 2301/2301 2328/2328 2326/2326
f 2301/2301 2326/2326 2304/2304
f 2327/2327 2326/2326 2328/2328
f 2327/2327 2328/2328 2329/2329
f 2301/2301 2298/2298 2330/2330
f 2301/2301 2330/2330 2328/2328
f 2329/2329 2328/2328 2330/2330
f 2329/2329 2330/2330 2331/2331
f 2298/2298 2295/2295 2332/2332
f 2298/2298 2332/2332 2330/2330
f 2330/2330 2332/2332 2333/2333
f 2330/2330 2333/2333 2331/2331
f 2295/2295 2292/2292 2334/2334
f 2295/2295 2334/2334 2332/2332
f 2333/2333 2332/2332 2334/2334
f 2333/2333 2334/2334 2335/2335
f 2334/2334 2292/2292 2289/2289
f 2334/2334 2289/2289 2336/2336
f 2335/2335 2334/2334 2336/2336
f 2335/2335 2336/2336 2337/2337
f 2289/2289 2286/2286 2338/2338
f 2289/2289 2338/2338 2336/2336
f 2336/2336 2338/2338 2339/2339
f 2336/2336 2339/2339 2337/2337
f 2283/2283 2340/2340 2338/2338
f 2283/2283 2338/2338 2286/2286
f 2340/2340 2341/2341 2339/2339
f 2340/2340 2339/2339 2338/2338
f 2280/2280 2342/2342 2340/2340
f 2280/2280 2340/2340 2283/2283
f 2342/2342 2343/2343 2341/2341
f 2342/2342 2341/2341 2340/2340
f 2342/2342 2280/2280 2277/2277
f 2342/2342 2277/2277 2344/2344
f 2344/2344 2345/2345 2343/2343
f 2344/2344 2343/2343 2342/2342
f 2277/2277 2274/2274 2346/2346
f 2277/2277 2346/2346 2344/2344
f 2344/2344 2346/2346 2347/2347
f 2344/2344 2347/2347 2345/2345
f 2271/2271 2348/2348 2346/2346
f 2271/2271 2346/2346 2274/2274
f 2347/2347 2346/2346 2348/2348
f 2347/2347 2348/2348 2349/2349
f 2271/2271 2268/2268 2350/2350
f 2271/2271 2350/2350 2348/2348
f 2349/2349 2348/2348 2350/2350
f 2349/2349 2350/2350 2351/2351
f 2350/2350 2268/2268 2265/2265
f 2350/2350 2265/2265 2352/2352
f 2352/2352 2353/2353 2351/2351
f 2352/2352 2351/2351 2350/2350
f 2352/2352 2265/2265 2262/2262
f 2352/2352 2262/2262 2354/2354
f 2352/2352 2354/2354 2355/2355
f 2352/2352 2355/2355 2353/2353
f 2262/2262 2259/2259 2356/2356
f 2262/2262 2356/2356 2354/2354
f 2355/2355 2354/2354 2356/2356
f 2355/2355 2356/2356 2357/2357
f 2259/2259 2256/2256 2358/2358
f 2259/2259 2358/2358 2356/2356
f 2358/2358 2359/2359 2357/2357
f 2358/2358 2357/2357 2356/2356
f 2358/2358 2256/2256 2253/2253
f 2358/2358 2253/2253 2360/2360
f 2358/2358 2360/2360 2361/2361
f 2358/2358 2361/2361 2359/2359
f 2250/2250 2362/2362 2360/2360
f 2250/2250 2360/2360 2253/2253
f 2360/2360 2362/2362 2363/2363
f 2360/2360 2363/2363 2361/2361
f 2247/2247 2364/2364 2362/2362
f 2247/2247 2362/2362 2250/2250
f 2364/2364 2365/2365 2363/2363
f 2364/2364 2363/2363 2362/2362
f 2247/2247 2244/2244 2366/2366
f 2247/2247 2366/2366 2364/2364
f 2365/2365 2364/2364 2366/2366
f 2365/2365 2366/2366 2367/2367
f 2241/2241 2368/2368 2366/2366
f 2241/2241 2366/2366 2244/2244
f 2368/2368 2369/2369 2367/2367
f 2368/2368 2367/2367 2366/2366
f 2368/2368 2241/2241 2238/2238
f 2368/2368 2238/2238 2370/2370
f 2369/2369 2368/2368 2370/2370
f 2369/2369 2370/2370 2371/2371
f 2232/2232 2317/2317 2370/2370
f 2232/2232 2370/2370 2238/2238
f 2370/2370 2317/2317 2318/2318
f 2370/2370 2318/2318 2371/2371
f 2372/2372 2373/2373 2374/2374
f 2372/2372 2374/2374 2375/2375
f 2374/2374 2373/2373 2376/2376
f 2374/2374 2376/2376 2377/2377
f 2373/2373 2372/2372 2378/2378
f 2373/2373 2378/2378 2379/2379
f 2376/2376 2373/2373 2379/2379
f 2376/2376 2379/2379 2380/2380
f 2379/2379 2378/2378 2381/2381
f 2379/2379 2381/2381 2382/2382
f 2380/2380 2379/2379 2382/2382
f 2380/2380 2382/2382 2383/2383
f 2382/2382 2381/2381 2384/2384
f 2382/2382 2384/2384 2385/2385
f 2383/2383 2382/2382 2385/2385
f 2383/2383 2385/2385 2386/2386
f 2385/2385 2384/2384 2387/2387
f 2385/2385 2387/2387 2388/2388
f 2386/2386 2385/2385 2388/2388
f 2386/2386 2388/2388 2389/2389
f 2387/2387 2390/2390 2391/2391
f 2387/2387 2391/2391 2388/2388
f 2389/2389 2388/2388 2391/2391
f 2389/2389 2391/2391 2392/2392
f 2390/2390 2393/2393 2394/2394
f 2390/2390 2394/2394 2391/2391
f 2394/2394 2395/2395 2392/2392
f 2394/2394 2392/2392 2391/2391
f 2393/2393 2396/2396 2397/2397
f 2393/2393 2397/2397 2394/2394
f 2397/2397 2398/2398 2395/2395
f 2397/2397 2395/2395 2394/2394
f 2399/2399 2400/2400 2397/2397
f 2399/2399 2397/2397 2396/2396
f 2397/2397 2400/2400 2401/2401
f 2397/2397 2401/2401 2398/2398
f 2402/2402 2403/2403 2400/2400
f 2402/2402 2400/2400 2399/2399
f 2401/2401 2400/2400 2403/2403
f 2401/2401 2403/2403 2404/2404
f 2405/2405 2406/2406 2403/2403
f 2405/2405 2403/2403 2402/2402
f 2404/2404 2403/2403 2406/2406
f 2404/2404 2406/2406 2407/2407
f 2408/2408 2409/2409 2406/2406
f 2408/2408 2406/2406 2405/2405
f 2407/2407 2406/2406 2409/2409
f 2407/2407 2409/2409 2410/2410
f 2411/2411 2412/2412 2409/2409
f 2411/2411 2409/2409 2408/2408
f 2410/2410 2409/2409 2412/2412
f 2410/2410 2412/2412 2413/2413
f 2414/2414 2415/2415 2412/2412
f 2414/2414 2412/2412 2411/2411
f 2415/2415 2416/2416 2413/2413
f 2415/2415 2413/2413 2412/2412
f 2415/2415 2414/2414 2417/2417
f 2415/2415 2417/2417 2418/2418
f 2418/2418 2419/2419 2416/2416
f 2418/2418 2416/2416 2415/2415
f 2420/2420 2421/2421 2418/2418
f 2420/2420 2418/2418 2417/2417
f 2419/2419 2418/2418 2421/2421
f 2419/2419 2421/2421 2422/2422
f 2421/2421 2420/2420 2423/2423
f 2421/2421 2423/2423 2424/2424
f 2422/2422 2421/2421 2424/2424
f 2422/2422 2424/2424 2425/2425
f 2423/2423 2426/2426 2427/2427
f 2423/2423 2427/2427 2424/2424
f 2425/2425 2424/2424 2427/2427
f 2425/2425 2427/2427 2428/2428
f 2427/2427 2426/2426 2429/2429
f 2427/2427 2429/2429 2430/2430
f 2428/2428 2427/2427 2430/2430
f 2428/2428 2430/2430 2431/2431
f 2432/2432 2433/2433 2430/2430
f 2432/2432 2430/2430 2429/2429
f 2431/2431 2430/2430 2433/2433
f 2431/2431 2433/2433 2434/2434
f 2433/2433 2432/2432 2435/2435
f 2433/2433 2435/2435 2436/2436
f 2436/2436 2437/2437 2434/2434
f 2436/2436 2434/2434 2433/2433
f 2435/2435 2438/2438 2439/2439
f 2435/2435 2439/2439 2436/2436
f 2439/2439 2440/2440 2437/2437
f 2439/2439 2437/2437 2436/2436
f 2438/2438 2441/2441 2442/2442
f 2438/2438 2442/2442 2439/2439
f 2440/2440 2439/2439 2442/2442
f 2440/2440 2442/2442 2443/2443
f 2441/2441 2444/2444 2445/2445
f 2441/2441 2445/2445 2442/2442
f 2445/2445 2446/2446 2443/2443
f 2445/2445 2443/2443 2442/2442
f 2447/2447 2448/2448 2445/2445
f 2447/2447 2445/2445 2444/2444
f 2446/2446 2445/2445 2448/2448
f 2446/2446 2448/2448 2449/2449
f 2448/2448 2447/2447 2450/2450
f 2448/2448 2450/2450 2451/2451
f 2451/2451 2452/2452 2449/2449
f 2451/2451 2449/2449 2448/2448
f 2451/2451 2450/2450 2453/2453
f 2451/2451 2453/2453 2454/2454
f 2452/2452 2451/2451 2454/2454
f 2452/2452 2454/2454 2455/2455
f 2453/2453 2375/2375 2374/2374
f 2453/2453 2374/2374 2454/2454
f 2374/2374 2377/2377 2455/2455
f 2374/2374 2455/2455 2454/2454
f 2201/2201 2318/2318 2319/2319
f 2201/2201 2319/2319 2202/2202
f 2321/2321 2174/2174 2202/2202
f 2321/2321 2202/2202 2319/2319
f 2321/2321 2323/2323 2175/2175
f 2321/2321 2175/2175 2174/2174
f 2325/2325 2177/2177 2175/2175
f 2325/2325 2175/2175 2323/2323
f 2177/2177 2325/2325 2327/2327
f 2177/2177 2327/2327 2178/2178
f 2178/2178 2327/2327 2329/2329
f 2178/2178 2329/2329 2179/2179
f 2329/2329 2331/2331 2180/2180
f 2329/2329 2180/2180 2179/2179
f 2180/2180 2331/2331 2333/2333
f 2180/2180 2333/2333 2181/2181
f 2335/2335 2182/2182 2181/2181
f 2335/2335 2181/2181 2333/2333
f 2182/2182 2335/2335 2337/2337
f 2182/2182 2337/2337 2183/2183
f 2339/2339 2184/2184 2183/2183
f 2339/2339 2183/2183 2337/2337
f 2184/2184 2339/2339 2341/2341
f 2184/2184 2341/2341 2185/2185
f 2341/2341 2343/2343 2186/2186
f 2341/2341 2186/2186 2185/2185
f 2186/2186 2343/2343 2345/2345
f 2186/2186 2345/2345 2187/2187
f 2347/2347 2188/2188 2187/2187
f 2347/2347 2187/2187 2345/2345
f 2188/2188 2347/2347 2349/2349
f 2188/2188 2349/2349 2189/2189
f 2189/2189 2349/2349 2351/2351
f 2189/2189 2351/2351 2190/2190
f 2353/2353 2191/2191 2190/2190
f 2353/2353 2190/2190 2351/2351
f 2355/2355 2192/2192 2191/2191
f 2355/2355 2191/2191 2353/2353
f 2192/2192 2355/2355 2357/2357
f 2192/2192 2357/2357 2193/2193
f 2357/2357 2359/2359 2194/2194
f 2357/2357 2194/2194 2193/2193
f 2359/2359 2361/2361 2195/2195
f 2359/2359 2195/2195 2194/2194
f 2361/2361 2363/2363 2196/2196
f 2361/2361 2196/2196 2195/2195
f 2363/2363 2365/2365 2197/2197
f 2363/2363 2197/2197 2196/2196
f 2197/2197 2365/2365 2367/2367
f 2197/2197 2367/2367 2198/2198
f 2198/2198 2367/2367 2369/2369
f 2198/2198 2369/2369 2199/2199
f 2199/2199 2369/2369 2371/2371
f 2199/2199 2371/2371 2200/2200
f 2200/2200 2371/2371 2318/2318
f 2200/2200 2318/2318 2201/2201
f 2377/2377 2376/2376 2203/2203
f 2377/2377 2203/2203 2205/2205
f 2203/2203 2376/2376 2380/2380
f 2203/2203 2380/2380 2206/2206
f 2380/2380 2383/2383 2207/2207
f 2380/2380 2207/2207 2206/2206
f 2383/2383 2386/2386 2208/2208
f 2383/2383 2208/2208 2207/2207
f 2386/2386 2389/2389 2209/2209
f 2386/2386 2209/2209 2208/2208
f 2389/2389 2392/2392 2210/2210
f 2389/2389 2210/2210 2209/2209
f 2392/2392 2395/2395 2211/2211
f 2392/2392 2211/2211 2210/2210
f 2211/2211 2395/2395 2398/2398
f 2211/2211 2398/2398 2212/2212
f 2398/2398 2401/2401 2213/2213
f 2398/2398 2213/2213 2212/2212
f 2401/2401 2404/2404 2214/2214
f 2401/2401 2214/2214 2213/2213
f 2404/2404 2407/2407 2215/2215
f 2404/2404 2215/2215 2214/2214
f 2407/2407 2410/2410 2216/2216
f 2407/2407 2216/2216 2215/2215
f 2410/2410 2413/2413 2217/2217
f 2410/2410 2217/2217 2216/2216
f 2413/2413 2416/2416 2218/2218
f 2413/2413 2218/2218 2217/2217
f 2416/2416 2419/2419 2219/2219
f 2416/2416 2219/2219 2218/2218
f 2419/2419 2422/2422 2220/2220
f 2419/2419 2220/2220 2219/2219
f 2422/2422 2425/2425 2221/2221
f 2422/2422 2221/2221 2220/2220
f 2425/2425 2428/2428 2222/2222
f 2425/2425 2222/2222 2221/2221
f 2428/2428 2431/2431 2223/2223
f 2428/2428 2223/2223 2222/2222
f 2431/2431 2434/2434 2224/2224
f 2431/2431 2224/2224 2223/2223
f 2434/2434 2437/2437 2225/2225
f 2434/2434 2225/2225 2224/2224
f 2437/2437 2440/2440 2226/2226
f 2437/2437 2226/2226 2225/2225
f 2440/2440 2443/2443 2227/2227
f 2440/2440 2227/2227 2226/2226
f 2443/2443 2446/2446 2228/2228
f 2443/2443 2228/2228 2227/2227
f 2446/2446 2449/2449 2229/2229
f 2446/2446 2229/2229 2228/2228
f 2229/2229 2449/2449 2452/2452
f 2229/2229 2452/2452 2230/2230
f 2230/2230 2452/2452 2455/2455
f 2230/2230 2455/2455 2231/2231
f 2455/2455 2377/2377 2205/2205
f 2455/2455 2205/2205 2231/2231
f 2456/2456 2457/2457 2458/2458
f 2456/2456 2458/2458 2459/2459
f 2236/2236 2460/2460 2461/2461
f 2236/2236 2461/2461 2237/2237
f 2462/2462 2457/2457 2456/2456
f 2462/2462 2456/2456 2463/2463
f 2240/2240 2464/2464 2460/2460
f 2240/2240 2460/2460 2236/2236
f 2462/2462 2463/2463 2465/2465
f 2462/2462 2465/2465 2466/2466
f 2464/2464 2240/2240 2243/2243
f 2464/2464 2243/2243 2467/2467
f 2468/2468 2466/2466 2465/2465
f 2468/2468 2465/2465 2469/2469
f 2246/2246 2470/2470 2467/2467
f 2246/2246 2467/2467 2243/2243
f 2471/2471 2468/2468 2469/2469
f 2471/2471 2469/2469 2472/2472
f 2470/2470 2246/2246 2249/2249
f 2470/2470 2249/2249 2473/2473
f 2474/2474 2475/2475 2471/2471
f 2474/2474 2471/2471 2472/2472
f 2476/2476 2473/2473 2249/2249
f 2476/2476 2249/2249 2252/2252
f 2477/2477 2475/2475 2474/2474
f 2477/2477 2474/2474 2478/2478
f 2476/2476 2252/2252 2255/2255
f 2476/2476 2255/2255 2479/2479
f 2480/2480 2481/2481 2477/2477
f 2480/2480 2477/2477 2478/2478
f 2479/2479 2255/2255 2258/2258
f 2479/2479 2258/2258 2482/2482
f 2481/2481 2480/2480 2483/2483
f 2481/2481 2483/2483 2484/2484
f 2482/2482 2258/2258 2261/2261
f 2482/2482 2261/2261 2485/2485
f 2486/2486 2487/2487 2484/2484
f 2486/2486 2484/2484 2483/2483
f 2485/2485 2261/2261 2264/2264
f 2485/2485 2264/2264 2488/2488
f 2489/2489 2490/2490 2487/2487
f 2489/2489 2487/2487 2486/2486
f 2488/2488 2264/2264 2267/2267
f 2488/2488 2267/2267 2491/2491
f 2492/2492 2490/2490 2489/2489
f 2492/2492 2489/2489 2493/2493
f 2270/2270 2494/2494 2491/2491
f 2270/2270 2491/2491 2267/2267
f 2495/2495 2496/2496 2492/2492
f 2495/2495 2492/2492 2493/2493
f 2273/2273 2497/2497 2494/2494
f 2273/2273 2494/2494 2270/2270
f 2498/2498 2499/2499 2496/2496
f 2498/2498 2496/2496 2495/2495
f 2276/2276 2500/2500 2497/2497
f 2276/2276 2497/2497 2273/2273
f 2501/2501 2502/2502 2499/2499
f 2501/2501 2499/2499 2498/2498
f 2279/2279 2503/2503 2500/2500
f 2279/2279 2500/2500 2276/2276
f 2504/2504 2502/2502 2501/2501
f 2504/2504 2501/2501 2505/2505
f 2282/2282 2506/2506 2503/2503
f 2282/2282 2503/2503 2279/2279
f 2504/2504 2505/2505 2507/2507
f 2504/2504 2507/2507 2508/2508
f 2285/2285 2509/2509 2506/2506
f 2285/2285 2506/2506 2282/2282
f 2508/2508 2507/2507 2510/2510
f 2508/2508 2510/2510 2511/2511
f 2288/2288 2512/2512 2509/2509
f 2288/2288 2509/2509 2285/2285
f 2513/2513 2511/2511 2510/2510
f 2513/2513 2510/2510 2514/2514
f 2291/2291 2515/2515 2512/2512
f 2291/2291 2512/2512 2288/2288
f 2513/2513 2514/2514 2516/2516
f 2513/2513 2516/2516 2517/2517
f 2515/2515 2291/2291 2294/2294
f 2515/2515 2294/2294 2518/2518
f 2519/2519 2517/2517 2516/2516
f 2519/2519 2516/2516 2520/2520
f 2518/2518 2294/2294 2297/2297
f 2518/2518 2297/2297 2521/2521
f 2522/2522 2523/2523 2519/2519
f 2522/2522 2519/2519 2520/2520
f 2300/2300 2524/2524 2521/2521
f 2300/2300 2521/2521 2297/2297
f 2525/2525 2526/2526 2523/2523
f 2525/2525 2523/2523 2522/2522
f 2524/2524 2300/2300 2303/2303
f 2524/2524 2303/2303 2527/2527
f 2528/2528 2529/2529 2526/2526
f 2528/2528 2526/2526 2525/2525
f 2306/2306 2530/2530 2527/2527
f 2306/2306 2527/2527 2303/2303
f 2531/2531 2532/2532 2529/2529
f 2531/2531 2529/2529 2528/2528
f 2309/2309 2533/2533 2530/2530
f 2309/2309 2530/2530 2306/2306
f 2534/2534 2532/2532 2531/2531
f 2534/2534 2531/2531 2535/2535
f 2312/2312 2536/2536 2533/2533
f 2312/2312 2533/2533 2309/2309
f 2537/2537 2538/2538 2534/2534
f 2537/2537 2534/2534 2535/2535
f 2536/2536 2312/2312 2315/2315
f 2536/2536 2315/2315 2539/2539
f 2459/2459 2458/2458 2538/2538
f 2459/2459 2538/2538 2537/2537
f 2237/2237 2461/2461 2539/2539
f 2237/2237 2539/2539 2315/2315
f 2540/2540 2372/2372 2375/2375
f 2540/2540 2375/2375 2541/2541
f 2541/2541 2542/2542 2543/2543
f 2541/2541 2543/2543 2540/2540
f 2541/2541 2375/2375 2453/2453
f 2541/2541 2453/2453 2544/2544
f 2541/2541 2544/2544 2545/2545
f 2541/2541 2545/2545 2542/2542
f 2453/2453 2450/2450 2546/2546
f 2453/2453 2546/2546 2544/2544
f 2545/2545 2544/2544 2546/2546
f 2545/2545 2546/2546 2547/2547
f 2450/2450 2447/2447 2548/2548
f 2450/2450 2548/2548 2546/2546
f 2547/2547 2546/2546 2548/2548
f 2547/2547 2548/2548 2549/2549
f 2447/2447 2444/2444 2550/2550
f 2447/2447 2550/2550 2548/2548
f 2548/2548 2550/2550 2551/2551
f 2548/2548 2551/2551 2549/2549
f 2550/2550 2444/2444 2441/2441
f 2550/2550 2441/2441 2552/2552
f 2551/2551 2550/2550 2552/2552
f 2551/2551 2552/2552 2553/2553
f 2552/2552 2441/2441 2438/2438
f 2552/2552 2438/2438 2554/2554
f 2552/2552 2554/2554 2555/2555
f 2552/2552 2555/2555 2553/2553
f 2554/2554 2438/2438 2435/2435
f 2554/2554 2435/2435 2556/2556
f 2555/2555 2554/2554 2556/2556
f 2555/2555 2556/2556 2557/2557
f 2432/2432 2558/2558 2556/2556
f 2432/2432 2556/2556 2435/2435
f 2556/2556 2558/2558 2559/2559
f 2556/2556 2559/2559 2557/2557
f 2432/2432 2429/2429 2560/2560
f 2432/2432 2560/2560 2558/2558
f 2558/2558 2560/2560 2561/2561
f 2558/2558 2561/2561 2559/2559
f 2426/2426 2562/2562 2560/2560
f 2426/2426 2560/2560 2429/2429
f 2560/2560 2562/2562 2563/2563
f 2560/2560 2563/2563 2561/2561
f 2562/2562 2426/2426 2423/2423
f 2562/2562 2423/2423 2564/2564
f 2563/2563 2562/2562 2564/2564
f 2563/2563 2564/2564 2565/2565
f 2420/2420 2566/2566 2564/2564
f 2420/2420 2564/2564 2423/2423
f 2565/2565 2564/2564 2566/2566
f 2565/2565 2566/2566 2567/2567
f 2420/2420 2417/2417 2568/2568
f 2420/2420 2568/2568 2566/2566
f 2568/2568 2569/2569 2567/2567
f 2568/2568 2567/2567 2566/2566
f 2414/2414 2570/2570 2568/2568
f 2414/2414 2568/2568 2417/2417
f 2568/2568 2570/2570 2571/2571
f 2568/2568 2571/2571 2569/2569
f 2414/2414 2411/2411 2572/2572
f 2414/2414 2572/2572 2570/2570
f 2571/2571 2570/2570 2572/2572
f 2571/2571 2572/2572 2573/2573
f 2408/2408 2574/2574 2572/2572
f 2408/2408 2572/2572 2411/2411
f 2573/2573 2572/2572 2574/2574
f 2573/2573 2574/2574 2575/2575
f 2408/2408 2405/2405 2576/2576
f 2408/2408 2576/2576 2574/2574
f 2574/2574 2576/2576 2577/2577
f 2574/2574 2577/2577 2575/2575
f 2576/2576 2405/2405 2402/2402
f 2576/2576 2402/2402 2578/2578
f 2577/2577 2576/2576 2578/2578
f 2577/2577 2578/2578 2579/2579
f 2399/2399 2580/2580 2578/2578
f 2399/2399 2578/2578 2402/2402
f 2580/2580 2581/2581 2579/2579
f 2580/2580 2579/2579 2578/2578
f 2399/2399 2396/2396 2582/2582
f 2399/2399 2582/2582 2580/2580
f 2581/2581 2580/2580 2582/2582
f 2581/2581 2582/2582 2583/2583
f 2582/2582 2396/2396 2393/2393
f 2582/2582 2393/2393 2584/2584
f 2583/2583 2582/2582 2584/2584
f 2583/2583 2584/2584 2585/2585
f 2584/2584 2393/2393 2390/2390
f 2584/2584 2390/2390 2586/2586
f 2584/2584 2586/2586 2587/2587
f 2584/2584 2587/2587 2585/2585
f 2390/2390 2387/2387 2588/2588
f 2390/2390 2588/2588 2586/2586
f 2587/2587 2586/2586 2588/2588
f 2587/2587 2588/2588 2589/2589
f 2588/2588 2387/2387 2384/2384
f 2588/2588 2384/2384 2590/2590
f 2589/2589 2588/2588 2590/2590
f 2589/2589 2590/2590 2591/2591
f 2590/2590 2384/2384 2381/2381
f 2590/2590 2381/2381 2592/2592
f 2590/2590 2592/2592 2593/2593
f 2590/2590 2593/2593 2591/2591
f 2378/2378 2594/2594 2592/2592
f 2378/2378 2592/2592 2381/2381
f 2592/2592 2594/2594 2595/2595
f 2592/2592 2595/2595 2593/2593
f 2372/2372 2540/2540 2594/2594
f 2372/2372 2594/2594 2378/2378
f 2594/2594 2540/2540 2543/2543
f 2594/2594 2543/2543 2595/2595
f 2596/2596 2597/2597 2458/2458
f 2596/2596 2458/2458 2457/2457
f 2597/2597 2596/2596 2598/2598
f 2597/2597 2598/2598 2599/2599
f 2600/2600 2538/2538 2458/2458
f 2600/2600 2458/2458 2597/2597
f 2600/2600 2597/2597 2599/2599
f 2600/2600 2599/2599 2601/2601
f 2538/2538 2600/2600 2602/2602
f 2538/2538 2602/2602 2534/2534
f 2602/2602 2600/2600 2601/2601
f 2602/2602 2601/2601 2603/2603
f 2602/2602 2604/2604 2532/2532
f 2602/2602 2532/2532 2534/2534
f 2604/2604 2602/2602 2603/2603
f 2604/2604 2603/2603 2605/2605
f 2606/2606 2529/2529 2532/2532
f 2606/2606 2532/2532 2604/2604
f 2604/2604 2605/2605 2607/2607
f 2604/2604 2607/2607 2606/2606
f 2529/2529 2606/2606 2608/2608
f 2529/2529 2608/2608 2526/2526
f 2608/2608 2606/2606 2607/2607
f 2608/2608 2607/2607 2609/2609
f 2608/2608 2610/2610 2523/2523
f 2608/2608 2523/2523 2526/2526
f 2610/2610 2608/2608 2609/2609
f 2610/2610 2609/2609 2611/2611
f 2612/2612 2519/2519 2523/2523
f 2612/2612 2523/2523 2610/2610
f 2612/2612 2610/2610 2611/2611
f 2612/2612 2611/2611 2613/2613
f 2614/2614 2517/2517 2519/2519
f 2614/2614 2519/2519 2612/2612
f 2614/2614 2612/2612 2613/2613
f 2614/2614 2613/2613 2615/2615
f 2614/2614 2616/2616 2513/2513
f 2614/2614 2513/2513 2517/2517
f 2614/2614 2615/2615 2617/2617
f 2614/2614 2617/2617 2616/2616
f 2513/2513 2616/2616 2618/2618
f 2513/2513 2618/2618 2511/2511
f 2619/2619 2618/2618 2616/2616
f 2619/2619 2616/2616 2617/2617
f 2511/2511 2618/2618 2620/2620
f 2511/2511 2620/2620 2508/2508
f 2618/2618 2619/2619 2621/2621
f 2618/2618 2621/2621 2620/2620
f 2622/2622 2504/2504 2508/2508
f 2622/2622 2508/2508 2620/2620
f 2622/2622 2620/2620 2621/2621
f 2622/2622 2621/2621 2623/2623
f 2624/2624 2502/2502 2504/2504
f 2624/2624 2504/2504 2622/2622
f 2625/2625 2624/2624 2622/2622
f 2625/2625 2622/2622 2623/2623
f 2626/2626 2499/2499 2502/2502
f 2626/2626 2502/2502 2624/2624
f 2626/2626 2624/2624 2625/2625
f 2626/2626 2625/2625 2627/2627
f 2628/2628 2496/2496 2499/2499
f 2628/2628 2499/2499 2626/2626
f 2628/2628 2626/2626 2627/2627
f 2628/2628 2627/2627 2629/2629
f 2496/2496 2628/2628 2630/2630
f 2496/2496 2630/2630 2492/2492
f 2630/2630 2628/2628 2629/2629
f 2630/2630 2629/2629 2631/2631
f 2492/2492 2630/2630 2632/2632
f 2492/2492 2632/2632 2490/2490
f 2633/2633 2632/2632 2630/2630
f 2633/2633 2630/2630 2631/2631
f 2490/2490 2632/2632 2634/2634
f 2490/2490 2634/2634 2487/2487
f 2635/2635 2634/2634 2632/2632
f 2635/2635 2632/2632 2633/2633
f 2636/2636 2484/2484 2487/2487
f 2636/2636 2487/2487 2634/2634
f 2637/2637 2636/2636 2634/2634
f 2637/2637 2634/2634 2635/2635
f 2484/2484 2636/2636 2638/2638
f 2484/2484 2638/2638 2481/2481
f 2639/2639 2638/2638 2636/2636
f 2639/2639 2636/2636 2637/2637
f 2481/2481 2638/2638 2640/2640
f 2481/2481 2640/2640 2477/2477
f 2641/2641 2640/2640 2638/2638
f 2641/2641 2638/2638 2639/2639
f 2477/2477 2640/2640 2642/2642
f 2477/2477 2642/2642 2475/2475
f 2643/2643 2642/2642 2640/2640
f 2643/2643 2640/2640 2641/2641
f 2644/2644 2471/2471 2475/2475
f 2644/2644 2475/2475 2642/2642
f 2645/2645 2644/2644 2642/2642
f 2645/2645 2642/2642 2643/2643
f 2644/2644 2646/2646 2468/2468
f 2644/2644 2468/2468 2471/2471
f 2647/2647 2646/2646 2644/2644
f 2647/2647 2644/2644 2645/2645
f 2468/2468 2646/2646 2648/2648
f 2468/2468 2648/2648 2466/2466
f 2648/2648 2646/2646 2647/2647
f 2648/2648 2647/2647 2649/2649
f 2648/2648 2650/2650 2462/2462
f 2648/2648 2462/2462 2466/2466
f 2650/2650 2648/2648 2649/2649
f 2650/2650 2649/2649 2651/2651
f 2596/2596 2457/2457 2462/2462
f 2596/2596 2462/2462 2650/2650
f 2650/2650 2651/2651 2598/2598
f 2650/2650 2598/2598 2596/2596
f 2598/2598 2652/2652 2653/2653
f 2598/2598 2653/2653 2599/2599
f 2653/2653 2652/2652 2543/2543
f 2653/2653 2543/2543 2542/2542
f 2599/2599 2653/2653 2654/2654
f 2599/2599 2654/2654 2601/2601
f 2654/2654 2653/2653 2542/2542
f 2654/2654 2542/2542 2545/2545
f 2654/2654 2655/2655 2603/2603
f 2654/2654 2603/2603 2601/2601
f 2655/2655 2654/2654 2545/2545
f 2655/2655 2545/2545 2547/2547
f 2656/2656 2605/2605 2603/2603
f 2656/2656 2603/2603 2655/2655
f 2656/2656 2655/2655 2547/2547
f 2656/2656 2547/2547 2549/2549
f 2657/2657 2607/2607 2605/2605
f 2657/2657 2605/2605 2656/2656
f 2657/2657 2656/2656 2549/2549
f 2657/2657 2549/2549 2551/2551
f 2607/2607 2657/2657 2658/2658
f 2607/2607 2658/2658 2609/2609
f 2657/2657 2551/2551 2553/2553
f 2657/2657 2553/2553 2658/2658
f 2658/2658 2659/2659 2611/2611
f 2658/2658 2611/2611 2609/2609
f 2658/2658 2553/2553 2555/2555
f 2658/2658 2555/2555 2659/2659
f 2660/2660 2613/2613 2611/2611
f 2660/2660 2611/2611 2659/2659
f 2659/2659 2555/2555 2557/2557
f 2659/2659 2557/2557 2660/2660
f 2613/2613 2660/2660 2661/2661
f 2613/2613 2661/2661 2615/2615
f 2660/2660 2557/2557 2559/2559
f 2660/2660 2559/2559 2661/2661
f 2661/2661 2662/2662 2617/2617
f 2661/2661 2617/2617 2615/2615
f 2561/2561 2662/2662 2661/2661
f 2561/2561 2661/2661 2559/2559
f 2662/2662 2663/2663 2619/2619
f 2662/2662 2619/2619 2617/2617
f 2663/2663 2662/2662 2561/2561
f 2663/2663 2561/2561 2563/2563
f 2664/2664 2621/2621 2619/2619
f 2664/2664 2619/2619 2663/2663
f 2664/2664 2663/2663 2563/2563
f 2664/2664 2563/2563 2565/2565
f 2665/2665 2623/2623 2621/2621
f 2665/2665 2621/2621 2664/2664
f 2664/2664 2565/2565 2567/2567
f 2664/2664 2567/2567 2665/2665
f 2665/2665 2666/2666 2625/2625
f 2665/2665 2625/2625 2623/2623
f 2569/2569 2666/2666 2665/2665
f 2569/2569 2665/2665 2567/2567
f 2667/2667 2627/2627 2625/2625
f 2667/2667 2625/2625 2666/2666
f 2571/2571 2667/2667 2666/2666
f 2571/2571 2666/2666 2569/2569
f 2668/2668 2629/2629 2627/2627
f 2668/2668 2627/2627 2667/2667
f 2573/2573 2668/2668 2667/2667
f 2573/2573 2667/2667 2571/2571
f 2669/2669 2631/2631 2629/2629
f 2669/2669 2629/2629 2668/2668
f 2575/2575 2669/2669 2668/2668
f 2575/2575 2668/2668 2573/2573
f 2670/2670 2633/2633 2631/2631
f 2670/2670 2631/2631 2669/2669
f 2669/2669 2575/2575 2577/2577
f 2669/2669 2577/2577 2670/2670
f 2671/2671 2635/2635 2633/2633
f 2671/2671 2633/2633 2670/2670
f 2671/2671 2670/2670 2577/2577
f 2671/2671 2577/2577 2579/2579
f 2635/2635 2671/2671 2672/2672
f 2635/2635 2672/2672 2637/2637
f 2581/2581 2672/2672 2671/2671
f 2581/2581 2671/2671 2579/2579
f 2637/2637 2672/2672 2673/2673
f 2637/2637 2673/2673 2639/2639
f 2583/2583 2673/2673 2672/2672
f 2583/2583 2672/2672 2581/2581
f 2674/2674 2641/2641 2639/2639
f 2674/2674 2639/2639 2673/2673
f 2673/2673 2583/2583 2585/2585
f 2673/2673 2585/2585 2674/2674
f 2675/2675 2643/2643 2641/2641
f 2675/2675 2641/2641 2674/2674
f 2675/2675 2674/2674 2585/2585
f 2675/2675 2585/2585 2587/2587
f 2643/2643 2675/2675 2676/2676
f 2643/2643 2676/2676 2645/2645
f 2676/2676 2675/2675 2587/2587
f 2676/2676 2587/2587 2589/2589
f 2676/2676 2677/2677 2647/2647
f 2676/2676 2647/2647 2645/2645
f 2591/2591 2677/2677 2676/2676
f 2591/2591 2676/2676 2589/2589
f 2677/2677 2678/2678 2649/2649
f 2677/2677 2649/2649 2647/2647
f 2678/2678 2677/2677 2591/2591
f 2678/2678 2591/2591 2593/2593
f 2678/2678 2679/2679 2651/2651
f 2678/2678 2651/2651 2649/2649
f 2678/2678 2593/2593 2595/2595
f 2678/2678 2595/2595 2679/2679
f 2679/2679 2652/2652 2598/2598
f 2679/2679 2598/2598 2651/2651
f 2679/2679 2595/2595 2543/2543
f 2679/2679 2543/2543 2652/2652
f 2680/2680 2681/2681 2682/2682
f 2680/2680 2683/2683 2681/2681
f 2680/2680 2684/2684 2683/2683
f 2680/2680 2685/2685 2684/2684
f 2680/2680 2686/2686 2685/2685
f 2680/2680 2687/2687 2686/2686
f 2680/2680 2688/2688 2687/2687
f 2680/2680 2689/2689 2688/2688
f 2680/2680 2690/2690 2689/2689
f 2680/2680 2691/2691 2690/2690
f 2680/2680 2692/2692 2691/2691
f 2680/2680 2682/2682 2692/2692
f 2693/2693 2694/2694 2695/2695
f 2693/2693 2695/2695 2696/2696
f 2693/2693 2696/2696 2697/2697
f 2693/2693 2697/2697 2698/2698
f 2693/2693 2698/2698 2699/2699
f 2693/2693 2699/2699 2700/2700
f 2693/2693 2700/2700 2701/2701
f 2693/2693 2701/2701 2702/2702
f 2693/2693 2702/2702 2703/2703
f 2693/2693 2703/2703 2704/2704
f 2693/2693 2704/2704 2705/2705
f 2693/2693 2705/2705 2694/2694
f 2706/2706 2707/2707 2682/2682
f 2706/2706 2682/2682 2681/2681
f 2706/2706 2681/2681 2683/2683
f 2706/2706 2683/2683 2708/2708
f 2684/2684 2709/2709 2708/2708
f 2684/2684 2708/2708 2683/2683
f 2684/2684 2685/2685 2710/2710
f 2684/2684 2710/2710 2709/2709
f 2711/2711 2710/2710 2685/2685
f 2711/2711 2685/2685 2686/2686
f 2711/2711 2686/2686 2687/2687
f 2711/2711 2687/2687 2712/2712
f 2713/2713 2712/2712 2687/2687
f 2713/2713 2687/2687 2688/2688
f 2689/2689 2714/2714 2713/2713
f 2689/2689 2713/2713 2688/2688
f 2714/2714 2689/2689 2690/2690
f 2714/2714 2690/2690 2715/2715
f 2715/2715 2690/2690 2691/2691
f 2715/2715 2691/2691 2716/2716
f 2691/2691 2692/2692 2717/2717
f 2691/2691 2717/2717 2716/2716
f 2717/2717 2692/2692 2682/2682
f 2717/2717 2682/2682 2707/2707
f 2718/2718 2719/2719 2707/2707
f 2718/2718 2707/2707 2706/2706
f 2718/2718 2706/2706 2708/2708
f 2718/2718 2708/2708 2720/2720
f 2721/2721 2720/2720 2708/2708
f 2721/2721 2708/2708 2709/2709
f 2710/2710 2722/2722 2721/2721
f 2710/2710 2721/2721 2709/2709
f 2723/2723 2722/2722 2710/2710
f 2723/2723 2710/2710 2711/2711
f 2712/2712 2724/2724 2723/2723
f 2712/2712 2723/2723 2711/2711
f 2713/2713 2725/2725 2724/2724
f 2713/2713 2724/2724 2712/2712
f 2713/2713 2714/2714 2726/2726
f 2713/2713 2726/2726 2725/2725
f 2727/2727 2726/2726 2714/2714
f 2727/2727 2714/2714 2715/2715
f 2728/2728 2727/2727 2715/2715
f 2728/2728 2715/2715 2716/2716
f 2717/2717 2729/2729 2728/2728
f 2717/2717 2728/2728 2716/2716
f 2717/2717 2707/2707 2719/2719
f 2717/2717 2719/2719 2729/2729
f 2730/2730 2695/2695 2694/2694
f 2730/2730 2694/2694 2731/2731
f 2730/2730 2732/2732 2696/2696
f 2730/2730 2696/2696 2695/2695
f 2697/2697 2696/2696 2732/2732
f 2697/2697 2732/2732 2733/2733
f 2697/2697 2733/2733 2734/2734
f 2697/2697 2734/2734 2698/2698
f 2735/2735 2699/2699 2698/2698
f 2735/2735 2698/2698 2734/2734
f 2735/2735 2736/2736 2700/2700
f 2735/2735 2700/2700 2699/2699
f 2737/2737 2701/2701 2700/2700
f 2737/2737 2700/2700 2736/2736
f 2702/2702 2701/2701 2737/2737
f 2702/2702 2737/2737 2738/2738
f 2738/2738 2739/2739 2703/2703
f 2738/2738 2703/2703 2702/2702
f 2739/2739 2740/2740 2704/2704
f 2739/2739 2704/2704 2703/2703
f 2704/2704 2740/2740 2741/2741
f 2704/2704 2741/2741 2705/2705
f 2741/2741 2731/2731 2694/2694
f 2741/2741 2694/2694 2705/2705
f 2742/2742 2730/2730 2731/2731
f 2742/2742 2731/2731 2743/2743
f 2742/2742 2744/2744 2732/2732
f 2742/2742 2732/2732 2730/2730
f 2745/2745 2733/2733 2732/2732
f 2745/2745 2732/2732 2744/2744
f 2734/2734 2733/2733 2745/2745
f 2734/2734 2745/2745 2746/2746
f 2747/2747 2735/2735 2734/2734
f 2747/2747 2734/2734 2746/2746
f 2736/2736 2735/2735 2747/2747
f 2736/2736 2747/2747 2748/2748
f 2737/2737 2736/2736 2748/2748
f 2737/2737 2748/2748 2749/2749
f 2737/2737 2749/2749 2750/2750
f 2737/2737 2750/2750 2738/2738
f 2751/2751 2739/2739 2738/2738
f 2751/2751 2738/2738 2750/2750
f 2752/2752 2740/2740 2739/2739
f 2752/2752 2739/2739 2751/2751
f 2741/2741 2740/2740 2752/2752
f 2741/2741 2752/2752 2753/2753
f 2741/2741 2753/2753 2743/2743
f 2741/2741 2743/2743 2731/2731
f 2754/2754 2755/2755 2756/2756
f 2757/2757 2758/2758 2759/2759
f 2754/2754 2760/2760 2761/2761
f 2762/2762 2758/2758 2763/2763
f 2754/2754 2761/2761 2764/2764
f 2754/2754 2764/2764 2755/2755
f 2763/2763 2758/2758 2765/2765
f 2765/2765 2758/2758 2757/2757
f 2766/2766 2767/2767 2768/2768
f 2769/2769 2770/2770 2771/2771
f 2772/2772 2767/2767 2773/2773
f 2774/2774 2775/2775 2771/2771
f 2773/2773 2767/2767 2776/2776
f 2776/2776 2767/2767 2766/2766
f 2775/2775 2777/2777 2771/2771
f 2777/2777 2769/2769 2771/2771
f 2778/2778 2779/2779 2780/2780
f 2781/2781 2782/2782 2783/2783
f 2778/2778 2784/2784 2785/2785
f 2786/2786 2782/2782 2787/2787
f 2778/2778 2785/2785 2788/2788
f 2778/2778 2788/2788 2779/2779
f 2787/2787 2782/2782 2789/2789
f 2789/2789 2782/2782 2781/2781
f 2790/2790 2791/2791 2792/2792
f 2793/2793 2794/2794 2795/2795
f 2796/2796 2791/2791 2797/2797
f 2798/2798 2799/2799 2795/2795
f 2797/2797 2791/2791 2800/2800
f 2800/2800 2791/2791 2790/2790
f 2799/2799 2801/2801 2795/2795
f 2801/2801 2793/2793 2795/2795
f 2802/2802 2803/2803 2804/2804
f 2804/2804 2803/2803 2805/2805
f 2805/2805 2803/2803 2806/2806
f 2806/2806 2803/2803 2807/2807
f 2807/2807 2803/2803 2808/2808
f 2808/2808 2803/2803 2809/2809
f 2809/2809 2803/2803 2810/2810
f 2810/2810 2803/2803 2802/2802
f 2811/2811 2812/2812 2813/2813
f 2813/2813 2812/2812 2814/2814
f 2814/2814 2812/2812 2815/2815
f 2815/2815 2812/2812 2816/2816
f 2816/2816 2812/2812 2817/2817
f 2817/2817 2812/2812 2818/2818
f 2818/2818 2812/2812 2819/2819
f 2819/2819 2812/2812 2811/2811
f 2820/2820 2821/2821 2822/2822
f 2822/2822 2821/2821 2823/2823
f 2823/2823 2821/2821 2824/2824
f 2824/2824 2821/2821 2825/2825
f 2825/2825 2821/2821 2826/2826
f 2826/2826 2821/2821 2827/2827
f 2827/2827 2821/2821 2828/2828
f 2828/2828 2821/2821 2820/2820
f 2829/2829 2830/2830 2831/2831
f 2831/2831 2830/2830 2832/2832
f 2832/2832 2830/2830 2833/2833
f 2833/2833 2830/2830 2834/2834
f 2834/2834 2830/2830 2835/2835
f 2835/2835 2830/2830 2836/2836
f 2836/2836 2830/2830 2837/2837
f 2837/2837 2830/2830 2829/2829
f 2838/2838 2839/2839 2840/2840
f 2841/2841 2842/2842 2843/2843
f 2844/2844 2845/2845 2846/2846
f 2847/2847 2848/2848 2849/2849
f 2850/2850 2851/2851 2852/2852
f 2853/2853 2854/2854 2855/2855
f 2856/2856 2857/2857 2858/2858
f 2859/2859 2860/2860 2861/2861
f 2862/2862 2863/2863 2864/2864
f 2864/2864 2863/2863 2865/2865
f 2865/2865 2863/2863 2866/2866
f 2866/2866 2863/2863 2867/2867
f 2867/2867 2863/2863 2868/2868
f 2868/2868 2863/2863 2869/2869
f 2869/2869 2863/2863 2870/2870
f 2870/2870 2863/2863 2871/2871
f 2871/2871 2863/2863 2872/2872
f 2872/2872 2863/2863 2873/2873
f 2873/2873 2863/2863 2874/2874
f 2874/2874 2863/2863 2875/2875
f 2875/2875 2863/2863 2876/2876
f 2876/2876 2863/2863 2877/2877
f 2877/2877 2863/2863 2878/2878
f 2878/2878 2863/2863 2862/2862
f 2879/2879 2880/2880 2881/2881
f 2881/2881 2880/2880 2882/2882
f 2882/2882 2880/2880 2883/2883
f 2883/2883 2880/2880 2884/2884
f 2884/2884 2880/2880 2885/2885
f 2885/2885 2880/2880 2886/2886
f 2886/2886 2880/2880 2887/2887
f 2887/2887 2880/2880 2888/2888
f 2888/2888 2880/2880 2889/2889
f 2889/2889 2880/2880 2890/2890
f 2890/2890 2880/2880 2891/2891
f 2891/2891 2880/2880 2892/2892
f 2892/2892 2880/2880 2893/2893
f 2893/2893 2880/2880 2894/2894
f 2894/2894 2880/2880 2895/2895
f 2895/2895 2880/2880 2879/2879
f 2896/2896 2897/2897 2760/2760
f 2896/2896 2760/2760 2754/2754
f 2898/2898 2899/2899 2900/2900
f 2898/2898 2900/2900 2901/2901
f 2902/2902 2903/2903 2904/2904
f 2902/2902 2904/2904 2905/2905
f 2902/2902 2906/2906 2907/2907
f 2902/2902 2907/2907 2903/2903
f 2908/2908 2909/2909 2758/2758
f 2908/2908 2758/2758 2762/2762
f 2910/2910 2899/2899 2898/2898
f 2910/2910 2898/2898 2911/2911
f 2912/2912 2913/2913 2907/2907
f 2912/2912 2907/2907 2906/2906
f 2914/2914 2915/2915 2913/2913
f 2914/2914 2913/2913 2912/2912
f 2915/2915 2914/2914 2910/2910
f 2915/2915 2910/2910 2911/2911
f 2916/2916 2767/2767 2772/2772
f 2916/2916 2772/2772 2917/2917
f 2918/2918 2919/2919 2920/2920
f 2918/2918 2920/2920 2921/2921
f 2922/2922 2923/2923 2924/2924
f 2922/2922 2924/2924 2925/2925
f 2926/2926 2927/2927 2928/2928
f 2926/2926 2928/2928 2929/2929
f 2929/2929 2930/2930 2931/2931
f 2929/2929 2931/2931 2926/2926
f 2932/2932 2933/2933 2774/2774
f 2932/2932 2774/2774 2771/2771
f 2916/2916 2896/2896 2754/2754
f 2916/2916 2754/2754 2767/2767
f 2934/2934 2935/2935 2936/2936
f 2934/2934 2936/2936 2937/2937
f 2921/2921 2938/2938 2939/2939
f 2921/2921 2939/2939 2918/2918
f 2932/2932 2771/2771 2758/2758
f 2932/2932 2758/2758 2909/2909
f 2931/2931 2930/2930 2940/2940
f 2931/2931 2940/2940 2941/2941
f 2941/2941 2940/2940 2942/2942
f 2941/2941 2942/2942 2943/2943
f 2942/2942 2939/2939 2938/2938
f 2942/2942 2938/2938 2943/2943
f 2944/2944 2945/2945 2784/2784
f 2944/2944 2784/2784 2778/2778
f 2946/2946 2947/2947 2948/2948
f 2946/2946 2948/2948 2949/2949
f 2950/2950 2951/2951 2952/2952
f 2950/2950 2952/2952 2953/2953
f 2954/2954 2955/2955 2956/2956
f 2954/2954 2956/2956 2957/2957
f 2958/2958 2959/2959 2960/2960
f 2958/2958 2960/2960 2961/2961
f 2962/2962 2963/2963 2961/2961
f 2962/2962 2961/2961 2960/2960
f 2964/2964 2965/2965 2966/2966
f 2964/2964 2966/2966 2967/2967
f 2786/2786 2968/2968 2969/2969
f 2786/2786 2969/2969 2782/2782
f 2970/2970 2971/2971 2972/2972
f 2970/2970 2972/2972 2973/2973
f 2778/2778 2947/2947 2946/2946
f 2778/2778 2946/2946 2944/2944
f 2954/2954 2957/2957 2974/2974
f 2954/2954 2974/2974 2975/2975
f 2976/2976 2977/2977 2965/2965
f 2976/2976 2965/2965 2964/2964
f 2970/2970 2973/2973 2782/2782
f 2970/2970 2782/2782 2969/2969
f 2950/2950 2978/2978 2979/2979
f 2950/2950 2979/2979 2951/2951
f 2962/2962 2980/2980 2981/2981
f 2962/2962 2981/2981 2963/2963
f 2982/2982 2983/2983 2981/2981
f 2982/2982 2981/2981 2980/2980
f 2983/2983 2982/2982 2979/2979
f 2983/2983 2979/2979 2978/2978
f 2984/2984 2985/2985 2791/2791
f 2984/2984 2791/2791 2796/2796
f 2986/2986 2987/2987 2988/2988
f 2986/2986 2988/2988 2989/2989
f 2990/2990 2991/2991 2992/2992
f 2990/2990 2992/2992 2993/2993
f 2994/2994 2995/2995 2996/2996
f 2994/2994 2996/2996 2997/2997
f 2998/2998 2967/2967 2966/2966
f 2998/2998 2966/2966 2999/2999
f 3000/3000 3001/3001 3002/3002
f 3000/3000 3002/3002 3003/3003
f 3001/3001 3000/3000 3004/3004
f 3001/3001 3004/3004 3005/3005
f 2949/2949 2948/2948 2986/2986
f 2949/2949 2986/2986 2989/2989
f 2995/2995 2994/2994 2956/2956
f 2995/2995 2956/2956 2955/2955
f 3006/3006 2998/2998 2999/2999
f 3006/3006 2999/2999 3007/3007
f 3008/3008 3009/3009 2798/2798
f 3008/3008 2798/2798 2795/2795
f 3010/3010 3011/3011 3012/3012
f 3010/3010 3012/3012 3013/3013
f 2985/2985 2988/2988 2987/2987
f 2985/2985 2987/2987 2791/2791
f 2996/2996 3014/3014 3015/3015
f 2996/2996 3015/3015 2997/2997
f 3006/3006 3007/3007 3016/3016
f 3006/3006 3016/3016 3017/3017
f 3010/3010 3013/3013 3008/3008
f 3010/3010 3008/3008 2795/2795
f 2991/2991 2990/2990 3018/3018
f 2991/2991 3018/3018 3019/3019
f 3012/3012 3011/3011 2972/2972
f 3012/3012 2972/2972 2971/2971
f 3020/3020 3005/3005 3004/3004
f 3020/3020 3004/3004 3021/3021
f 3022/3022 3020/3020 3021/3021
f 3022/3022 3021/3021 3023/3023
f 3022/3022 3023/3023 3019/3019
f 3022/3022 3019/3019 3018/3018
f 3024/3024 3025/3025 3026/3026
f 3024/3024 3026/3026 3027/3027
f 3024/3024 3027/3027 3028/3028
f 3024/3024 3028/3028 3029/3029
f 3030/3030 3031/3031 3032/3032
f 3030/3030 3032/3032 3033/3033
f 3033/3033 3032/3032 3034/3034
f 3033/3033 3034/3034 3035/3035
f 3034/3034 3036/3036 3037/3037
f 3034/3034 3037/3037 3035/3035
f 3038/3038 3039/3039 3037/3037
f 3038/3038 3037/3037 3036/3036
f 3040/3040 3041/3041 3039/3039
f 3040/3040 3039/3039 3038/3038
f 3041/3041 3040/3040 3026/3026
f 3041/3041 3026/3026 3025/3025
f 3042/3042 3043/3043 3044/3044
f 3042/3042 3044/3044 3045/3045
f 3046/3046 3042/3042 3045/3045
f 3046/3046 3045/3045 3047/3047
f 3048/3048 3049/3049 3050/3050
f 3048/3048 3050/3050 3051/3051
f 3050/3050 3049/3049 3052/3052
f 3050/3050 3052/3052 3053/3053
f 3054/3054 3055/3055 3056/3056
f 3054/3054 3056/3056 3057/3057
f 3058/3058 3059/3059 3060/3060
f 3058/3058 3060/3060 3061/3061
f 3062/3062 3063/3063 3064/3064
f 3062/3062 3064/3064 3065/3065
f 3066/3066 3067/3067 3068/3068
f 3066/3066 3068/3068 3069/3069
f 3070/3070 3071/3071 3072/3072
f 3070/3070 3072/3072 3073/3073
f 3074/3074 3075/3075 3076/3076
f 3074/3074 3076/3076 3077/3077
f 3078/3078 3079/3079 3080/3080
f 3078/3078 3080/3080 3081/3081
f 3082/3082 3083/3083 3084/3084
f 3082/3082 3084/3084 3085/3085
f 3055/3055 3086/3086 3087/3087
f 3055/3055 3087/3087 3056/3056
f 3088/3088 3066/3066 3069/3069
f 3088/3088 3069/3069 3089/3089
f 3086/3086 3090/3090 3091/3091
f 3086/3086 3091/3091 3087/3087
f 3068/3068 3067/3067 3091/3091
f 3068/3068 3091/3091 3090/3090
f 3092/3092 3088/3088 3089/3089
f 3092/3092 3089/3089 3093/3093
f 3073/3073 3092/3092 3093/3093
f 3073/3073 3093/3093 3070/3070
f 3094/3094 3095/3095 3096/3096
f 3094/3094 3096/3096 3097/3097
f 3097/3097 3096/3096 3098/3098
f 3097/3097 3098/3098 3099/3099
f 3099/3099 3098/3098 3100/3100
f 3099/3099 3100/3100 3101/3101
f 3102/3102 3103/3103 3104/3104
f 3102/3102 3104/3104 3105/3105
f 3106/3106 3107/3107 3108/3108
f 3106/3106 3108/3108 3109/3109
f 3110/3110 3111/3111 3112/3112
f 3110/3110 3112/3112 3113/3113
f 3112/3112 3111/3111 3114/3114
f 3112/3112 3114/3114 3115/3115
f 3116/3116 3117/3117 3118/3118
f 3116/3116 3118/3118 3119/3119
f 3117/3117 3120/3120 3121/3121
f 3117/3117 3121/3121 3118/3118
f 3122/3122 3123/3123 3124/3124
f 3122/3122 3124/3124 3125/3125
f 3126/3126 3127/3127 3128/3128
f 3126/3126 3128/3128 3129/3129
f 3130/3130 3131/3131 3132/3132
f 3130/3130 3132/3132 3133/3133
f 3134/3134 3135/3135 3136/3136
f 3134/3134 3136/3136 3137/3137
f 3138/3138 3139/3139 3140/3140
f 3138/3138 3140/3140 3141/3141
f 3142/3142 3143/3143 3144/3144
f 3142/3142 3144/3144 3145/3145
f 3146/3146 3147/3147 3148/3148
f 3146/3146 3148/3148 3149/3149
f 3150/3150 3151/3151 3152/3152
f 3150/3150 3152/3152 3153/3153
f 3154/3154 3125/3125 3124/3124
f 3154/3154 3124/3124 3155/3155
f 3156/3156 3136/3136 3135/3135
f 3156/3156 3135/3135 3157/3157
f 3155/3155 3158/3158 3159/3159
f 3155/3155 3159/3159 3154/3154
f 3137/3137 3159/3159 3158/3158
f 3137/3137 3158/3158 3134/3134
f 3157/3157 3160/3160 3161/3161
f 3157/3157 3161/3161 3156/3156
f 3138/3138 3141/3141 3161/3161
f 3138/3138 3161/3161 3160/3160
f 3162/3162 3163/3163 3164/3164
f 3162/3162 3164/3164 3165/3165
f 3166/3166 3167/3167 3162/3162
f 3166/3166 3162/3162 3165/3165
f 3168/3168 3167/3167 3166/3166
f 3168/3168 3166/3166 3169/3169
f 3105/3105 3104/3104 3170/3170
f 3105/3105 3170/3170 3171/3171
f 3172/3172 3173/3173 3108/3108
f 3172/3172 3108/3108 3107/3107
f 3174/3174 3175/3175 3176/3176
f 3174/3174 3176/3176 3177/3177
f 3178/3178 3179/3179 3180/3180
f 3178/3178 3180/3180 3181/3181
f 3175/3175 3174/3174 3182/3182
f 3175/3175 3182/3182 3183/3183
f 3094/3094 3180/3180 3179/3179
f 3094/3094 3179/3179 3095/3095
f 3184/3184 3185/3185 3186/3186
f 3184/3184 3186/3186 3187/3187
f 3188/3188 3101/3101 3100/3100
f 3188/3188 3100/3100 3189/3189
f 3190/3190 3191/3191 3192/3192
f 3190/3190 3192/3192 3193/3193
f 3194/3194 3195/3195 3196/3196
f 3194/3194 3196/3196 3197/3197
f 3198/3198 3199/3199 3200/3200
f 3198/3198 3200/3200 3201/3201
f 3202/3202 3203/3203 3204/3204
f 3202/3202 3204/3204 3205/3205
f 3206/3206 3207/3207 3208/3208
f 3206/3206 3208/3208 3209/3209
f 3210/3210 3211/3211 3212/3212
f 3210/3210 3212/3212 3213/3213
f 3214/3214 3215/3215 3216/3216
f 3214/3214 3216/3216 3217/3217
f 3218/3218 3219/3219 3220/3220
f 3218/3218 3220/3220 3221/3221
f 3222/3222 3082/3082 3085/3085
f 3222/3222 3085/3085 3223/3223
f 3224/3224 3216/3216 3215/3215
f 3224/3224 3215/3215 3225/3225
f 3226/3226 3227/3227 3194/3194
f 3226/3226 3194/3194 3197/3197
f 3202/3202 3205/3205 3228/3228
f 3202/3202 3228/3228 3229/3229
f 3200/3200 3199/3199 3230/3230
f 3200/3200 3230/3230 3231/3231
f 3232/3232 3233/3233 3060/3060
f 3232/3232 3060/3060 3059/3059
f 3058/3058 3061/3061 3234/3234
f 3058/3058 3234/3234 3235/3235
f 3222/3222 3223/3223 3235/3235
f 3222/3222 3235/3235 3234/3234
f 3236/3236 3237/3237 3064/3064
f 3236/3236 3064/3064 3063/3063
f 3237/3237 3236/3236 3233/3233
f 3237/3237 3233/3233 3232/3232
f 3238/3238 3190/3190 3193/3193
f 3238/3238 3193/3193 3239/3239
f 3230/3230 3240/3240 3241/3241
f 3230/3230 3241/3241 3231/3231
f 3201/3201 3242/3242 3243/3243
f 3201/3201 3243/3243 3198/3198
f 3243/3243 3242/3242 3224/3224
f 3243/3243 3224/3224 3225/3225
f 3204/3204 3203/3203 3244/3244
f 3204/3204 3244/3244 3245/3245
f 3245/3245 3244/3244 3246/3246
f 3245/3245 3246/3246 3247/3247
f 3212/3212 3211/3211 3248/3248
f 3212/3212 3248/3248 3249/3249
f 3249/3249 3248/3248 3250/3250
f 3249/3249 3250/3250 3251/3251
f 3084/3084 3083/3083 3252/3252
f 3084/3084 3252/3252 3253/3253
f 3254/3254 3255/3255 3196/3196
f 3254/3254 3196/3196 3195/3195
f 3191/3191 3256/3256 3257/3257
f 3191/3191 3257/3257 3192/3192
f 3258/3258 3259/3259 3054/3054
f 3258/3258 3054/3054 3057/3057
f 3260/3260 3261/3261 3077/3077
f 3260/3260 3077/3077 3076/3076
f 3253/3253 3252/3252 3261/3261
f 3253/3253 3261/3261 3260/3260
f 3262/3262 3263/3263 3188/3188
f 3262/3262 3188/3188 3189/3189
f 3255/3255 3254/3254 3263/3263
f 3255/3255 3263/3263 3262/3262
f 3185/3185 3184/3184 3264/3264
f 3185/3185 3264/3264 3265/3265
f 3256/3256 3265/3265 3264/3264
f 3256/3256 3264/3264 3257/3257
f 3079/3079 3078/3078 3266/3266
f 3079/3079 3266/3266 3267/3267
f 3267/3267 3266/3266 3259/3259
f 3267/3267 3259/3259 3258/3258
f 3268/3268 3269/3269 3187/3187
f 3268/3268 3187/3187 3186/3186
f 3081/3081 3080/3080 3270/3270
f 3081/3081 3270/3270 3271/3271
f 3046/3046 3047/3047 3272/3272
f 3046/3046 3272/3272 3273/3273
f 3182/3182 3274/3274 3275/3275
f 3182/3182 3275/3275 3183/3183
f 3274/3274 3269/3269 3268/3268
f 3274/3274 3268/3268 3275/3275
f 3074/3074 3276/3276 3277/3277
f 3074/3074 3277/3277 3075/3075
f 3273/3273 3272/3272 3277/3277
f 3273/3273 3277/3277 3276/3276
f 3278/3278 3053/3053 3052/3052
f 3278/3278 3052/3052 3279/3279
f 3270/3270 3278/3278 3279/3279
f 3270/3270 3279/3279 3271/3271
f 3214/3214 3217/3217 3206/3206
f 3214/3214 3206/3206 3209/3209
f 3062/3062 3065/3065 3103/3103
f 3062/3062 3103/3103 3102/3102
f 3071/3071 3106/3106 3109/3109
f 3071/3071 3109/3109 3072/3072
f 3219/3219 3218/3218 3210/3210
f 3219/3219 3210/3210 3213/3213
f 3280/3280 3281/3281 3282/3282
f 3280/3280 3282/3282 3283/3283
f 3284/3284 3285/3285 3286/3286
f 3284/3284 3286/3286 3287/3287
f 3281/3281 3288/3288 3289/3289
f 3281/3281 3289/3289 3282/3282
f 3287/3287 3164/3164 3163/3163
f 3287/3287 3163/3163 3284/3284
f 3290/3290 3291/3291 3292/3292
f 3290/3290 3292/3292 3293/3293
f 3294/3294 3295/3295 3296/3296
f 3294/3294 3296/3296 3297/3297
f 3298/3298 3299/3299 3300/3300
f 3298/3298 3300/3300 3301/3301
f 3302/3302 3303/3303 3304/3304
f 3302/3302 3304/3304 3305/3305
f 3306/3306 3307/3307 3308/3308
f 3306/3306 3308/3308 3309/3309
f 3310/3310 3311/3311 3168/3168
f 3310/3310 3168/3168 3169/3169
f 3312/3312 3313/3313 3314/3314
f 3312/3312 3314/3314 3315/3315
f 3316/3316 3317/3317 3318/3318
f 3316/3316 3318/3318 3319/3319
f 3320/3320 3321/3321 3150/3150
f 3320/3320 3150/3150 3153/3153
f 3129/3129 3128/3128 3322/3322
f 3129/3129 3322/3322 3323/3323
f 3317/3317 3324/3324 3325/3325
f 3317/3317 3325/3325 3318/3318
f 3326/3326 3327/3327 3290/3290
f 3326/3326 3290/3290 3293/3293
f 3294/3294 3297/3297 3328/3328
f 3294/3294 3328/3328 3329/3329
f 3330/3330 3331/3331 3301/3301
f 3330/3330 3301/3301 3300/3300
f 3321/3321 3320/3320 3332/3332
f 3321/3321 3332/3332 3333/3333
f 3332/3332 3127/3127 3126/3126
f 3332/3332 3126/3126 3333/3333
f 3322/3322 3334/3334 3335/3335
f 3322/3322 3335/3335 3323/3323
f 3133/3133 3335/3335 3334/3334
f 3133/3133 3334/3334 3130/3130
f 3336/3336 3337/3337 3338/3338
f 3336/3336 3338/3338 3339/3339
f 3340/3340 3341/3341 3342/3342
f 3340/3340 3342/3342 3343/3343
f 3296/3296 3295/3295 3337/3337
f 3296/3296 3337/3337 3336/3336
f 3299/3299 3298/3298 3342/3342
f 3299/3299 3342/3342 3341/3341
f 3344/3344 3345/3345 3346/3346
f 3344/3344 3346/3346 3347/3347
f 3330/3330 3348/3348 3349/3349
f 3330/3330 3349/3349 3331/3331
f 3302/3302 3305/3305 3344/3344
f 3302/3302 3344/3344 3347/3347
f 3348/3348 3307/3307 3306/3306
f 3348/3348 3306/3306 3349/3349
f 3143/3143 3350/3350 3351/3351
f 3143/3143 3351/3351 3144/3144
f 3352/3352 3311/3311 3310/3310
f 3352/3352 3310/3310 3353/3353
f 3354/3354 3355/3355 3148/3148
f 3354/3354 3148/3148 3147/3147
f 3356/3356 3314/3314 3313/3313
f 3356/3356 3313/3313 3357/3357
f 3350/3350 3358/3358 3359/3359
f 3350/3350 3359/3359 3351/3351
f 3360/3360 3352/3352 3353/3353
f 3360/3360 3353/3353 3361/3361
f 3358/3358 3152/3152 3151/3151
f 3358/3358 3151/3151 3359/3359
f 3316/3316 3319/3319 3360/3360
f 3316/3316 3360/3360 3361/3361
f 3362/3362 3355/3355 3354/3354
f 3362/3362 3354/3354 3363/3363
f 3364/3364 3356/3356 3357/3357
f 3364/3364 3357/3357 3365/3365
f 3123/3123 3122/3122 3362/3362
f 3123/3123 3362/3362 3363/3363
f 3292/3292 3291/3291 3364/3364
f 3292/3292 3364/3364 3365/3365
f 3115/3115 3114/3114 3366/3366
f 3115/3115 3366/3366 3367/3367
f 3368/3368 3121/3121 3120/3120
f 3368/3368 3120/3120 3369/3369
f 3289/3289 3288/3288 3370/3370
f 3289/3289 3370/3370 3371/3371
f 3366/3366 3372/3372 3373/3373
f 3366/3366 3373/3373 3367/3367
f 3372/3372 3142/3142 3145/3145
f 3372/3372 3145/3145 3373/3373
f 3374/3374 3375/3375 3368/3368
f 3374/3374 3368/3368 3369/3369
f 3370/3370 3376/3376 3377/3377
f 3370/3370 3377/3377 3371/3371
f 3375/3375 3374/3374 3146/3146
f 3375/3375 3146/3146 3149/3149
f 3377/3377 3376/3376 3312/3312
f 3377/3377 3312/3312 3315/3315
f 3378/3378 3379/3379 3309/3309
f 3378/3378 3309/3309 3308/3308
f 3131/3131 3171/3171 3170/3170
f 3131/3131 3170/3170 3132/3132
f 3380/3380 3304/3304 3303/3303
f 3380/3380 3303/3303 3381/3381
f 3173/3173 3172/3172 3140/3140
f 3173/3173 3140/3140 3139/3139
f 3381/3381 3221/3221 3220/3220
f 3381/3381 3220/3220 3380/3380
f 3379/3379 3378/3378 3208/3208
f 3379/3379 3208/3208 3207/3207
f 3283/3283 3382/3382 3383/3383
f 3283/3283 3383/3383 3280/3280
f 3110/3110 3113/3113 3044/3044
f 3110/3110 3044/3044 3043/3043
f 3051/3051 3116/3116 3119/3119
f 3051/3051 3119/3119 3048/3048
f 3384/3384 3385/3385 3286/3286
f 3384/3384 3286/3286 3285/3285
f 3386/3386 3387/3387 3388/3388
f 3386/3386 3388/3388 3389/3389
f 3390/3390 3391/3391 3389/3389
f 3390/3390 3389/3389 3388/3388
f 3392/3392 3393/3393 3394/3394
f 3392/3392 3394/3394 3395/3395
f 3396/3396 3397/3397 3395/3395
f 3396/3396 3395/3395 3394/3394
f 3397/3397 3396/3396 3398/3398
f 3397/3397 3398/3398 3399/3399
f 3399/3399 3398/3398 3400/3400
f 3399/3399 3400/3400 3401/3401
f 3401/3401 3400/3400 3402/3402
f 3401/3401 3402/3402 3403/3403
f 3387/3387 3386/3386 3403/3403
f 3387/3387 3403/3403 3402/3402
f 2842/2842 2841/2841 3404/3404
f 2842/2842 3404/3404 3405/3405
f 2847/2847 3406/3406 3407/3407
f 2847/2847 3407/3407 2848/2848
f 3408/3408 3409/3409 2845/2845
f 3408/3408 2845/2845 2844/2844
f 3410/3410 3411/3411 3412/3412
f 3410/3410 3412/3412 3413/3413
f 3414/3414 3415/3415 3416/3416
f 3414/3414 3416/3416 3417/3417
f 3413/3413 3418/3418 3419/3419
f 3413/3413 3419/3419 3410/3410
f 3420/3420 3421/3421 3422/3422
f 3420/3420 3422/3422 3423/3423
f 3424/3424 3425/3425 3426/3426
f 3424/3424 3426/3426 3427/3427
f 3428/3428 3429/3429 3422/3422
f 3428/3428 3422/3422 3421/3421
f 3430/3430 3431/3431 3405/3405
f 3430/3430 3405/3405 3404/3404
f 3432/3432 3433/3433 3407/3407
f 3432/3432 3407/3407 3406/3406
f 3415/3415 3414/3414 3434/3434
f 3415/3415 3434/3434 3435/3435
f 3436/3436 3419/3419 3418/3418
f 3436/3436 3418/3418 3437/3437
f 3438/3438 3439/3439 3440/3440
f 3438/3438 3440/3440 3441/3441
f 3408/3408 3442/3442 3443/3443
f 3408/3408 3443/3443 3409/3409
f 3444/3444 3445/3445 3426/3426
f 3444/3444 3426/3426 3425/3425
f 3420/3420 3423/3423 3446/3446
f 3420/3420 3446/3446 3447/3447
f 3412/3412 3411/3411 3417/3417
f 3412/3412 3417/3417 3416/3416
f 3427/3427 3429/3429 3428/3428
f 3427/3427 3428/3428 3424/3424
f 3431/3431 3430/3430 3441/3441
f 3431/3431 3441/3441 3440/3440
f 3432/3432 3443/3443 3442/3442
f 3432/3432 3442/3442 3433/3433
f 3448/3448 3449/3449 3435/3435
f 3448/3448 3435/3435 3434/3434
f 3437/3437 3447/3447 3446/3446
f 3437/3437 3446/3446 3436/3436
f 3439/3439 3438/3438 2838/2838
f 3439/3439 2838/2838 2840/2840
f 2855/2855 3450/3450 3451/3451
f 2855/2855 3451/3451 2853/2853
f 2859/2859 2861/2861 3452/3452
f 2859/2859 3452/3452 3453/3453
f 3454/3454 2856/2856 2858/2858
f 3454/3454 2858/2858 3455/3455
f 3456/3456 3457/3457 3458/3458
f 3456/3456 3458/3458 3459/3459
f 3460/3460 3461/3461 3462/3462
f 3460/3460 3462/3462 3463/3463
f 3457/3457 3456/3456 3464/3464
f 3457/3457 3464/3464 3465/3465
f 3466/3466 3467/3467 3468/3468
f 3466/3466 3468/3468 3469/3469
f 3470/3470 3471/3471 3472/3472
f 3470/3470 3472/3472 3473/3473
f 3474/3474 3469/3469 3468/3468
f 3474/3474 3468/3468 3475/3475
f 3476/3476 3451/3451 3450/3450
f 3476/3476 3450/3450 3477/3477
f 3478/3478 3453/3453 3452/3452
f 3478/3478 3452/3452 3479/3479
f 3463/3463 3480/3480 3481/3481
f 3463/3463 3481/3481 3460/3460
f 3482/3482 3483/3483 3465/3465
f 3482/3482 3465/3465 3464/3464
f 3484/3484 3485/3485 3486/3486
f 3484/3484 3486/3486 3487/3487
f 3454/3454 3455/3455 3488/3488
f 3454/3454 3488/3488 3489/3489
f 3490/3490 3473/3473 3472/3472
f 3490/3490 3472/3472 3491/3491
f 3466/3466 3492/3492 3493/3493
f 3466/3466 3493/3493 3467/3467
f 3458/3458 3462/3462 3461/3461
f 3458/3458 3461/3461 3459/3459
f 3471/3471 3470/3470 3474/3474
f 3471/3471 3474/3474 3475/3475
f 3477/3477 3486/3486 3485/3485
f 3477/3477 3485/3485 3476/3476
f 3478/3478 3479/3479 3489/3489
f 3478/3478 3489/3489 3488/3488
f 3494/3494 3481/3481 3480/3480
f 3494/3494 3480/3480 3495/3495
f 3483/3483 3482/3482 3493/3493
f 3483/3483 3493/3493 3492/3492
f 3487/3487 2851/2851 2850/2850
f 3487/3487 2850/2850 3484/3484
f 3496/3496 3497/3497 3498/3498
f 3496/3496 3498/3498 3499/3499
f 3500/3500 3496/3496 3499/3499
f 3500/3500 3499/3499 3501/3501
f 3502/3502 3503/3503 3500/3500
f 3502/3502 3500/3500 3501/3501
f 3503/3503 3502/3502 3504/3504
f 3503/3503 3504/3504 3505/3505
f 3506/3506 3507/3507 3508/3508
f 3506/3506 3508/3508 3509/3509
f 3510/3510 3509/3509 3508/3508
f 3510/3510 3508/3508 3511/3511
f 3512/3512 3513/3513 3510/3510
f 3512/3512 3510/3510 3511/3511
f 3512/3512 3514/3514 3515/3515
f 3512/3512 3515/3515 3513/3513
f 3516/3516 3515/3515 3514/3514
f 3516/3516 3514/3514 3517/3517
f 3518/3518 3519/3519 3516/3516
f 3518/3518 3516/3516 3517/3517
f 3519/3519 3518/3518 3520/3520
f 3519/3519 3520/3520 3521/3521
f 3522/3522 3523/3523 3521/3521
f 3522/3522 3521/3521 3520/3520
f 3523/3523 3522/3522 3524/3524
f 3523/3523 3524/3524 3525/3525
f 3526/3526 3525/3525 3524/3524
f 3526/3526 3524/3524 3527/3527
f 3528/3528 3529/3529 3526/3526
f 3528/3528 3526/3526 3527/3527
f 3529/3529 3528/3528 3498/3498
f 3529/3529 3498/3498 3497/3497
f 3530/3530 3531/3531 3526/3526
f 3530/3530 3526/3526 3529/3529
f 3531/3531 3532/3532 3525/3525
f 3531/3531 3525/3525 3526/3526
f 3533/3533 3523/3523 3525/3525
f 3533/3533 3525/3525 3532/3532
f 3521/3521 3523/3523 3533/3533
f 3521/3521 3533/3533 3534/3534
f 3519/3519 3521/3521 3534/3534
f 3519/3519 3534/3534 3535/3535
f 3516/3516 3519/3519 3535/3535
f 3516/3516 3535/3535 3536/3536
f 3536/3536 3537/3537 3515/3515
f 3536/3536 3515/3515 3516/3516
f 3537/3537 3538/3538 3513/3513
f 3537/3537 3513/3513 3515/3515
f 3538/3538 3539/3539 3510/3510
f 3538/3538 3510/3510 3513/3513
f 3509/3509 3510/3510 3539/3539
f 3509/3509 3539/3539 3540/3540
f 3509/3509 3540/3540 3541/3541
f 3509/3509 3541/3541 3506/3506
f 3542/3542 3543/3543 3503/3503
f 3542/3542 3503/3503 3505/3505
f 3543/3543 3544/3544 3500/3500
f 3543/3543 3500/3500 3503/3503
f 3545/3545 3496/3496 3500/3500
f 3545/3545 3500/3500 3544/3544
f 3546/3546 3497/3497 3496/3496
f 3546/3546 3496/3496 3545/3545
f 3530/3530 3529/3529 3497/3497
f 3530/3530 3497/3497 3546/3546
f 3547/3547 3548/3548 3549/3549
f 3547/3547 3549/3549 3550/3550
f 3551/3551 3547/3547 3550/3550
f 3551/3551 3550/3550 3552/3552
f 3553/3553 3554/3554 3555/3555
f 3553/3553 3555/3555 3556/3556
f 3554/3554 3553/3553 3557/3557
f 3554/3554 3557/3557 3558/3558
f 3558/3558 3557/3557 3559/3559
f 3558/3558 3559/3559 3560/3560
f 3561/3561 3560/3560 3559/3559
f 3561/3561 3559/3559 3562/3562
f 3563/3563 3564/3564 3561/3561
f 3563/3563 3561/3561 3562/3562
f 3548/3548 3564/3564 3563/3563
f 3548/3548 3563/3563 3549/3549
f 3565/3565 3566/3566 3567/3567
f 3567/3567 3566/3566 3568/3568
f 3568/3568 3566/3566 3569/3569
f 3569/3569 3566/3566 3570/3570
f 3570/3570 3566/3566 3571/3571
f 3571/3571 3566/3566 3572/3572
f 3572/3572 3566/3566 3573/3573
f 3573/3573 3566/3566 3574/3574
f 3574/3574 3566/3566 3575/3575
f 3575/3575 3566/3566 3576/3576
f 3576/3576 3566/3566 3577/3577
f 3577/3577 3566/3566 3578/3578
f 3578/3578 3566/3566 3579/3579
f 3579/3579 3566/3566 3580/3580
f 3580/3580 3566/3566 3581/3581
f 3581/3581 3566/3566 3582/3582
f 3582/3582 3566/3566 3583/3583
f 3583/3583 3566/3566 3584/3584
f 3584/3584 3566/3566 3585/3585
f 3585/3585 3566/3566 3586/3586
f 3586/3586 3566/3566 3587/3587
f 3587/3587 3566/3566 3588/3588
f 3588/3588 3566/3566 3589/3589
f 3589/3589 3566/3566 3590/3590
f 3590/3590 3566/3566 3591/3591
f 3591/3591 3566/3566 3592/3592
f 3592/3592 3566/3566 3593/3593
f 3593/3593 3566/3566 3565/3565
f 3594/3594 3595/3595 3596/3596
f 3596/3596 3595/3595 3597/3597
f 3597/3597 3595/3595 3598/3598
f 3598/3598 3595/3595 3599/3599
f 3599/3599 3595/3595 3600/3600
f 3600/3600 3595/3595 3601/3601
f 3601/3601 3595/3595 3602/3602
f 3602/3602 3595/3595 3603/3603
f 3603/3603 3595/3595 3604/3604
f 3604/3604 3595/3595 3605/3605
f 3605/3605 3595/3595 3606/3606
f 3606/3606 3595/3595 3607/3607
f 3607/3607 3595/3595 3608/3608
f 3608/3608 3595/3595 3609/3609
f 3609/3609 3595/3595 3610/3610
f 3610/3610 3595/3595 3611/3611
f 3611/3611 3595/3595 3612/3612
f 3612/3612 3595/3595 3613/3613
f 3613/3613 3595/3595 3614/3614
f 3614/3614 3595/3595 3615/3615
f 3615/3615 3595/3595 3616/3616
f 3616/3616 3595/3595 3617/3617
f 3617/3617 3595/3595 3618/3618
f 3618/3618 3595/3595 3619/3619
f 3619/3619 3595/3595 3620/3620
f 3620/3620 3595/3595 3621/3621
f 3621/3621 3595/3595 3622/3622
f 3622/3622 3595/3595 3594/3594
f 3623/3623 3624/3624 3625/3625
f 3623/3623 3625/3625 3626/3626
f 3624/3624 3627/3627 3628/3628
f 3624/3624 3628/3628 3625/3625
f 3626/3626 3625/3625 3629/3629
f 3626/3626 3629/3629 3630/3630
f 3625/3625 3628/3628 3631/3631
f 3625/3625 3631/3631 3629/3629
f 3630/3630 3629/3629 3632/3632
f 3630/3630 3632/3632 3633/3633
f 3631/3631 3634/3634 3632/3632
f 3631/3631 3632/3632 3629/3629
f 3632/3632 3635/3635 3636/3636
f 3632/3632 3636/3636 3633/3633
f 3632/3632 3634/3634 3637/3637
f 3632/3632 3637/3637 3635/3635
f 3635/3635 3638/3638 3639/3639
f 3635/3635 3639/3639 3636/3636
f 3635/3635 3637/3637 3640/3640
f 3635/3635 3640/3640 3638/3638
f 3639/3639 3638/3638 3641/3641
f 3639/3639 3641/3641 3642/3642
f 3638/3638 3640/3640 3643/3643
f 3638/3638 3643/3643 3641/3641
f 3642/3642 3641/3641 3644/3644
f 3642/3642 3644/3644 3645/3645
f 3646/3646 3644/3644 3641/3641
f 3646/3646 3641/3641 3643/3643
f 3647/3647 3648/3648 3645/3645
f 3647/3647 3645/3645 3644/3644
f 3646/3646 3649/3649 3647/3647
f 3646/3646 3647/3647 3644/3644
f 3650/3650 3651/3651 3648/3648
f 3650/3650 3648/3648 3647/3647
f 3647/3647 3649/3649 3652/3652
f 3647/3647 3652/3652 3650/3650
f 3653/3653 3654/3654 3651/3651
f 3653/3653 3651/3651 3650/3650
f 3652/3652 3655/3655 3653/3653
f 3652/3652 3653/3653 3650/3650
f 3656/3656 3657/3657 3654/3654
f 3656/3656 3654/3654 3653/3653
f 3658/3658 3656/3656 3653/3653
f 3658/3658 3653/3653 3655/3655
f 3657/3657 3656/3656 3659/3659
f 3657/3657 3659/3659 3660/3660
f 3656/3656 3658/3658 3661/3661
f 3656/3656 3661/3661 3659/3659
f 3662/3662 3663/3663 3660/3660
f 3662/3662 3660/3660 3659/3659
f 3664/3664 3662/3662 3659/3659
f 3664/3664 3659/3659 3661/3661
f 3665/3665 3666/3666 3663/3663
f 3665/3665 3663/3663 3662/3662
f 3667/3667 3665/3665 3662/3662
f 3667/3667 3662/3662 3664/3664
f 3668/3668 3669/3669 3666/3666
f 3668/3668 3666/3666 3665/3665
f 3670/3670 3668/3668 3665/3665
f 3670/3670 3665/3665 3667/3667
f 3671/3671 3672/3672 3669/3669
f 3671/3671 3669/3669 3668/3668
f 3673/3673 3671/3671 3668/3668
f 3673/3673 3668/3668 3670/3670
f 3672/3672 3671/3671 3674/3674
f 3672/3672 3674/3674 3675/3675
f 3671/3671 3673/3673 3676/3676
f 3671/3671 3676/3676 3674/3674
f 3675/3675 3674/3674 3677/3677
f 3675/3675 3677/3677 3678/3678
f 3674/3674 3676/3676 3679/3679
f 3674/3674 3679/3679 3677/3677
f 3678/3678 3677/3677 3680/3680
f 3678/3678 3680/3680 3681/3681
f 3677/3677 3679/3679 3682/3682
f 3677/3677 3682/3682 3680/3680
f 3681/3681 3680/3680 3683/3683
f 3681/3681 3683/3683 3684/3684
f 3680/3680 3682/3682 3685/3685
f 3680/3680 3685/3685 3683/3683
f 3686/3686 3687/3687 3684/3684
f 3686/3686 3684/3684 3683/3683
f 3685/3685 3688/3688 3686/3686
f 3685/3685 3686/3686 3683/3683
f 3687/3687 3686/3686 3689/3689
f 3687/3687 3689/3689 3690/3690
f 3686/3686 3688/3688 3691/3691
f 3686/3686 3691/3691 3689/3689
f 3689/3689 3692/3692 3693/3693
f 3689/3689 3693/3693 3690/3690
f 3691/3691 3694/3694 3692/3692
f 3691/3691 3692/3692 3689/3689
f 3693/3693 3692/3692 3695/3695
f 3693/3693 3695/3695 3696/3696
f 3694/3694 3697/3697 3695/3695
f 3694/3694 3695/3695 3692/3692
f 3698/3698 3699/3699 3696/3696
f 3698/3698 3696/3696 3695/3695
f 3700/3700 3698/3698 3695/3695
f 3700/3700 3695/3695 3697/3697
f 3701/3701 3702/3702 3699/3699
f 3701/3701 3699/3699 3698/3698
f 3698/3698 3700/3700 3703/3703
f 3698/3698 3703/3703 3701/3701
f 3702/3702 3701/3701 3704/3704
f 3702/3702 3704/3704 3705/3705
f 3706/3706 3704/3704 3701/3701
f 3706/3706 3701/3701 3703/3703
f 3705/3705 3704/3704 3624/3624
f 3705/3705 3624/3624 3623/3623
f 3706/3706 3627/3627 3624/3624
f 3706/3706 3624/3624 3704/3704
f 3626/3626 3707/3707 3708/3708
f 3626/3626 3708/3708 3623/3623
f 3709/3709 3710/3710 3708/3708
f 3709/3709 3708/3708 3707/3707
f 3708/3708 3711/3711 3705/3705
f 3708/3708 3705/3705 3623/3623
f 3712/3712 3711/3711 3708/3708
f 3712/3712 3708/3708 3710/3710
f 3713/3713 3702/3702 3705/3705
f 3713/3713 3705/3705 3711/3711
f 3711/3711 3712/3712 3714/3714
f 3711/3711 3714/3714 3713/3713
f 3713/3713 3715/3715 3699/3699
f 3713/3713 3699/3699 3702/3702
f 3713/3713 3714/3714 3716/3716
f 3713/3713 3716/3716 3715/3715
f 3717/3717 3696/3696 3699/3699
f 3717/3717 3699/3699 3715/3715
f 3718/3718 3717/3717 3715/3715
f 3718/3718 3715/3715 3716/3716
f 3696/3696 3717/3717 3719/3719
f 3696/3696 3719/3719 3693/3693
f 3720/3720 3719/3719 3717/3717
f 3720/3720 3717/3717 3718/3718
f 3693/3693 3719/3719 3721/3721
f 3693/3693 3721/3721 3690/3690
f 3722/3722 3721/3721 3719/3719
f 3722/3722 3719/3719 3720/3720
f 3690/3690 3721/3721 3723/3723
f 3690/3690 3723/3723 3687/3687
f 3721/3721 3722/3722 3724/3724
f 3721/3721 3724/3724 3723/3723
f 3687/3687 3723/3723 3725/3725
f 3687/3687 3725/3725 3684/3684
f 3724/3724 3726/3726 3725/3725
f 3724/3724 3725/3725 3723/3723
f 3727/3727 3681/3681 3684/3684
f 3727/3727 3684/3684 3725/3725
f 3728/3728 3727/3727 3725/3725
f 3728/3728 3725/3725 3726/3726
f 3681/3681 3727/3727 3729/3729
f 3681/3681 3729/3729 3678/3678
f 3727/3727 3728/3728 3730/3730
f 3727/3727 3730/3730 3729/3729
f 3678/3678 3729/3729 3731/3731
f 3678/3678 3731/3731 3675/3675
f 3729/3729 3730/3730 3732/3732
f 3729/3729 3732/3732 3731/3731
f 3675/3675 3731/3731 3733/3733
f 3675/3675 3733/3733 3672/3672
f 3731/3731 3732/3732 3734/3734
f 3731/3731 3734/3734 3733/3733
f 3735/3735 3669/3669 3672/3672
f 3735/3735 3672/3672 3733/3733
f 3733/3733 3734/3734 3736/3736
f 3733/3733 3736/3736 3735/3735
f 3669/3669 3735/3735 3737/3737
f 3669/3669 3737/3737 3666/3666
f 3735/3735 3736/3736 3738/3738
f 3735/3735 3738/3738 3737/3737
f 3666/3666 3737/3737 3739/3739
f 3666/3666 3739/3739 3663/3663
f 3738/3738 3740/3740 3739/3739
f 3738/3738 3739/3739 3737/3737
f 3663/3663 3739/3739 3741/3741
f 3663/3663 3741/3741 3660/3660
f 3742/3742 3741/3741 3739/3739
f 3742/3742 3739/3739 3740/3740
f 3743/3743 3657/3657 3660/3660
f 3743/3743 3660/3660 3741/3741
f 3741/3741 3742/3742 3744/3744
f 3741/3741 3744/3744 3743/3743
f 3743/3743 3745/3745 3654/3654
f 3743/3743 3654/3654 3657/3657
f 3743/3743 3744/3744 3746/3746
f 3743/3743 3746/3746 3745/3745
f 3654/3654 3745/3745 3747/3747
f 3654/3654 3747/3747 3651/3651
f 3748/3748 3747/3747 3745/3745
f 3748/3748 3745/3745 3746/3746
f 3651/3651 3747/3747 3749/3749
f 3651/3651 3749/3749 3648/3648
f 3747/3747 3748/3748 3750/3750
f 3747/3747 3750/3750 3749/3749
f 3751/3751 3645/3645 3648/3648
f 3751/3751 3648/3648 3749/3749
f 3749/3749 3750/3750 3752/3752
f 3749/3749 3752/3752 3751/3751
f 3645/3645 3751/3751 3753/3753
f 3645/3645 3753/3753 3642/3642
f 3751/3751 3752/3752 3754/3754
f 3751/3751 3754/3754 3753/3753
f 3642/3642 3753/3753 3755/3755
f 3642/3642 3755/3755 3639/3639
f 3753/3753 3754/3754 3756/3756
f 3753/3753 3756/3756 3755/3755
f 3639/3639 3755/3755 3757/3757
f 3639/3639 3757/3757 3636/3636
f 3756/3756 3758/3758 3757/3757
f 3756/3756 3757/3757 3755/3755
f 3636/3636 3757/3757 3759/3759
f 3636/3636 3759/3759 3633/3633
f 3757/3757 3758/3758 3760/3760
f 3757/3757 3760/3760 3759/3759
f 3761/3761 3630/3630 3633/3633
f 3761/3761 3633/3633 3759/3759
f 3760/3760 3762/3762 3761/3761
f 3760/3760 3761/3761 3759/3759
f 3630/3630 3761/3761 3707/3707
f 3630/3630 3707/3707 3626/3626
f 3761/3761 3762/3762 3709/3709
f 3761/3761 3709/3709 3707/3707
f 3763/3763 3764/3764 3765/3765
f 3763/3763 3765/3765 3766/3766
f 3764/3764 3767/3767 3768/3768
f 3764/3764 3768/3768 3765/3765
f 3769/3769 3770/3770 3766/3766
f 3769/3769 3766/3766 3765/3765
f 3768/3768 3771/3771 3769/3769
f 3768/3768 3769/3769 3765/3765
f 3772/3772 3773/3773 3770/3770
f 3772/3772 3770/3770 3769/3769
f 3771/3771 3774/3774 3772/3772
f 3771/3771 3772/3772 3769/3769
f 3775/3775 3776/3776 3773/3773
f 3775/3775 3773/3773 3772/3772
f 3774/3774 3777/3777 3775/3775
f 3774/3774 3775/3775 3772/3772
f 3778/3778 3779/3779 3776/3776
f 3778/3778 3776/3776 3775/3775
f 3777/3777 3780/3780 3778/3778
f 3777/3777 3778/3778 3775/3775
f 3779/3779 3778/3778 3781/3781
f 3779/3779 3781/3781 3782/3782
f 3780/3780 3783/3783 3781/3781
f 3780/3780 3781/3781 3778/3778
f 3782/3782 3781/3781 3784/3784
f 3782/3782 3784/3784 3785/3785
f 3781/3781 3783/3783 3786/3786
f 3781/3781 3786/3786 3784/3784
f 3785/3785 3784/3784 3787/3787
f 3785/3785 3787/3787 3788/3788
f 3784/3784 3786/3786 3789/3789
f 3784/3784 3789/3789 3787/3787
f 3788/3788 3787/3787 3790/3790
f 3788/3788 3790/3790 3791/3791
f 3787/3787 3789/3789 3792/3792
f 3787/3787 3792/3792 3790/3790
f 3791/3791 3790/3790 3793/3793
f 3791/3791 3793/3793 3794/3794
f 3795/3795 3793/3793 3790/3790
f 3795/3795 3790/3790 3792/3792
f 3794/3794 3793/3793 3796/3796
f 3794/3794 3796/3796 3797/3797
f 3798/3798 3796/3796 3793/3793
f 3798/3798 3793/3793 3795/3795
f 3797/3797 3796/3796 3799/3799
f 3797/3797 3799/3799 3800/3800
f 3801/3801 3799/3799 3796/3796
f 3801/3801 3796/3796 3798/3798
f 3800/3800 3799/3799 3802/3802
f 3800/3800 3802/3802 3803/3803
f 3804/3804 3802/3802 3799/3799
f 3804/3804 3799/3799 3801/3801
f 3803/3803 3802/3802 3805/3805
f 3803/3803 3805/3805 3806/3806
f 3802/3802 3804/3804 3807/3807
f 3802/3802 3807/3807 3805/3805
f 3805/3805 3808/3808 3809/3809
f 3805/3805 3809/3809 3806/3806
f 3805/3805 3807/3807 3810/3810
f 3805/3805 3810/3810 3808/3808
f 3809/3809 3808/3808 3811/3811
f 3809/3809 3811/3811 3812/3812
f 3813/3813 3811/3811 3808/3808
f 3813/3813 3808/3808 3810/3810
f 3814/3814 3815/3815 3812/3812
f 3814/3814 3812/3812 3811/3811
f 3816/3816 3814/3814 3811/3811
f 3816/3816 3811/3811 3813/3813
f 3815/3815 3814/3814 3817/3817
f 3815/3815 3817/3817 3818/3818
f 3816/3816 3819/3819 3817/3817
f 3816/3816 3817/3817 3814/3814
f 3817/3817 3820/3820 3821/3821
f 3817/3817 3821/3821 3818/3818
f 3822/3822 3820/3820 3817/3817
f 3822/3822 3817/3817 3819/3819
f 3821/3821 3820/3820 3823/3823
f 3821/3821 3823/3823 3824/3824
f 3822/3822 3825/3825 3823/3823
f 3822/3822 3823/3823 3820/3820
f 3826/3826 3827/3827 3824/3824
f 3826/3826 3824/3824 3823/3823
f 3823/3823 3825/3825 3828/3828
f 3823/3823 3828/3828 3826/3826
f 3827/3827 3826/3826 3829/3829
f 3827/3827 3829/3829 3830/3830
f 3826/3826 3828/3828 3831/3831
f 3826/3826 3831/3831 3829/3829
f 3830/3830 3829/3829 3832/3832
f 3830/3830 3832/3832 3833/3833
f 3834/3834 3832/3832 3829/3829
f 3834/3834 3829/3829 3831/3831
f 3833/3833 3832/3832 3835/3835
f 3833/3833 3835/3835 3836/3836
f 3832/3832 3834/3834 3837/3837
f 3832/3832 3837/3837 3835/3835
f 3836/3836 3835/3835 3838/3838
f 3836/3836 3838/3838 3839/3839
f 3840/3840 3838/3838 3835/3835
f 3840/3840 3835/3835 3837/3837
f 3841/3841 3842/3842 3839/3839
f 3841/3841 3839/3839 3838/3838
f 3838/3838 3840/3840 3843/3843
f 3838/3838 3843/3843 3841/3841
f 3844/3844 3845/3845 3842/3842
f 3844/3844 3842/3842 3841/3841
f 3846/3846 3844/3844 3841/3841
f 3846/3846 3841/3841 3843/3843
f 3845/3845 3844/3844 3764/3764
f 3845/3845 3764/3764 3763/3763
f 3844/3844 3846/3846 3767/3767
f 3844/3844 3767/3767 3764/3764
f 3709/3709 3592/3592 3593/3593
f 3709/3709 3593/3593 3710/3710
f 3710/3710 3593/3593 3565/3565
f 3710/3710 3565/3565 3712/3712
f 3712/3712 3565/3565 3567/3567
f 3712/3712 3567/3567 3714/3714
f 3714/3714 3567/3567 3568/3568
f 3714/3714 3568/3568 3716/3716
f 3716/3716 3568/3568 3569/3569
f 3716/3716 3569/3569 3718/3718
f 3718/3718 3569/3569 3570/3570
f 3718/3718 3570/3570 3720/3720
f 3720/3720 3570/3570 3571/3571
f 3720/3720 3571/3571 3722/3722
f 3722/3722 3571/3571 3572/3572
f 3722/3722 3572/3572 3724/3724
f 3724/3724 3572/3572 3573/3573
f 3724/3724 3573/3573 3726/3726
f 3726/3726 3573/3573 3574/3574
f 3726/3726 3574/3574 3728/3728
f 3728/3728 3574/3574 3575/3575
f 3728/3728 3575/3575 3730/3730
f 3730/3730 3575/3575 3576/3576
f 3730/3730 3576/3576 3732/3732
f 3576/3576 3577/3577 3734/3734
f 3576/3576 3734/3734 3732/3732
f 3734/3734 3577/3577 3578/3578
f 3734/3734 3578/3578 3736/3736
f 3736/3736 3578/3578 3579/3579
f 3736/3736 3579/3579 3738/3738
f 3738/3738 3579/3579 3580/3580
f 3738/3738 3580/3580 3740/3740
f 3740/3740 3580/3580 3581/3581
f 3740/3740 3581/3581 3742/3742
f 3742/3742 3581/3581 3582/3582
f 3742/3742 3582/3582 3744/3744
f 3744/3744 3582/3582 3583/3583
f 3744/3744 3583/3583 3746/3746
f 3746/3746 3583/3583 3584/3584
f 3746/3746 3584/3584 3748/3748
f 3748/3748 3584/3584 3585/3585
f 3748/3748 3585/3585 3750/3750
f 3750/3750 3585/3585 3586/3586
f 3750/3750 3586/3586 3752/3752
f 3752/3752 3586/3586 3587/3587
f 3752/3752 3587/3587 3754/3754
f 3754/3754 3587/3587 3588/3588
f 3754/3754 3588/3588 3756/3756
f 3756/3756 3588/3588 3589/3589
f 3756/3756 3589/3589 3758/3758
f 3758/3758 3589/3589 3590/3590
f 3758/3758 3590/3590 3760/3760
f 3760/3760 3590/3590 3591/3591
f 3760/3760 3591/3591 3762/3762
f 3762/3762 3591/3591 3592/3592
f 3762/3762 3592/3592 3709/3709
f 3767/3767 3594/3594 3596/3596
f 3767/3767 3596/3596 3768/3768
f 3768/3768 3596/3596 3597/3597
f 3768/3768 3597/3597 3771/3771
f 3597/3597 3598/3598 3774/3774
f 3597/3597 3774/3774 3771/3771
f 3598/3598 3599/3599 3777/3777
f 3598/3598 3777/3777 3774/3774
f 3599/3599 3600/3600 3780/3780
f 3599/3599 3780/3780 3777/3777
f 3600/3600 3601/3601 3783/3783
f 3600/3600 3783/3783 3780/3780
f 3783/3783 3601/3601 3602/3602
f 3783/3783 3602/3602 3786/3786
f 3786/3786 3602/3602 3603/3603
f 3786/3786 3603/3603 3789/3789
f 3603/3603 3604/3604 3792/3792
f 3603/3603 3792/3792 3789/3789
f 3604/3604 3605/3605 3795/3795
f 3604/3604 3795/3795 3792/3792
f 3795/3795 3605/3605 3606/3606
f 3795/3795 3606/3606 3798/3798
f 3606/3606 3607/3607 3801/3801
f 3606/3606 3801/3801 3798/3798
f 3801/3801 3607/3607 3608/3608
f 3801/3801 3608/3608 3804/3804
f 3804/3804 3608/3608 3609/3609
f 3804/3804 3609/3609 3807/3807
f 3807/3807 3609/3609 3610/3610
f 3807/3807 3610/3610 3810/3810
f 3610/3610 3611/3611 3813/3813
f 3610/3610 3813/3813 3810/3810
f 3813/3813 3611/3611 3612/3612
f 3813/3813 3612/3612 3816/3816
f 3612/3612 3613/3613 3819/3819
f 3612/3612 3819/3819 3816/3816
f 3613/3613 3614/3614 3822/3822
f 3613/3613 3822/3822 3819/3819
f 3822/3822 3614/3614 3615/3615
f 3822/3822 3615/3615 3825/3825
f 3825/3825 3615/3615 3616/3616
f 3825/3825 3616/3616 3828/3828
f 3828/3828 3616/3616 3617/3617
f 3828/3828 3617/3617 3831/3831
f 3831/3831 3617/3617 3618/3618
f 3831/3831 3618/3618 3834/3834
f 3834/3834 3618/3618 3619/3619
f 3834/3834 3619/3619 3837/3837
f 3619/3619 3620/3620 3840/3840
f 3619/3619 3840/3840 3837/3837
f 3840/3840 3620/3620 3621/3621
f 3840/3840 3621/3621 3843/3843
f 3843/3843 3621/3621 3622/3622
f 3843/3843 3622/3622 3846/3846
f 3846/3846 3622/3622 3594/3594
f 3846/3846 3594/3594 3767/3767
f 3847/3847 3848/3848 3849/3849
f 3847/3847 3849/3849 3850/3850
f 3627/3627 3851/3851 3852/3852
f 3627/3627 3852/3852 3628/3628
f 3853/3853 3854/3854 3850/3850
f 3853/3853 3850/3850 3849/3849
f 3628/3628 3852/3852 3855/3855
f 3628/3628 3855/3855 3631/3631
f 3856/3856 3857/3857 3854/3854
f 3856/3856 3854/3854 3853/3853
f 3858/3858 3634/3634 3631/3631
f 3858/3858 3631/3631 3855/3855
f 3859/3859 3860/3860 3857/3857
f 3859/3859 3857/3857 3856/3856
f 3637/3637 3634/3634 3858/3858
f 3637/3637 3858/3858 3861/3861
f 3862/3862 3863/3863 3860/3860
f 3862/3862 3860/3860 3859/3859
f 3864/3864 3640/3640 3637/3637
f 3864/3864 3637/3637 3861/3861
f 3865/3865 3863/3863 3862/3862
f 3865/3865 3862/3862 3866/3866
f 3867/3867 3643/3643 3640/3640
f 3867/3867 3640/3640 3864/3864
f 3868/3868 3869/3869 3865/3865
f 3868/3868 3865/3865 3866/3866
f 3870/3870 3646/3646 3643/3643
f 3870/3870 3643/3643 3867/3867
f 3869/3869 3868/3868 3871/3871
f 3869/3869 3871/3871 3872/3872
f 3873/3873 3649/3649 3646/3646
f 3873/3873 3646/3646 3870/3870
f 3874/3874 3875/3875 3872/3872
f 3874/3874 3872/3872 3871/3871
f 3876/3876 3652/3652 3649/3649
f 3876/3876 3649/3649 3873/3873
f 3877/3877 3875/3875 3874/3874
f 3877/3877 3874/3874 3878/3878
f 3879/3879 3655/3655 3652/3652
f 3879/3879 3652/3652 3876/3876
f 3880/3880 3877/3877 3878/3878
f 3880/3880 3878/3878 3881/3881
f 3882/3882 3658/3658 3655/3655
f 3882/3882 3655/3655 3879/3879
f 3883/3883 3884/3884 3880/3880
f 3883/3883 3880/3880 3881/3881
f 3658/3658 3882/3882 3885/3885
f 3658/3658 3885/3885 3661/3661
f 3886/3886 3884/3884 3883/3883
f 3886/3886 3883/3883 3887/3887
f 3661/3661 3885/3885 3888/3888
f 3661/3661 3888/3888 3664/3664
f 3889/3889 3886/3886 3887/3887
f 3889/3889 3887/3887 3890/3890
f 3664/3664 3888/3888 3891/3891
f 3664/3664 3891/3891 3667/3667
f 3892/3892 3889/3889 3890/3890
f 3892/3892 3890/3890 3893/3893
f 3667/3667 3891/3891 3894/3894
f 3667/3667 3894/3894 3670/3670
f 3895/3895 3896/3896 3892/3892
f 3895/3895 3892/3892 3893/3893
f 3670/3670 3894/3894 3897/3897
f 3670/3670 3897/3897 3673/3673
f 3898/3898 3899/3899 3896/3896
f 3898/3898 3896/3896 3895/3895
f 3673/3673 3897/3897 3900/3900
f 3673/3673 3900/3900 3676/3676
f 3901/3901 3902/3902 3899/3899
f 3901/3901 3899/3899 3898/3898
f 3676/3676 3900/3900 3903/3903
f 3676/3676 3903/3903 3679/3679
f 3904/3904 3905/3905 3902/3902
f 3904/3904 3902/3902 3901/3901
f 3679/3679 3903/3903 3906/3906
f 3679/3679 3906/3906 3682/3682
f 3907/3907 3908/3908 3905/3905
f 3907/3907 3905/3905 3904/3904
f 3909/3909 3685/3685 3682/3682
f 3909/3909 3682/3682 3906/3906
f 3910/3910 3911/3911 3908/3908
f 3910/3910 3908/3908 3907/3907
f 3912/3912 3688/3688 3685/3685
f 3912/3912 3685/3685 3909/3909
f 3911/3911 3910/3910 3913/3913
f 3911/3911 3913/3913 3914/3914
f 3688/3688 3912/3912 3915/3915
f 3688/3688 3915/3915 3691/3691
f 3916/3916 3914/3914 3913/3913
f 3916/3916 3913/3913 3917/3917
f 3918/3918 3694/3694 3691/3691
f 3918/3918 3691/3691 3915/3915
f 3916/3916 3917/3917 3919/3919
f 3916/3916 3919/3919 3920/3920
f 3694/3694 3918/3918 3921/3921
f 3694/3694 3921/3921 3697/3697
f 3920/3920 3919/3919 3922/3922
f 3920/3920 3922/3922 3923/3923
f 3697/3697 3921/3921 3924/3924
f 3697/3697 3924/3924 3700/3700
f 3925/3925 3926/3926 3923/3923
f 3925/3925 3923/3923 3922/3922
f 3700/3700 3924/3924 3927/3927
f 3700/3700 3927/3927 3703/3703
f 3926/3926 3925/3925 3928/3928
f 3926/3926 3928/3928 3929/3929
f 3930/3930 3706/3706 3703/3703
f 3930/3930 3703/3703 3927/3927
f 3929/3929 3928/3928 3848/3848
f 3929/3929 3848/3848 3847/3847
f 3706/3706 3930/3930 3851/3851
f 3706/3706 3851/3851 3627/3627
f 3931/3931 3763/3763 3766/3766
f 3931/3931 3766/3766 3932/3932
f 3932/3932 3933/3933 3934/3934
f 3932/3932 3934/3934 3931/3931
f 3935/3935 3845/3845 3763/3763
f 3935/3935 3763/3763 3931/3931
f 3931/3931 3934/3934 3936/3936
f 3931/3931 3936/3936 3935/3935
f 3845/3845 3935/3935 3937/3937
f 3845/3845 3937/3937 3842/3842
f 3938/3938 3937/3937 3935/3935
f 3938/3938 3935/3935 3936/3936
f 3842/3842 3937/3937 3939/3939
f 3842/3842 3939/3939 3839/3839
f 3938/3938 3940/3940 3939/3939
f 3938/3938 3939/3939 3937/3937
f 3839/3839 3939/3939 3941/3941
f 3839/3839 3941/3941 3836/3836
f 3939/3939 3940/3940 3942/3942
f 3939/3939 3942/3942 3941/3941
f 3941/3941 3943/3943 3833/3833
f 3941/3941 3833/3833 3836/3836
f 3942/3942 3944/3944 3943/3943
f 3942/3942 3943/3943 3941/3941
f 3943/3943 3945/3945 3830/3830
f 3943/3943 3830/3830 3833/3833
f 3943/3943 3944/3944 3946/3946
f 3943/3943 3946/3946 3945/3945
f 3945/3945 3947/3947 3827/3827
f 3945/3945 3827/3827 3830/3830
f 3946/3946 3948/3948 3947/3947
f 3946/3946 3947/3947 3945/3945
f 3827/3827 3947/3947 3949/3949
f 3827/3827 3949/3949 3824/3824
f 3947/3947 3948/3948 3950/3950
f 3947/3947 3950/3950 3949/3949
f 3824/3824 3949/3949 3951/3951
f 3824/3824 3951/3951 3821/3821
f 3949/3949 3950/3950 3952/3952
f 3949/3949 3952/3952 3951/3951
f 3821/3821 3951/3951 3953/3953
f 3821/3821 3953/3953 3818/3818
f 3951/3951 3952/3952 3954/3954
f 3951/3951 3954/3954 3953/3953
f 3953/3953 3955/3955 3815/3815
f 3953/3953 3815/3815 3818/3818
f 3954/3954 3956/3956 3955/3955
f 3954/3954 3955/3955 3953/3953
f 3815/3815 3955/3955 3957/3957
f 3815/3815 3957/3957 3812/3812
f 3956/3956 3958/3958 3957/3957
f 3956/3956 3957/3957 3955/3955
f 3812/3812 3957/3957 3959/3959
f 3812/3812 3959/3959 3809/3809
f 3957/3957 3958/3958 3960/3960
f 3957/3957 3960/3960 3959/3959
f 3809/3809 3959/3959 3961/3961
f 3809/3809 3961/3961 3806/3806
f 3959/3959 3960/3960 3962/3962
f 3959/3959 3962/3962 3961/3961
f 3806/3806 3961/3961 3963/3963
f 3806/3806 3963/3963 3803/3803
f 3962/3962 3964/3964 3963/3963
f 3962/3962 3963/3963 3961/3961
f 3803/3803 3963/3963 3965/3965
f 3803/3803 3965/3965 3800/3800
f 3964/3964 3966/3966 3965/3965
f 3964/3964 3965/3965 3963/3963
f 3800/3800 3965/3965 3967/3967
f 3800/3800 3967/3967 3797/3797
f 3965/3965 3966/3966 3968/3968
f 3965/3965 3968/3968 3967/3967
f 3969/3969 3794/3794 3797/3797
f 3969/3969 3797/3797 3967/3967
f 3970/3970 3969/3969 3967/3967
f 3970/3970 3967/3967 3968/3968
f 3794/3794 3969/3969 3971/3971
f 3794/3794 3971/3971 3791/3791
f 3969/3969 3970/3970 3972/3972
f 3969/3969 3972/3972 3971/3971
f 3791/3791 3971/3971 3973/3973
f 3791/3791 3973/3973 3788/3788
f 3974/3974 3973/3973 3971/3971
f 3974/3974 3971/3971 3972/3972
f 3975/3975 3785/3785 3788/3788
f 3975/3975 3788/3788 3973/3973
f 3974/3974 3976/3976 3975/3975
f 3974/3974 3975/3975 3973/3973
f 3977/3977 3782/3782 3785/3785
f 3977/3977 3785/3785 3975/3975
f 3975/3975 3976/3976 3978/3978
f 3975/3975 3978/3978 3977/3977
f 3782/3782 3977/3977 3979/3979
f 3782/3782 3979/3979 3779/3779
f 3980/3980 3979/3979 3977/3977
f 3980/3980 3977/3977 3978/3978
f 3981/3981 3776/3776 3779/3779
f 3981/3981 3779/3779 3979/3979
f 3982/3982 3981/3981 3979/3979
f 3982/3982 3979/3979 3980/3980
f 3983/3983 3773/3773 3776/3776
f 3983/3983 3776/3776 3981/3981
f 3981/3981 3982/3982 3984/3984
f 3981/3981 3984/3984 3983/3983
f 3773/3773 3983/3983 3985/3985
f 3773/3773 3985/3985 3770/3770
f 3983/3983 3984/3984 3986/3986
f 3983/3983 3986/3986 3985/3985
f 3770/3770 3985/3985 3932/3932
f 3770/3770 3932/3932 3766/3766
f 3985/3985 3986/3986 3933/3933
f 3985/3985 3933/3933 3932/3932
f 3987/3987 3849/3849 3848/3848
f 3987/3987 3848/3848 3988/3988
f 3988/3988 3989/3989 3990/3990
f 3988/3988 3990/3990 3987/3987
f 3988/3988 3848/3848 3928/3928
f 3988/3988 3928/3928 3991/3991
f 3991/3991 3992/3992 3989/3989
f 3991/3991 3989/3989 3988/3988
f 3928/3928 3925/3925 3993/3993
f 3928/3928 3993/3993 3991/3991
f 3993/3993 3994/3994 3992/3992
f 3993/3993 3992/3992 3991/3991
f 3993/3993 3925/3925 3922/3922
f 3993/3993 3922/3922 3995/3995
f 3995/3995 3996/3996 3994/3994
f 3995/3995 3994/3994 3993/3993
f 3995/3995 3922/3922 3919/3919
f 3995/3995 3919/3919 3997/3997
f 3997/3997 3998/3998 3996/3996
f 3997/3997 3996/3996 3995/3995
f 3917/3917 3999/3999 3997/3997
f 3917/3917 3997/3997 3919/3919
f 3999/3999 4000/4000 3998/3998
f 3999/3999 3998/3998 3997/3997
f 3999/3999 3917/3917 3913/3913
f 3999/3999 3913/3913 4001/4001
f 4001/4001 4002/4002 4000/4000
f 4001/4001 4000/4000 3999/3999
f 4001/4001 3913/3913 3910/3910
f 4001/4001 3910/3910 4003/4003
f 4003/4003 4004/4004 4002/4002
f 4003/4003 4002/4002 4001/4001
f 4003/4003 3910/3910 3907/3907
f 4003/4003 3907/3907 4005/4005
f 4005/4005 4006/4006 4004/4004
f 4005/4005 4004/4004 4003/4003
f 4005/4005 3907/3907 3904/3904
f 4005/4005 3904/3904 4007/4007
f 4007/4007 4008/4008 4006/4006
f 4007/4007 4006/4006 4005/4005
f 3904/3904 3901/3901 4009/4009
f 3904/3904 4009/4009 4007/4007
f 4010/4010 4008/4008 4007/4007
f 4010/4010 4007/4007 4009/4009
f 3901/3901 3898/3898 4011/4011
f 3901/3901 4011/4011 4009/4009
f 4011/4011 4012/4012 4010/4010
f 4011/4011 4010/4010 4009/4009
f 4011/4011 3898/3898 3895/3895
f 4011/4011 3895/3895 4013/4013
f 4013/4013 4014/4014 4012/4012
f 4013/4013 4012/4012 4011/4011
f 4013/4013 3895/3895 3893/3893
f 4013/4013 3893/3893 4015/4015
f 4014/4014 4013/4013 4015/4015
f 4014/4014 4015/4015 4016/4016
f 4015/4015 3893/3893 3890/3890
f 4015/4015 3890/3890 4017/4017
f 4017/4017 4018/4018 4016/4016
f 4017/4017 4016/4016 4015/4015
f 4017/4017 3890/3890 3887/3887
f 4017/4017 3887/3887 4019/4019
f 4019/4019 4020/4020 4018/4018
f 4019/4019 4018/4018 4017/4017
f 3883/3883 4021/4021 4019/4019
f 3883/3883 4019/4019 3887/3887
f 4021/4021 4022/4022 4020/4020
f 4021/4021 4020/4020 4019/4019
f 3883/3883 3881/3881 4023/4023
f 3883/3883 4023/4023 4021/4021
f 4022/4022 4021/4021 4023/4023
f 4022/4022 4023/4023 4024/4024
f 3881/3881 3878/3878 4025/4025
f 3881/3881 4025/4025 4023/4023
f 4024/4024 4023/4023 4025/4025
f 4024/4024 4025/4025 4026/4026
f 4025/4025 3878/3878 3874/3874
f 4025/4025 3874/3874 4027/4027
f 4028/4028 4026/4026 4025/4025
f 4028/4028 4025/4025 4027/4027
f 3874/3874 3871/3871 4029/4029
f 3874/3874 4029/4029 4027/4027
f 4030/4030 4028/4028 4027/4027
f 4030/4030 4027/4027 4029/4029
f 3871/3871 3868/3868 4031/4031
f 3871/3871 4031/4031 4029/4029
f 4030/4030 4029/4029 4031/4031
f 4030/4030 4031/4031 4032/4032
f 3866/3866 4033/4033 4031/4031
f 3866/3866 4031/4031 3868/3868
f 4032/4032 4031/4031 4033/4033
f 4032/4032 4033/4033 4034/4034
f 4033/4033 3866/3866 3862/3862
f 4033/4033 3862/3862 4035/4035
f 4034/4034 4033/4033 4035/4035
f 4034/4034 4035/4035 4036/4036
f 4035/4035 3862/3862 3859/3859
f 4035/4035 3859/3859 4037/4037
f 4036/4036 4035/4035 4037/4037
f 4036/4036 4037/4037 4038/4038
f 3859/3859 3856/3856 4039/4039
f 3859/3859 4039/4039 4037/4037
f 4039/4039 4040/4040 4038/4038
f 4039/4039 4038/4038 4037/4037
f 4039/4039 3856/3856 3853/3853
f 4039/4039 3853/3853 4041/4041
f 4041/4041 4042/4042 4040/4040
f 4041/4041 4040/4040 4039/4039
f 4041/4041 3853/3853 3849/3849
f 4041/4041 3849/3849 3987/3987
f 3987/3987 3990/3990 4042/4042
f 3987/3987 4042/4042 4041/4041
f 3990/3990 3989/3989 4043/4043
f 3990/3990 4043/4043 4044/4044
f 4043/4043 3934/3934 3933/3933
f 4043/4043 3933/3933 4044/4044
f 3989/3989 3992/3992 4045/4045
f 3989/3989 4045/4045 4043/4043
f 4045/4045 3936/3936 3934/3934
f 4045/4045 3934/3934 4043/4043
f 4045/4045 3992/3992 3994/3994
f 4045/4045 3994/3994 4046/4046
f 4046/4046 3938/3938 3936/3936
f 4046/4046 3936/3936 4045/4045
f 4046/4046 3994/3994 3996/3996
f 4046/4046 3996/3996 4047/4047
f 4047/4047 3940/3940 3938/3938
f 4047/4047 3938/3938 4046/4046
f 4047/4047 3996/3996 3998/3998
f 4047/4047 3998/3998 4048/4048
f 4048/4048 3942/3942 3940/3940
f 4048/4048 3940/3940 4047/4047
f 3998/3998 4000/4000 4049/4049
f 3998/3998 4049/4049 4048/4048
f 4049/4049 3944/3944 3942/3942
f 4049/4049 3942/3942 4048/4048
f 4049/4049 4000/4000 4002/4002
f 4049/4049 4002/4002 4050/4050
f 4050/4050 3946/3946 3944/3944
f 4050/4050 3944/3944 4049/4049
f 4050/4050 4002/4002 4004/4004
f 4050/4050 4004/4004 4051/4051
f 4051/4051 3948/3948 3946/3946
f 4051/4051 3946/3946 4050/4050
f 4004/4004 4006/4006 4052/4052
f 4004/4004 4052/4052 4051/4051
f 4052/4052 3950/3950 3948/3948
f 4052/4052 3948/3948 4051/4051
f 4052/4052 4006/4006 4008/4008
f 4052/4052 4008/4008 4053/4053
f 3950/3950 4052/4052 4053/4053
f 3950/3950 4053/4053 3952/3952
f 4053/4053 4008/4008 4010/4010
f 4053/4053 4010/4010 4054/4054
f 4054/4054 3954/3954 3952/3952
f 4054/4054 3952/3952 4053/4053
f 4054/4054 4010/4010 4012/4012
f 4054/4054 4012/4012 4055/4055
f 4055/4055 3956/3956 3954/3954
f 4055/4055 3954/3954 4054/4054
f 4055/4055 4012/4012 4014/4014
f 4055/4055 4014/4014 4056/4056
f 4056/4056 3958/3958 3956/3956
f 4056/4056 3956/3956 4055/4055
f 4056/4056 4014/4014 4016/4016
f 4056/4056 4016/4016 4057/4057
f 3958/3958 4056/4056 4057/4057
f 3958/3958 4057/4057 3960/3960
f 4057/4057 4016/4016 4018/4018
f 4057/4057 4018/4018 4058/4058
f 3962/3962 3960/3960 4057/4057
f 3962/3962 4057/4057 4058/4058
f 4058/4058 4018/4018 4020/4020
f 4058/4058 4020/4020 4059/4059
f 3964/3964 3962/3962 4058/4058
f 3964/3964 4058/4058 4059/4059
f 4059/4059 4020/4020 4022/4022
f 4059/4059 4022/4022 4060/4060
f 3964/3964 4059/4059 4060/4060
f 3964/3964 4060/4060 3966/3966
f 4060/4060 4022/4022 4024/4024
f 4060/4060 4024/4024 4061/4061
f 4061/4061 3968/3968 3966/3966
f 4061/4061 3966/3966 4060/4060
f 4061/4061 4024/4024 4026/4026
f 4061/4061 4026/4026 4062/4062
f 4062/4062 3970/3970 3968/3968
f 4062/4062 3968/3968 4061/4061
f 4026/4026 4028/4028 4063/4063
f 4026/4026 4063/4063 4062/4062
f 3970/3970 4062/4062 4063/4063
f 3970/3970 4063/4063 3972/3972
f 4028/4028 4030/4030 4064/4064
f 4028/4028 4064/4064 4063/4063
f 3974/3974 3972/3972 4063/4063
f 3974/3974 4063/4063 4064/4064
f 4064/4064 4030/4030 4032/4032
f 4064/4064 4032/4032 4065/4065
f 4065/4065 3976/3976 3974/3974
f 4065/4065 3974/3974 4064/4064
f 4065/4065 4032/4032 4034/4034
f 4065/4065 4034/4034 4066/4066
f 4066/4066 3978/3978 3976/3976
f 4066/4066 3976/3976 4065/4065
f 4034/4034 4036/4036 4067/4067
f 4034/4034 4067/4067 4066/4066
f 4067/4067 3980/3980 3978/3978
f 4067/4067 3978/3978 4066/4066
f 4067/4067 4036/4036 4038/4038
f 4067/4067 4038/4038 4068/4068
f 3982/3982 3980/3980 4067/4067
f 3982/3982 4067/4067 4068/4068
f 4068/4068 4038/4038 4040/4040
f 4068/4068 4040/4040 4069/4069
f 4069/4069 3984/3984 3982/3982
f 4069/4069 3982/3982 4068/4068
f 4069/4069 4040/4040 4042/4042
f 4069/4069 4042/4042 4070/4070
f 4070/4070 3986/3986 3984/3984
f 4070/4070 3984/3984 4069/4069
f 4070/4070 4042/4042 3990/3990
f 4070/4070 3990/3990 4044/4044
f 4044/4044 3933/3933 3986/3986
f 4044/4044 3986/3986 4070/4070
f 4071/4071 4072/4072 4073/4073
f 4071/4071 4073/4073 4074/4074
f 4071/4071 4074/4074 4075/4075
f 4071/4071 4075/4075 4076/4076
f 4071/4071 4076/4076 4077/4077
f 4071/4071 4077/4077 4078/4078
f 4071/4071 4078/4078 4079/4079
f 4071/4071 4079/4079 4080/4080
f 4071/4071 4080/4080 4081/4081
f 4071/4071 4081/4081 4082/4082
f 4071/4071 4082/4082 4083/4083
f 4071/4071 4083/4083 4072/4072
f 4084/4084 4085/4085 4086/4086
f 4084/4084 4087/4087 4085/4085
f 4084/4084 4088/4088 4087/4087
f 4084/4084 4089/4089 4088/4088
f 4084/4084 4090/4090 4089/4089
f 4084/4084 4091/4091 4090/4090
f 4084/4084 4092/4092 4091/4091
f 4084/4084 4093/4093 4092/4092
f 4084/4084 4094/4094 4093/4093
f 4084/4084 4095/4095 4094/4094
f 4084/4084 4096/4096 4095/4095
f 4084/4084 4086/4086 4096/4096
f 4097/4097 4073/4073 4072/4072
f 4097/4097 4072/4072 4098/4098
f 4097/4097 4099/4099 4074/4074
f 4097/4097 4074/4074 4073/4073
f 4075/4075 4074/4074 4099/4099
f 4075/4075 4099/4099 4100/4100
f 4075/4075 4100/4100 4101/4101
f 4075/4075 4101/4101 4076/4076
f 4102/4102 4077/4077 4076/4076
f 4102/4102 4076/4076 4101/4101
f 4102/4102 4103/4103 4078/4078
f 4102/4102 4078/4078 4077/4077
f 4104/4104 4079/4079 4078/4078
f 4104/4104 4078/4078 4103/4103
f 4080/4080 4079/4079 4104/4104
f 4080/4080 4104/4104 4105/4105
f 4105/4105 4106/4106 4081/4081
f 4105/4105 4081/4081 4080/4080
f 4106/4106 4107/4107 4082/4082
f 4106/4106 4082/4082 4081/4081
f 4082/4082 4107/4107 4108/4108
f 4082/4082 4108/4108 4083/4083
f 4108/4108 4098/4098 4072/4072
f 4108/4108 4072/4072 4083/4083
f 4109/4109 4097/4097 4098/4098
f 4109/4109 4098/4098 4110/4110
f 4109/4109 4111/4111 4099/4099
f 4109/4109 4099/4099 4097/4097
f 4112/4112 4100/4100 4099/4099
f 4112/4112 4099/4099 4111/4111
f 4101/4101 4100/4100 4112/4112
f 4101/4101 4112/4112 4113/4113
f 4114/4114 4102/4102 4101/4101
f 4114/4114 4101/4101 4113/4113
f 4103/4103 4102/4102 4114/4114
f 4103/4103 4114/4114 4115/4115
f 4104/4104 4103/4103 4115/4115
f 4104/4104 4115/4115 4116/4116
f 4104/4104 4116/4116 4117/4117
f 4104/4104 4117/4117 4105/4105
f 4118/4118 4106/4106 4105/4105
f 4118/4118 4105/4105 4117/4117
f 4119/4119 4107/4107 4106/4106
f 4119/4119 4106/4106 4118/4118
f 4108/4108 4107/4107 4119/4119
f 4108/4108 4119/4119 4120/4120
f 4108/4108 4120/4120 4110/4110
f 4108/4108 4110/4110 4098/4098
f 4121/4121 4122/4122 4086/4086
f 4121/4121 4086/4086 4085/4085
f 4121/4121 4085/4085 4087/4087
f 4121/4121 4087/4087 4123/4123
f 4088/4088 4124/4124 4123/4123
f 4088/4088 4123/4123 4087/4087
f 4088/4088 4089/4089 4125/4125
f 4088/4088 4125/4125 4124/4124
f 4126/4126 4125/4125 4089/4089
f 4126/4126 4089/4089 4090/4090
f 4126/4126 4090/4090 4091/4091
f 4126/4126 4091/4091 4127/4127
f 4128/4128 4127/4127 4091/4091
f 4128/4128 4091/4091 4092/4092
f 4093/4093 4129/4129 4128/4128
f 4093/4093 4128/4128 4092/4092
f 4129/4129 4093/4093 4094/4094
f 4129/4129 4094/4094 4130/4130
f 4130/4130 4094/4094 4095/4095
f 4130/4130 4095/4095 4131/4131
f 4095/4095 4096/4096 4132/4132
f 4095/4095 4132/4132 4131/4131
f 4132/4132 4096/4096 4086/4086
f 4132/4132 4086/4086 4122/4122
f 4133/4133 4134/4134 4122/4122
f 4133/4133 4122/4122 4121/4121
f 4133/4133 4121/4121 4123/4123
f 4133/4133 4123/4123 4135/4135
f 4136/4136 4135/4135 4123/4123
f 4136/4136 4123/4123 4124/4124
f 4125/4125 4137/4137 4136/4136
f 4125/4125 4136/4136 4124/4124
f 4138/4138 4137/4137 4125/4125
f 4138/4138 4125/4125 4126/4126
f 4127/4127 4139/4139 4138/4138
f 4127/4127 4138/4138 4126/4126
f 4128/4128 4140/4140 4139/4139
f 4128/4128 4139/4139 4127/4127
f 4128/4128 4129/4129 4141/4141
f 4128/4128 4141/4141 4140/4140
f 4142/4142 4141/4141 4129/4129
f 4142/4142 4129/4129 4130/4130
f 4143/4143 4142/4142 4130/4130
f 4143/4143 4130/4130 4131/4131
f 4132/4132 4144/4144 4143/4143
f 4132/4132 4143/4143 4131/4131
f 4132/4132 4122/4122 4134/4134
f 4132/4132 4134/4134 4144/4144
f 4145/4145 4146/4146 4147/4147
f 4146/4146 4148/4148 4147/4147
f 4148/4148 4149/4149 4147/4147
f 4149/4149 4150/4150 4147/4147
f 4150/4150 4151/4151 4147/4147
f 4151/4151 4152/4152 4147/4147
f 4152/4152 4153/4153 4147/4147
f 4153/4153 4154/4154 4147/4147
f 4154/4154 4155/4155 4147/4147
f 4155/4155 4156/4156 4147/4147
f 4156/4156 4157/4157 4147/4147
f 4157/4157 4158/4158 4147/4147
f 4158/4158 4159/4159 4147/4147
f 4159/4159 4160/4160 4147/4147
f 4160/4160 4161/4161 4147/4147
f 4161/4161 4145/4145 4147/4147
f 4162/4162 4163/4163 4164/4164
f 4163/4163 4165/4165 4164/4164
f 4165/4165 4166/4166 4164/4164
f 4166/4166 4167/4167 4164/4164
f 4167/4167 4168/4168 4164/4164
f 4168/4168 4169/4169 4164/4164
f 4169/4169 4170/4170 4164/4164
f 4170/4170 4171/4171 4164/4164
f 4171/4171 4172/4172 4164/4164
f 4172/4172 4173/4173 4164/4164
f 4173/4173 4174/4174 4164/4164
f 4174/4174 4175/4175 4164/4164
f 4175/4175 4176/4176 4164/4164
f 4176/4176 4177/4177 4164/4164
f 4177/4177 4178/4178 4164/4164
f 4178/4178 4162/4162 4164/4164
f 4179/4179 4180/4180 4181/4181
f 4180/4180 4182/4182 4181/4181
f 4182/4182 4183/4183 4181/4181
f 4183/4183 4184/4184 4181/4181
f 4184/4184 4185/4185 4181/4181
f 4185/4185 4186/4186 4181/4181
f 4186/4186 4187/4187 4181/4181
f 4187/4187 4179/4179 4181/4181
f 4188/4188 4189/4189 4190/4190
f 4189/4189 4191/4191 4190/4190
f 4191/4191 4192/4192 4190/4190
f 4192/4192 4193/4193 4190/4190
f 4193/4193 4194/4194 4190/4190
f 4194/4194 4195/4195 4190/4190
f 4195/4195 4196/4196 4190/4190
f 4196/4196 4188/4188 4190/4190
f 4197/4197 4198/4198 4199/4199
f 4200/4200 4201/4201 4202/4202
f 4203/4203 4204/4204 4205/4205
f 4206/4206 4207/4207 4208/4208
f 4209/4209 4210/4210 4211/4211
f 4212/4212 4213/4213 4214/4214
f 4215/4215 4216/4216 4217/4217
f 4218/4218 4219/4219 4220/4220
f 4221/4221 4222/4222 4223/4223
f 4221/4221 4224/4224 4222/4222
f 4224/4224 4225/4225 4222/4222
f 4225/4225 4226/4226 4222/4222
f 4226/4226 4227/4227 4222/4222
f 4227/4227 4228/4228 4222/4222
f 4228/4228 4229/4229 4222/4222
f 4229/4229 4223/4223 4222/4222
f 4230/4230 4231/4231 4232/4232
f 4231/4231 4233/4233 4232/4232
f 4233/4233 4234/4234 4232/4232
f 4234/4234 4235/4235 4232/4232
f 4235/4235 4236/4236 4232/4232
f 4236/4236 4237/4237 4232/4232
f 4237/4237 4238/4238 4232/4232
f 4238/4238 4230/4230 4232/4232
f 4239/4239 4240/4240 4241/4241
f 4242/4242 4243/4243 4244/4244
f 4239/4239 4245/4245 4246/4246
f 4247/4247 4248/4248 4244/4244
f 4239/4239 4249/4249 4245/4245
f 4239/4239 4241/4241 4249/4249
f 4248/4248 4250/4250 4244/4244
f 4250/4250 4242/4242 4244/4244
f 4251/4251 4252/4252 4253/4253
f 4254/4254 4255/4255 4256/4256
f 4257/4257 4258/4258 4253/4253
f 4259/4259 4255/4255 4260/4260
f 4258/4258 4261/4261 4253/4253
f 4261/4261 4251/4251 4253/4253
f 4260/4260 4255/4255 4262/4262
f 4262/4262 4255/4255 4254/4254
f 4263/4263 4264/4264 4265/4265
f 4266/4266 4267/4267 4268/4268
f 4263/4263 4269/4269 4270/4270
f 4271/4271 4272/4272 4268/4268
f 4263/4263 4273/4273 4269/4269
f 4263/4263 4265/4265 4273/4273
f 4272/4272 4274/4274 4268/4268
f 4274/4274 4266/4266 4268/4268
f 4275/4275 4276/4276 4277/4277
f 4278/4278 4279/4279 4280/4280
f 4281/4281 4282/4282 4277/4277
f 4283/4283 4279/4279 4284/4284
f 4282/4282 4285/4285 4277/4277
f 4285/4285 4275/4275 4277/4277
f 4284/4284 4279/4279 4286/4286
f 4286/4286 4279/4279 4278/4278
f 4287/4287 4288/4288 4289/4289
f 4287/4287 4289/4289 4290/4290
f 4291/4291 4292/4292 4288/4288
f 4291/4291 4288/4288 4287/4287
f 4293/4293 4294/4294 4295/4295
f 4293/4293 4295/4295 4296/4296
f 4296/4296 4297/4297 4298/4298
f 4296/4296 4298/4298 4293/4293
f 4297/4297 4299/4299 4300/4300
f 4297/4297 4300/4300 4298/4298
f 4301/4301 4302/4302 4300/4300
f 4301/4301 4300/4300 4299/4299
f 4303/4303 4302/4302 4301/4301
f 4303/4303 4301/4301 4304/4304
f 4290/4290 4289/4289 4303/4303
f 4290/4290 4303/4303 4304/4304
f 4305/4305 4306/4306 4307/4307
f 4305/4305 4307/4307 4308/4308
f 4309/4309 4310/4310 4306/4306
f 4309/4309 4306/4306 4305/4305
f 4311/4311 4310/4310 4309/4309
f 4311/4311 4309/4309 4312/4312
f 4312/4312 4313/4313 4314/4314
f 4312/4312 4314/4314 4311/4311
f 4315/4315 4316/4316 4317/4317
f 4315/4315 4317/4317 4318/4318
f 4319/4319 4320/4320 4317/4317
f 4319/4319 4317/4317 4316/4316
f 4321/4321 4320/4320 4319/4319
f 4321/4321 4319/4319 4322/4322
f 4321/4321 4322/4322 4323/4323
f 4321/4321 4323/4323 4324/4324
f 4325/4325 4326/4326 4324/4324
f 4325/4325 4324/4324 4323/4323
f 4327/4327 4326/4326 4325/4325
f 4327/4327 4325/4325 4328/4328
f 4328/4328 4329/4329 4330/4330
f 4328/4328 4330/4330 4327/4327
f 4331/4331 4330/4330 4329/4329
f 4331/4331 4329/4329 4332/4332
f 4332/4332 4333/4333 4334/4334
f 4332/4332 4334/4334 4331/4331
f 4335/4335 4336/4336 4334/4334
f 4335/4335 4334/4334 4333/4333
f 4337/4337 4336/4336 4335/4335
f 4337/4337 4335/4335 4338/4338
f 4338/4338 4308/4308 4307/4307
f 4338/4338 4307/4307 4337/4337
f 4339/4339 4338/4338 4335/4335
f 4339/4339 4335/4335 4340/4340
f 4340/4340 4335/4335 4333/4333
f 4340/4340 4333/4333 4341/4341
f 4342/4342 4341/4341 4333/4333
f 4342/4342 4333/4333 4332/4332
f 4329/4329 4343/4343 4342/4342
f 4329/4329 4342/4342 4332/4332
f 4328/4328 4344/4344 4343/4343
f 4328/4328 4343/4343 4329/4329
f 4325/4325 4345/4345 4344/4344
f 4325/4325 4344/4344 4328/4328
f 4345/4345 4325/4325 4323/4323
f 4345/4345 4323/4323 4346/4346
f 4346/4346 4323/4323 4322/4322
f 4346/4346 4322/4322 4347/4347
f 4347/4347 4322/4322 4319/4319
f 4347/4347 4319/4319 4348/4348
f 4316/4316 4349/4349 4348/4348
f 4316/4316 4348/4348 4319/4319
f 4316/4316 4315/4315 4350/4350
f 4316/4316 4350/4350 4349/4349
f 4351/4351 4313/4313 4312/4312
f 4351/4351 4312/4312 4352/4352
f 4352/4352 4312/4312 4309/4309
f 4352/4352 4309/4309 4353/4353
f 4354/4354 4353/4353 4309/4309
f 4354/4354 4309/4309 4305/4305
f 4355/4355 4354/4354 4305/4305
f 4355/4355 4305/4305 4308/4308
f 4339/4339 4355/4355 4308/4308
f 4339/4339 4308/4308 4338/4338
f 4356/4356 4357/4357 4358/4358
f 4356/4356 4358/4358 4359/4359
f 4357/4357 4356/4356 4360/4360
f 4357/4357 4360/4360 4361/4361
f 4362/4362 4363/4363 4364/4364
f 4362/4362 4364/4364 4365/4365
f 4364/4364 4363/4363 4366/4366
f 4364/4364 4366/4366 4367/4367
f 4368/4368 4369/4369 4367/4367
f 4368/4368 4367/4367 4366/4366
f 4368/4368 4370/4370 4371/4371
f 4368/4368 4371/4371 4369/4369
f 4370/4370 4372/4372 4373/4373
f 4370/4370 4373/4373 4371/4371
f 4373/4373 4372/4372 4359/4359
f 4373/4373 4359/4359 4358/4358
f 4374/4374 4375/4375 4376/4376
f 4374/4374 4376/4376 4377/4377
f 4378/4378 4379/4379 4375/4375
f 4378/4378 4375/4375 4374/4374
f 4380/4380 4381/4381 4382/4382
f 4380/4380 4382/4382 4383/4383
f 4382/4382 4384/4384 4385/4385
f 4382/4382 4385/4385 4383/4383
f 4386/4386 4387/4387 4388/4388
f 4386/4386 4388/4388 4389/4389
f 4390/4390 4391/4391 4392/4392
f 4390/4390 4392/4392 4393/4393
f 4394/4394 4395/4395 4396/4396
f 4394/4394 4396/4396 4397/4397
f 4398/4398 4399/4399 4400/4400
f 4398/4398 4400/4400 4401/4401
f 4402/4402 4403/4403 4404/4404
f 4402/4402 4404/4404 4405/4405
f 4406/4406 4407/4407 4408/4408
f 4406/4406 4408/4408 4409/4409
f 4410/4410 4411/4411 4412/4412
f 4410/4410 4412/4412 4413/4413
f 4414/4414 4415/4415 4416/4416
f 4414/4414 4416/4416 4417/4417
f 4389/4389 4388/4388 4418/4418
f 4389/4389 4418/4418 4419/4419
f 4420/4420 4421/4421 4399/4399
f 4420/4420 4399/4399 4398/4398
f 4419/4419 4418/4418 4422/4422
f 4419/4419 4422/4422 4423/4423
f 4400/4400 4423/4423 4422/4422
f 4400/4400 4422/4422 4401/4401
f 4424/4424 4425/4425 4421/4421
f 4424/4424 4421/4421 4420/4420
f 4403/4403 4402/4402 4425/4425
f 4403/4403 4425/4425 4424/4424
f 4426/4426 4427/4427 4428/4428
f 4426/4426 4428/4428 4429/4429
f 4427/4427 4430/4430 4431/4431
f 4427/4427 4431/4431 4428/4428
f 4430/4430 4432/4432 4433/4433
f 4430/4430 4433/4433 4431/4431
f 4434/4434 4435/4435 4436/4436
f 4434/4434 4436/4436 4437/4437
f 4438/4438 4439/4439 4440/4440
f 4438/4438 4440/4440 4441/4441
f 4442/4442 4443/4443 4444/4444
f 4442/4442 4444/4444 4445/4445
f 4444/4444 4446/4446 4447/4447
f 4444/4444 4447/4447 4445/4445
f 4448/4448 4449/4449 4450/4450
f 4448/4448 4450/4450 4451/4451
f 4451/4451 4450/4450 4452/4452
f 4451/4451 4452/4452 4453/4453
f 4454/4454 4455/4455 4456/4456
f 4454/4454 4456/4456 4457/4457
f 4458/4458 4459/4459 4460/4460
f 4458/4458 4460/4460 4461/4461
f 4462/4462 4463/4463 4464/4464
f 4462/4462 4464/4464 4465/4465
f 4466/4466 4467/4467 4468/4468
f 4466/4466 4468/4468 4469/4469
f 4470/4470 4471/4471 4472/4472
f 4470/4470 4472/4472 4473/4473
f 4474/4474 4475/4475 4476/4476
f 4474/4474 4476/4476 4477/4477
f 4478/4478 4479/4479 4480/4480
f 4478/4478 4480/4480 4481/4481
f 4482/4482 4483/4483 4484/4484
f 4482/4482 4484/4484 4485/4485
f 4486/4486 4487/4487 4456/4456
f 4486/4486 4456/4456 4455/4455
f 4488/4488 4489/4489 4469/4469
f 4488/4488 4469/4469 4468/4468
f 4487/4487 4486/4486 4490/4490
f 4487/4487 4490/4490 4491/4491
f 4467/4467 4466/4466 4491/4491
f 4467/4467 4491/4491 4490/4490
f 4489/4489 4488/4488 4492/4492
f 4489/4489 4492/4492 4493/4493
f 4470/4470 4493/4493 4492/4492
f 4470/4470 4492/4492 4471/4471
f 4494/4494 4495/4495 4496/4496
f 4494/4494 4496/4496 4497/4497
f 4498/4498 4495/4495 4494/4494
f 4498/4498 4494/4494 4499/4499
f 4500/4500 4501/4501 4498/4498
f 4500/4500 4498/4498 4499/4499
f 4435/4435 4502/4502 4503/4503
f 4435/4435 4503/4503 4436/4436
f 4504/4504 4441/4441 4440/4440
f 4504/4504 4440/4440 4505/4505
f 4506/4506 4507/4507 4508/4508
f 4506/4506 4508/4508 4509/4509
f 4510/4510 4511/4511 4512/4512
f 4510/4510 4512/4512 4513/4513
f 4509/4509 4514/4514 4515/4515
f 4509/4509 4515/4515 4506/4506
f 4426/4426 4429/4429 4513/4513
f 4426/4426 4513/4513 4512/4512
f 4516/4516 4517/4517 4518/4518
f 4516/4516 4518/4518 4519/4519
f 4520/4520 4521/4521 4433/4433
f 4520/4520 4433/4433 4432/4432
f 4522/4522 4523/4523 4524/4524
f 4522/4522 4524/4524 4525/4525
f 4526/4526 4527/4527 4528/4528
f 4526/4526 4528/4528 4529/4529
f 4530/4530 4531/4531 4532/4532
f 4530/4530 4532/4532 4533/4533
f 4534/4534 4535/4535 4536/4536
f 4534/4534 4536/4536 4537/4537
f 4538/4538 4539/4539 4540/4540
f 4538/4538 4540/4540 4541/4541
f 4542/4542 4543/4543 4544/4544
f 4542/4542 4544/4544 4545/4545
f 4546/4546 4547/4547 4548/4548
f 4546/4546 4548/4548 4549/4549
f 4550/4550 4551/4551 4552/4552
f 4550/4550 4552/4552 4553/4553
f 4554/4554 4555/4555 4415/4415
f 4554/4554 4415/4415 4414/4414
f 4556/4556 4557/4557 4549/4549
f 4556/4556 4549/4549 4548/4548
f 4558/4558 4527/4527 4526/4526
f 4558/4558 4526/4526 4559/4559
f 4534/4534 4560/4560 4561/4561
f 4534/4534 4561/4561 4535/4535
f 4532/4532 4562/4562 4563/4563
f 4532/4532 4563/4563 4533/4533
f 4564/4564 4393/4393 4392/4392
f 4564/4564 4392/4392 4565/4565
f 4390/4390 4566/4566 4567/4567
f 4390/4390 4567/4567 4391/4391
f 4554/4554 4567/4567 4566/4566
f 4554/4554 4566/4566 4555/4555
f 4568/4568 4397/4397 4396/4396
f 4568/4568 4396/4396 4569/4569
f 4569/4569 4564/4564 4565/4565
f 4569/4569 4565/4565 4568/4568
f 4570/4570 4571/4571 4523/4523
f 4570/4570 4523/4523 4522/4522
f 4563/4563 4562/4562 4572/4572
f 4563/4563 4572/4572 4573/4573
f 4531/4531 4530/4530 4574/4574
f 4531/4531 4574/4574 4575/4575
f 4574/4574 4557/4557 4556/4556
f 4574/4574 4556/4556 4575/4575
f 4536/4536 4576/4576 4577/4577
f 4536/4536 4577/4577 4537/4537
f 4576/4576 4578/4578 4579/4579
f 4576/4576 4579/4579 4577/4577
f 4544/4544 4580/4580 4581/4581
f 4544/4544 4581/4581 4545/4545
f 4580/4580 4582/4582 4583/4583
f 4580/4580 4583/4583 4581/4581
f 4416/4416 4584/4584 4585/4585
f 4416/4416 4585/4585 4417/4417
f 4586/4586 4529/4529 4528/4528
f 4586/4586 4528/4528 4587/4587
f 4525/4525 4524/4524 4588/4588
f 4525/4525 4588/4588 4589/4589
f 4590/4590 4387/4387 4386/4386
f 4590/4590 4386/4386 4591/4591
f 4592/4592 4408/4408 4407/4407
f 4592/4592 4407/4407 4593/4593
f 4584/4584 4592/4592 4593/4593
f 4584/4584 4593/4593 4585/4585
f 4594/4594 4521/4521 4520/4520
f 4594/4594 4520/4520 4595/4595
f 4587/4587 4594/4594 4595/4595
f 4587/4587 4595/4595 4586/4586
f 4519/4519 4596/4596 4597/4597
f 4519/4519 4597/4597 4516/4516
f 4589/4589 4588/4588 4597/4597
f 4589/4589 4597/4597 4596/4596
f 4413/4413 4598/4598 4599/4599
f 4413/4413 4599/4599 4410/4410
f 4598/4598 4590/4590 4591/4591
f 4598/4598 4591/4591 4599/4599
f 4600/4600 4518/4518 4517/4517
f 4600/4600 4517/4517 4601/4601
f 4411/4411 4602/4602 4603/4603
f 4411/4411 4603/4603 4412/4412
f 4378/4378 4604/4604 4605/4605
f 4378/4378 4605/4605 4379/4379
f 4515/4515 4514/4514 4606/4606
f 4515/4515 4606/4606 4607/4607
f 4607/4607 4606/4606 4600/4600
f 4607/4607 4600/4600 4601/4601
f 4406/4406 4409/4409 4608/4608
f 4406/4406 4608/4608 4609/4609
f 4604/4604 4609/4609 4608/4608
f 4604/4604 4608/4608 4605/4605
f 4610/4610 4611/4611 4385/4385
f 4610/4610 4385/4385 4384/4384
f 4603/4603 4602/4602 4611/4611
f 4603/4603 4611/4611 4610/4610
f 4546/4546 4539/4539 4538/4538
f 4546/4546 4538/4538 4547/4547
f 4394/4394 4434/4434 4437/4437
f 4394/4394 4437/4437 4395/4395
f 4405/4405 4404/4404 4439/4439
f 4405/4405 4439/4439 4438/4438
f 4553/4553 4543/4543 4542/4542
f 4553/4553 4542/4542 4550/4550
f 4612/4612 4613/4613 4614/4614
f 4612/4612 4614/4614 4615/4615
f 4616/4616 4617/4617 4618/4618
f 4616/4616 4618/4618 4619/4619
f 4615/4615 4614/4614 4620/4620
f 4615/4615 4620/4620 4621/4621
f 4617/4617 4616/4616 4497/4497
f 4617/4617 4497/4497 4496/4496
f 4622/4622 4623/4623 4624/4624
f 4622/4622 4624/4624 4625/4625
f 4626/4626 4627/4627 4628/4628
f 4626/4626 4628/4628 4629/4629
f 4630/4630 4631/4631 4632/4632
f 4630/4630 4632/4632 4633/4633
f 4634/4634 4635/4635 4636/4636
f 4634/4634 4636/4636 4637/4637
f 4638/4638 4639/4639 4640/4640
f 4638/4638 4640/4640 4641/4641
f 4642/4642 4501/4501 4500/4500
f 4642/4642 4500/4500 4643/4643
f 4644/4644 4645/4645 4646/4646
f 4644/4644 4646/4646 4647/4647
f 4648/4648 4649/4649 4650/4650
f 4648/4648 4650/4650 4651/4651
f 4652/4652 4483/4483 4482/4482
f 4652/4652 4482/4482 4653/4653
f 4459/4459 4654/4654 4655/4655
f 4459/4459 4655/4655 4460/4460
f 4651/4651 4650/4650 4656/4656
f 4651/4651 4656/4656 4657/4657
f 4658/4658 4623/4623 4622/4622
f 4658/4658 4622/4622 4659/4659
f 4626/4626 4660/4660 4661/4661
f 4626/4626 4661/4661 4627/4627
f 4662/4662 4632/4632 4631/4631
f 4662/4662 4631/4631 4663/4663
f 4653/4653 4664/4664 4665/4665
f 4653/4653 4665/4665 4652/4652
f 4665/4665 4664/4664 4458/4458
f 4665/4665 4458/4458 4461/4461
f 4655/4655 4654/4654 4666/4666
f 4655/4655 4666/4666 4667/4667
f 4463/4463 4462/4462 4667/4667
f 4463/4463 4667/4667 4666/4666
f 4668/4668 4669/4669 4670/4670
f 4668/4668 4670/4670 4671/4671
f 4672/4672 4673/4673 4674/4674
f 4672/4672 4674/4674 4675/4675
f 4628/4628 4668/4668 4671/4671
f 4628/4628 4671/4671 4629/4629
f 4633/4633 4675/4675 4674/4674
f 4633/4633 4674/4674 4630/4630
f 4676/4676 4677/4677 4678/4678
f 4676/4676 4678/4678 4679/4679
f 4662/4662 4663/4663 4680/4680
f 4662/4662 4680/4680 4681/4681
f 4634/4634 4677/4677 4676/4676
f 4634/4634 4676/4676 4635/4635
f 4681/4681 4680/4680 4638/4638
f 4681/4681 4638/4638 4641/4641
f 4477/4477 4476/4476 4682/4682
f 4477/4477 4682/4682 4683/4683
f 4684/4684 4685/4685 4642/4642
f 4684/4684 4642/4642 4643/4643
f 4686/4686 4481/4481 4480/4480
f 4686/4686 4480/4480 4687/4687
f 4688/4688 4689/4689 4647/4647
f 4688/4688 4647/4647 4646/4646
f 4683/4683 4682/4682 4690/4690
f 4683/4683 4690/4690 4691/4691
f 4692/4692 4693/4693 4685/4685
f 4692/4692 4685/4685 4684/4684
f 4691/4691 4690/4690 4485/4485
f 4691/4691 4485/4485 4484/4484
f 4648/4648 4693/4693 4692/4692
f 4648/4648 4692/4692 4649/4649
f 4694/4694 4695/4695 4686/4686
f 4694/4694 4686/4686 4687/4687
f 4696/4696 4697/4697 4689/4689
f 4696/4696 4689/4689 4688/4688
f 4457/4457 4695/4695 4694/4694
f 4457/4457 4694/4694 4454/4454
f 4624/4624 4697/4697 4696/4696
f 4624/4624 4696/4696 4625/4625
f 4446/4446 4698/4698 4699/4699
f 4446/4446 4699/4699 4447/4447
f 4700/4700 4701/4701 4453/4453
f 4700/4700 4453/4453 4452/4452
f 4620/4620 4702/4702 4703/4703
f 4620/4620 4703/4703 4621/4621
f 4699/4699 4698/4698 4704/4704
f 4699/4699 4704/4704 4705/4705
f 4705/4705 4704/4704 4475/4475
f 4705/4705 4475/4475 4474/4474
f 4706/4706 4701/4701 4700/4700
f 4706/4706 4700/4700 4707/4707
f 4703/4703 4702/4702 4708/4708
f 4703/4703 4708/4708 4709/4709
f 4707/4707 4479/4479 4478/4478
f 4707/4707 4478/4478 4706/4706
f 4708/4708 4645/4645 4644/4644
f 4708/4708 4644/4644 4709/4709
f 4710/4710 4640/4640 4639/4639
f 4710/4710 4639/4639 4711/4711
f 4465/4465 4464/4464 4503/4503
f 4465/4465 4503/4503 4502/4502
f 4712/4712 4713/4713 4637/4637
f 4712/4712 4637/4637 4636/4636
f 4505/4505 4473/4473 4472/4472
f 4505/4505 4472/4472 4504/4504
f 4713/4713 4712/4712 4552/4552
f 4713/4713 4552/4552 4551/4551
f 4711/4711 4541/4541 4540/4540
f 4711/4711 4540/4540 4710/4710
f 4613/4613 4612/4612 4714/4714
f 4613/4613 4714/4714 4715/4715
f 4442/4442 4377/4377 4376/4376
f 4442/4442 4376/4376 4443/4443
f 4381/4381 4380/4380 4449/4449
f 4381/4381 4449/4449 4448/4448
f 4716/4716 4619/4619 4618/4618
f 4716/4716 4618/4618 4717/4717
f 4202/4202 4718/4718 4719/4719
f 4202/4202 4719/4719 4200/4200
f 4206/4206 4208/4208 4720/4720
f 4206/4206 4720/4720 4721/4721
f 4722/4722 4203/4203 4205/4205
f 4722/4722 4205/4205 4723/4723
f 4724/4724 4725/4725 4726/4726
f 4724/4724 4726/4726 4727/4727
f 4728/4728 4729/4729 4730/4730
f 4728/4728 4730/4730 4731/4731
f 4725/4725 4724/4724 4732/4732
f 4725/4725 4732/4732 4733/4733
f 4734/4734 4735/4735 4736/4736
f 4734/4734 4736/4736 4737/4737
f 4738/4738 4739/4739 4740/4740
f 4738/4738 4740/4740 4741/4741
f 4742/4742 4737/4737 4736/4736
f 4742/4742 4736/4736 4743/4743
f 4744/4744 4719/4719 4718/4718
f 4744/4744 4718/4718 4745/4745
f 4746/4746 4721/4721 4720/4720
f 4746/4746 4720/4720 4747/4747
f 4731/4731 4748/4748 4749/4749
f 4731/4731 4749/4749 4728/4728
f 4750/4750 4751/4751 4733/4733
f 4750/4750 4733/4733 4732/4732
f 4752/4752 4753/4753 4754/4754
f 4752/4752 4754/4754 4755/4755
f 4722/4722 4723/4723 4756/4756
f 4722/4722 4756/4756 4757/4757
f 4758/4758 4741/4741 4740/4740
f 4758/4758 4740/4740 4759/4759
f 4734/4734 4760/4760 4761/4761
f 4734/4734 4761/4761 4735/4735
f 4726/4726 4730/4730 4729/4729
f 4726/4726 4729/4729 4727/4727
f 4739/4739 4738/4738 4742/4742
f 4739/4739 4742/4742 4743/4743
f 4745/4745 4754/4754 4753/4753
f 4745/4745 4753/4753 4744/4744
f 4746/4746 4747/4747 4757/4757
f 4746/4746 4757/4757 4756/4756
f 4762/4762 4749/4749 4748/4748
f 4762/4762 4748/4748 4763/4763
f 4751/4751 4750/4750 4761/4761
f 4751/4751 4761/4761 4760/4760
f 4755/4755 4198/4198 4197/4197
f 4755/4755 4197/4197 4752/4752
f 4213/4213 4212/4212 4764/4764
f 4213/4213 4764/4764 4765/4765
f 4218/4218 4766/4766 4767/4767
f 4218/4218 4767/4767 4219/4219
f 4768/4768 4769/4769 4216/4216
f 4768/4768 4216/4216 4215/4215
f 4770/4770 4771/4771 4772/4772
f 4770/4770 4772/4772 4773/4773
f 4774/4774 4775/4775 4776/4776
f 4774/4774 4776/4776 4777/4777
f 4773/4773 4778/4778 4779/4779
f 4773/4773 4779/4779 4770/4770
f 4780/4780 4781/4781 4782/4782
f 4780/4780 4782/4782 4783/4783
f 4784/4784 4785/4785 4786/4786
f 4784/4784 4786/4786 4787/4787
f 4788/4788 4789/4789 4782/4782
f 4788/4788 4782/4782 4781/4781
f 4790/4790 4791/4791 4765/4765
f 4790/4790 4765/4765 4764/4764
f 4792/4792 4793/4793 4767/4767
f 4792/4792 4767/4767 4766/4766
f 4775/4775 4774/4774 4794/4794
f 4775/4775 4794/4794 4795/4795
f 4796/4796 4779/4779 4778/4778
f 4796/4796 4778/4778 4797/4797
f 4798/4798 4799/4799 4800/4800
f 4798/4798 4800/4800 4801/4801
f 4768/4768 4802/4802 4803/4803
f 4768/4768 4803/4803 4769/4769
f 4804/4804 4805/4805 4786/4786
f 4804/4804 4786/4786 4785/4785
f 4780/4780 4783/4783 4806/4806
f 4780/4780 4806/4806 4807/4807
f 4772/4772 4771/4771 4777/4777
f 4772/4772 4777/4777 4776/4776
f 4787/4787 4789/4789 4788/4788
f 4787/4787 4788/4788 4784/4784
f 4791/4791 4790/4790 4801/4801
f 4791/4791 4801/4801 4800/4800
f 4792/4792 4803/4803 4802/4802
f 4792/4792 4802/4802 4793/4793
f 4808/4808 4809/4809 4795/4795
f 4808/4808 4795/4795 4794/4794
f 4797/4797 4807/4807 4806/4806
f 4797/4797 4806/4806 4796/4796
f 4799/4799 4798/4798 4209/4209
f 4799/4799 4209/4209 4211/4211
f 4810/4810 4811/4811 4812/4812
f 4810/4810 4812/4812 4813/4813
f 4811/4811 4810/4810 4814/4814
f 4811/4811 4814/4814 4815/4815
f 4816/4816 4817/4817 4818/4818
f 4816/4816 4818/4818 4819/4819
f 4818/4818 4817/4817 4820/4820
f 4818/4818 4820/4820 4821/4821
f 4822/4822 4823/4823 4821/4821
f 4822/4822 4821/4821 4820/4820
f 4822/4822 4824/4824 4825/4825
f 4822/4822 4825/4825 4823/4823
f 4824/4824 4826/4826 4827/4827
f 4824/4824 4827/4827 4825/4825
f 4827/4827 4826/4826 4813/4813
f 4827/4827 4813/4813 4812/4812
f 4828/4828 4239/4239 4246/4246
f 4828/4828 4246/4246 4829/4829
f 4830/4830 4831/4831 4832/4832
f 4830/4830 4832/4832 4833/4833
f 4834/4834 4835/4835 4836/4836
f 4834/4834 4836/4836 4837/4837
f 4834/4834 4837/4837 4838/4838
f 4834/4834 4838/4838 4839/4839
f 4840/4840 4247/4247 4244/4244
f 4840/4840 4244/4244 4841/4841
f 4842/4842 4843/4843 4830/4830
f 4842/4842 4830/4830 4833/4833
f 4844/4844 4839/4839 4838/4838
f 4844/4844 4838/4838 4845/4845
f 4846/4846 4844/4844 4845/4845
f 4846/4846 4845/4845 4847/4847
f 4847/4847 4843/4843 4842/4842
f 4847/4847 4842/4842 4846/4846
f 4848/4848 4849/4849 4257/4257
f 4848/4848 4257/4257 4253/4253
f 4850/4850 4851/4851 4852/4852
f 4850/4850 4852/4852 4853/4853
f 4854/4854 4855/4855 4856/4856
f 4854/4854 4856/4856 4857/4857
f 4858/4858 4859/4859 4860/4860
f 4858/4858 4860/4860 4861/4861
f 4859/4859 4858/4858 4862/4862
f 4859/4859 4862/4862 4863/4863
f 4864/4864 4255/4255 4259/4259
f 4864/4864 4259/4259 4865/4865
f 4848/4848 4253/4253 4239/4239
f 4848/4848 4239/4239 4828/4828
f 4866/4866 4867/4867 4868/4868
f 4866/4866 4868/4868 4869/4869
f 4851/4851 4850/4850 4870/4870
f 4851/4851 4870/4870 4871/4871
f 4864/4864 4841/4841 4244/4244
f 4864/4864 4244/4244 4255/4255
f 4862/4862 4872/4872 4873/4873
f 4862/4862 4873/4873 4863/4863
f 4872/4872 4874/4874 4875/4875
f 4872/4872 4875/4875 4873/4873
f 4875/4875 4874/4874 4871/4871
f 4875/4875 4871/4871 4870/4870
f 4876/4876 4263/4263 4270/4270
f 4876/4876 4270/4270 4877/4877
f 4878/4878 4879/4879 4880/4880
f 4878/4878 4880/4880 4881/4881
f 4882/4882 4883/4883 4884/4884
f 4882/4882 4884/4884 4885/4885
f 4886/4886 4887/4887 4888/4888
f 4886/4886 4888/4888 4889/4889
f 4890/4890 4891/4891 4892/4892
f 4890/4890 4892/4892 4893/4893
f 4894/4894 4892/4892 4891/4891
f 4894/4894 4891/4891 4895/4895
f 4896/4896 4897/4897 4898/4898
f 4896/4896 4898/4898 4899/4899
f 4271/4271 4268/4268 4900/4900
f 4271/4271 4900/4900 4901/4901
f 4902/4902 4903/4903 4904/4904
f 4902/4902 4904/4904 4905/4905
f 4263/4263 4876/4876 4878/4878
f 4263/4263 4878/4878 4881/4881
f 4886/4886 4906/4906 4907/4907
f 4886/4886 4907/4907 4887/4887
f 4908/4908 4896/4896 4899/4899
f 4908/4908 4899/4899 4909/4909
f 4902/4902 4900/4900 4268/4268
f 4902/4902 4268/4268 4903/4903
f 4882/4882 4885/4885 4910/4910
f 4882/4882 4910/4910 4911/4911
f 4894/4894 4895/4895 4912/4912
f 4894/4894 4912/4912 4913/4913
f 4914/4914 4913/4913 4912/4912
f 4914/4914 4912/4912 4915/4915
f 4915/4915 4911/4911 4910/4910
f 4915/4915 4910/4910 4914/4914
f 4916/4916 4281/4281 4277/4277
f 4916/4916 4277/4277 4917/4917
f 4918/4918 4919/4919 4920/4920
f 4918/4918 4920/4920 4921/4921
f 4922/4922 4923/4923 4924/4924
f 4922/4922 4924/4924 4925/4925
f 4926/4926 4927/4927 4928/4928
f 4926/4926 4928/4928 4929/4929
f 4930/4930 4931/4931 4898/4898
f 4930/4930 4898/4898 4897/4897
f 4932/4932 4933/4933 4934/4934
f 4932/4932 4934/4934 4935/4935
f 4935/4935 4936/4936 4937/4937
f 4935/4935 4937/4937 4932/4932
f 4879/4879 4919/4919 4918/4918
f 4879/4879 4918/4918 4880/4880
f 4929/4929 4889/4889 4888/4888
f 4929/4929 4888/4888 4926/4926
f 4938/4938 4939/4939 4931/4931
f 4938/4938 4931/4931 4930/4930
f 4940/4940 4279/4279 4283/4283
f 4940/4940 4283/4283 4941/4941
f 4942/4942 4943/4943 4944/4944
f 4942/4942 4944/4944 4945/4945
f 4917/4917 4277/4277 4921/4921
f 4917/4917 4921/4921 4920/4920
f 4928/4928 4927/4927 4946/4946
f 4928/4928 4946/4946 4947/4947
f 4938/4938 4948/4948 4949/4949
f 4938/4938 4949/4949 4939/4939
f 4942/4942 4279/4279 4940/4940
f 4942/4942 4940/4940 4943/4943
f 4925/4925 4950/4950 4951/4951
f 4925/4925 4951/4951 4922/4922
f 4944/4944 4905/4905 4904/4904
f 4944/4944 4904/4904 4945/4945
f 4952/4952 4953/4953 4937/4937
f 4952/4952 4937/4937 4936/4936
f 4954/4954 4955/4955 4953/4953
f 4954/4954 4953/4953 4952/4952
f 4954/4954 4951/4951 4950/4950
f 4954/4954 4950/4950 4955/4955

